// Code generated by internal/gen/unicode from UCD 17.0.0. DO NOT EDIT.
//
// Each range table is a flat array of pairs: the first code point of a
// range, then its last code point shifted left eight with the value in
// the low byte. Searched by bisection on the first of each pair.
#pragma once

#include "vertex/abi.h"

namespace vertex::ucd {

inline constexpr u32 graphemePropertiesCount = 3262;
static const u32 graphemeProperties[3262] = {
  0x0, 0x903, 0xA, 0xA02, 0xB, 0xC03, 0xD, 0xD01,
  0xE, 0x1F03, 0x7F, 0x9F03, 0xA9, 0xA910, 0xAD, 0xAD03,
  0xAE, 0xAE10, 0x300, 0x36F44, 0x483, 0x48944, 0x591, 0x5BD44,
  0x5BF, 0x5BF44, 0x5C1, 0x5C244, 0x5C4, 0x5C544, 0x5C7, 0x5C744,
  0x600, 0x60507, 0x610, 0x61A44, 0x61C, 0x61C03, 0x64B, 0x65F44,
  0x670, 0x67044, 0x6D6, 0x6DC44, 0x6DD, 0x6DD07, 0x6DF, 0x6E444,
  0x6E7, 0x6E844, 0x6EA, 0x6ED44, 0x70F, 0x70F07, 0x711, 0x71144,
  0x730, 0x74A44, 0x7A6, 0x7B044, 0x7EB, 0x7F344, 0x7FD, 0x7FD44,
  0x816, 0x81944, 0x81B, 0x82344, 0x825, 0x82744, 0x829, 0x82D44,
  0x859, 0x85B44, 0x890, 0x89107, 0x897, 0x89F44, 0x8CA, 0x8E144,
  0x8E2, 0x8E207, 0x8E3, 0x90244, 0x903, 0x90308, 0x915, 0x93920,
  0x93A, 0x93A44, 0x93B, 0x93B08, 0x93C, 0x93C44, 0x93E, 0x94008,
  0x941, 0x94844, 0x949, 0x94C08, 0x94D, 0x94D64, 0x94E, 0x94F08,
  0x951, 0x95744, 0x958, 0x95F20, 0x962, 0x96344, 0x978, 0x97F20,
  0x981, 0x98144, 0x982, 0x98308, 0x995, 0x9A820, 0x9AA, 0x9B020,
  0x9B2, 0x9B220, 0x9B6, 0x9B920, 0x9BC, 0x9BC44, 0x9BE, 0x9BE44,
  0x9BF, 0x9C008, 0x9C1, 0x9C444, 0x9C7, 0x9C808, 0x9CB, 0x9CC08,
  0x9CD, 0x9CD64, 0x9D7, 0x9D744, 0x9DC, 0x9DD20, 0x9DF, 0x9DF20,
  0x9E2, 0x9E344, 0x9F0, 0x9F120, 0x9FE, 0x9FE44, 0xA01, 0xA0244,
  0xA03, 0xA0308, 0xA3C, 0xA3C44, 0xA3E, 0xA4008, 0xA41, 0xA4244,
  0xA47, 0xA4844, 0xA4B, 0xA4D44, 0xA51, 0xA5144, 0xA70, 0xA7144,
  0xA75, 0xA7544, 0xA81, 0xA8244, 0xA83, 0xA8308, 0xA95, 0xAA820,
  0xAAA, 0xAB020, 0xAB2, 0xAB320, 0xAB5, 0xAB920, 0xABC, 0xABC44,
  0xABE, 0xAC008, 0xAC1, 0xAC544, 0xAC7, 0xAC844, 0xAC9, 0xAC908,
  0xACB, 0xACC08, 0xACD, 0xACD64, 0xAE2, 0xAE344, 0xAF9, 0xAF920,
  0xAFA, 0xAFF44, 0xB01, 0xB0144, 0xB02, 0xB0308, 0xB15, 0xB2820,
  0xB2A, 0xB3020, 0xB32, 0xB3320, 0xB35, 0xB3920, 0xB3C, 0xB3C44,
  0xB3E, 0xB3F44, 0xB40, 0xB4008, 0xB41, 0xB4444, 0xB47, 0xB4808,
  0xB4B, 0xB4C08, 0xB4D, 0xB4D64, 0xB55, 0xB5744, 0xB5C, 0xB5D20,
  0xB5F, 0xB5F20, 0xB62, 0xB6344, 0xB71, 0xB7120, 0xB82, 0xB8244,
  0xBBE, 0xBBE44, 0xBBF, 0xBBF08, 0xBC0, 0xBC044, 0xBC1, 0xBC208,
  0xBC6, 0xBC808, 0xBCA, 0xBCC08, 0xBCD, 0xBCD44, 0xBD7, 0xBD744,
  0xC00, 0xC0044, 0xC01, 0xC0308, 0xC04, 0xC0444, 0xC15, 0xC2820,
  0xC2A, 0xC3920, 0xC3C, 0xC3C44, 0xC3E, 0xC4044, 0xC41, 0xC4408,
  0xC46, 0xC4844, 0xC4A, 0xC4C44, 0xC4D, 0xC4D64, 0xC55, 0xC5644,
  0xC58, 0xC5A20, 0xC62, 0xC6344, 0xC81, 0xC8144, 0xC82, 0xC8308,
  0xCBC, 0xCBC44, 0xCBE, 0xCBE08, 0xCBF, 0xCC044, 0xCC1, 0xCC108,
  0xCC2, 0xCC244, 0xCC3, 0xCC408, 0xCC6, 0xCC844, 0xCCA, 0xCCD44,
  0xCD5, 0xCD644, 0xCE2, 0xCE344, 0xCF3, 0xCF308, 0xD00, 0xD0144,
  0xD02, 0xD0308, 0xD15, 0xD3A20, 0xD3B, 0xD3C44, 0xD3E, 0xD3E44,
  0xD3F, 0xD4008, 0xD41, 0xD4444, 0xD46, 0xD4808, 0xD4A, 0xD4C08,
  0xD4D, 0xD4D64, 0xD4E, 0xD4E07, 0xD57, 0xD5744, 0xD62, 0xD6344,
  0xD81, 0xD8144, 0xD82, 0xD8308, 0xDCA, 0xDCA44, 0xDCF, 0xDCF44,
  0xDD0, 0xDD108, 0xDD2, 0xDD444, 0xDD6, 0xDD644, 0xDD8, 0xDDE08,
  0xDDF, 0xDDF44, 0xDF2, 0xDF308, 0xE31, 0xE3144, 0xE33, 0xE3308,
  0xE34, 0xE3A44, 0xE47, 0xE4E44, 0xEB1, 0xEB144, 0xEB3, 0xEB308,
  0xEB4, 0xEBC44, 0xEC8, 0xECE44, 0xF18, 0xF1944, 0xF35, 0xF3544,
  0xF37, 0xF3744, 0xF39, 0xF3944, 0xF3E, 0xF3F08, 0xF71, 0xF7E44,
  0xF7F, 0xF7F08, 0xF80, 0xF8444, 0xF86, 0xF8744, 0xF8D, 0xF9744,
  0xF99, 0xFBC44, 0xFC6, 0xFC644, 0x1000, 0x102A20, 0x102D, 0x103044,
  0x1031, 0x103108, 0x1032, 0x103744, 0x1039, 0x103964, 0x103A, 0x103A44,
  0x103B, 0x103C08, 0x103D, 0x103E44, 0x103F, 0x103F20, 0x1050, 0x105520,
  0x1056, 0x105708, 0x1058, 0x105944, 0x105A, 0x105D20, 0x105E, 0x106044,
  0x1061, 0x106120, 0x1065, 0x106620, 0x106E, 0x107020, 0x1071, 0x107444,
  0x1075, 0x108120, 0x1082, 0x108244, 0x1084, 0x108408, 0x1085, 0x108644,
  0x108D, 0x108D44, 0x108E, 0x108E20, 0x109D, 0x109D44, 0x1100, 0x115F09,
  0x1160, 0x11A70A, 0x11A8, 0x11FF0B, 0x135D, 0x135F44, 0x1712, 0x171544,
  0x1732, 0x173444, 0x1752, 0x175344, 0x1772, 0x177344, 0x1780, 0x17B320,
  0x17B4, 0x17B544, 0x17B6, 0x17B608, 0x17B7, 0x17BD44, 0x17BE, 0x17C508,
  0x17C6, 0x17C644, 0x17C7, 0x17C808, 0x17C9, 0x17D144, 0x17D2, 0x17D264,
  0x17D3, 0x17D344, 0x17DD, 0x17DD44, 0x180B, 0x180D44, 0x180E, 0x180E03,
  0x180F, 0x180F44, 0x1885, 0x188644, 0x18A9, 0x18A944, 0x1920, 0x192244,
  0x1923, 0x192608, 0x1927, 0x192844, 0x1929, 0x192B08, 0x1930, 0x193108,
  0x1932, 0x193244, 0x1933, 0x193808, 0x1939, 0x193B44, 0x1A17, 0x1A1844,
  0x1A19, 0x1A1A08, 0x1A1B, 0x1A1B44, 0x1A20, 0x1A5420, 0x1A55, 0x1A5508,
  0x1A56, 0x1A5644, 0x1A57, 0x1A5708, 0x1A58, 0x1A5E44, 0x1A60, 0x1A6064,
  0x1A62, 0x1A6244, 0x1A65, 0x1A6C44, 0x1A6D, 0x1A7208, 0x1A73, 0x1A7C44,
  0x1A7F, 0x1A7F44, 0x1AB0, 0x1ADD44, 0x1AE0, 0x1AEB44, 0x1B00, 0x1B0344,
  0x1B04, 0x1B0408, 0x1B0B, 0x1B0C20, 0x1B13, 0x1B3320, 0x1B34, 0x1B3D44,
  0x1B3E, 0x1B4108, 0x1B42, 0x1B4344, 0x1B44, 0x1B4464, 0x1B45, 0x1B4C20,
  0x1B6B, 0x1B7344, 0x1B80, 0x1B8144, 0x1B82, 0x1B8208, 0x1B83, 0x1BA020,
  0x1BA1, 0x1BA108, 0x1BA2, 0x1BA544, 0x1BA6, 0x1BA708, 0x1BA8, 0x1BAA44,
  0x1BAB, 0x1BAB64, 0x1BAC, 0x1BAD44, 0x1BAE, 0x1BAF20, 0x1BBB, 0x1BBD20,
  0x1BE6, 0x1BE644, 0x1BE7, 0x1BE708, 0x1BE8, 0x1BE944, 0x1BEA, 0x1BEC08,
  0x1BED, 0x1BED44, 0x1BEE, 0x1BEE08, 0x1BEF, 0x1BF344, 0x1C24, 0x1C2B08,
  0x1C2C, 0x1C3344, 0x1C34, 0x1C3508, 0x1C36, 0x1C3744, 0x1CD0, 0x1CD244,
  0x1CD4, 0x1CE044, 0x1CE1, 0x1CE108, 0x1CE2, 0x1CE844, 0x1CED, 0x1CED44,
  0x1CF4, 0x1CF444, 0x1CF7, 0x1CF708, 0x1CF8, 0x1CF944, 0x1DC0, 0x1DFF44,
  0x200B, 0x200B03, 0x200C, 0x200C04, 0x200D, 0x200D45, 0x200E, 0x200F03,
  0x2028, 0x202E03, 0x203C, 0x203C10, 0x2049, 0x204910, 0x2060, 0x206F03,
  0x20D0, 0x20F044, 0x2122, 0x212210, 0x2139, 0x213910, 0x2194, 0x219910,
  0x21A9, 0x21AA10, 0x231A, 0x231B10, 0x2328, 0x232810, 0x23CF, 0x23CF10,
  0x23E9, 0x23F310, 0x23F8, 0x23FA10, 0x24C2, 0x24C210, 0x25AA, 0x25AB10,
  0x25B6, 0x25B610, 0x25C0, 0x25C010, 0x25FB, 0x25FE10, 0x2600, 0x260410,
  0x260E, 0x260E10, 0x2611, 0x261110, 0x2614, 0x261510, 0x2618, 0x261810,
  0x261D, 0x261D10, 0x2620, 0x262010, 0x2622, 0x262310, 0x2626, 0x262610,
  0x262A, 0x262A10, 0x262E, 0x262F10, 0x2638, 0x263A10, 0x2640, 0x264010,
  0x2642, 0x264210, 0x2648, 0x265310, 0x265F, 0x266010, 0x2663, 0x266310,
  0x2665, 0x266610, 0x2668, 0x266810, 0x267B, 0x267B10, 0x267E, 0x267F10,
  0x2692, 0x269710, 0x2699, 0x269910, 0x269B, 0x269C10, 0x26A0, 0x26A110,
  0x26A7, 0x26A710, 0x26AA, 0x26AB10, 0x26B0, 0x26B110, 0x26BD, 0x26BE10,
  0x26C4, 0x26C510, 0x26C8, 0x26C810, 0x26CE, 0x26CF10, 0x26D1, 0x26D110,
  0x26D3, 0x26D410, 0x26E9, 0x26EA10, 0x26F0, 0x26F510, 0x26F7, 0x26FA10,
  0x26FD, 0x26FD10, 0x2702, 0x270210, 0x2705, 0x270510, 0x2708, 0x270D10,
  0x270F, 0x270F10, 0x2712, 0x271210, 0x2714, 0x271410, 0x2716, 0x271610,
  0x271D, 0x271D10, 0x2721, 0x272110, 0x2728, 0x272810, 0x2733, 0x273410,
  0x2744, 0x274410, 0x2747, 0x274710, 0x274C, 0x274C10, 0x274E, 0x274E10,
  0x2753, 0x275510, 0x2757, 0x275710, 0x2763, 0x276410, 0x2795, 0x279710,
  0x27A1, 0x27A110, 0x27B0, 0x27B010, 0x27BF, 0x27BF10, 0x2934, 0x293510,
  0x2B05, 0x2B0710, 0x2B1B, 0x2B1C10, 0x2B50, 0x2B5010, 0x2B55, 0x2B5510,
  0x2CEF, 0x2CF144, 0x2D7F, 0x2D7F44, 0x2DE0, 0x2DFF44, 0x302A, 0x302F44,
  0x3030, 0x303010, 0x303D, 0x303D10, 0x3099, 0x309A44, 0x3297, 0x329710,
  0x3299, 0x329910, 0xA66F, 0xA67244, 0xA674, 0xA67D44, 0xA69E, 0xA69F44,
  0xA6F0, 0xA6F144, 0xA802, 0xA80244, 0xA806, 0xA80644, 0xA80B, 0xA80B44,
  0xA823, 0xA82408, 0xA825, 0xA82644, 0xA827, 0xA82708, 0xA82C, 0xA82C44,
  0xA880, 0xA88108, 0xA8B4, 0xA8C308, 0xA8C4, 0xA8C544, 0xA8E0, 0xA8F144,
  0xA8FF, 0xA8FF44, 0xA926, 0xA92D44, 0xA947, 0xA95144, 0xA952, 0xA95208,
  0xA953, 0xA95344, 0xA960, 0xA97C09, 0xA980, 0xA98244, 0xA983, 0xA98308,
  0xA989, 0xA98B20, 0xA98F, 0xA9B220, 0xA9B3, 0xA9B344, 0xA9B4, 0xA9B508,
  0xA9B6, 0xA9B944, 0xA9BA, 0xA9BB08, 0xA9BC, 0xA9BD44, 0xA9BE, 0xA9BF08,
  0xA9C0, 0xA9C064, 0xA9E0, 0xA9E420, 0xA9E5, 0xA9E544, 0xA9E7, 0xA9EF20,
  0xA9FA, 0xA9FE20, 0xAA29, 0xAA2E44, 0xAA2F, 0xAA3008, 0xAA31, 0xAA3244,
  0xAA33, 0xAA3408, 0xAA35, 0xAA3644, 0xAA43, 0xAA4344, 0xAA4C, 0xAA4C44,
  0xAA4D, 0xAA4D08, 0xAA60, 0xAA6F20, 0xAA71, 0xAA7320, 0xAA7A, 0xAA7A20,
  0xAA7C, 0xAA7C44, 0xAA7E, 0xAA7F20, 0xAAB0, 0xAAB044, 0xAAB2, 0xAAB444,
  0xAAB7, 0xAAB844, 0xAABE, 0xAABF44, 0xAAC1, 0xAAC144, 0xAAE0, 0xAAEA20,
  0xAAEB, 0xAAEB08, 0xAAEC, 0xAAED44, 0xAAEE, 0xAAEF08, 0xAAF5, 0xAAF508,
  0xAAF6, 0xAAF664, 0xABC0, 0xABDA20, 0xABE3, 0xABE408, 0xABE5, 0xABE544,
  0xABE6, 0xABE708, 0xABE8, 0xABE844, 0xABE9, 0xABEA08, 0xABEC, 0xABEC08,
  0xABED, 0xABED44, 0xAC00, 0xAC000C, 0xAC01, 0xAC1B0D, 0xAC1C, 0xAC1C0C,
  0xAC1D, 0xAC370D, 0xAC38, 0xAC380C, 0xAC39, 0xAC530D, 0xAC54, 0xAC540C,
  0xAC55, 0xAC6F0D, 0xAC70, 0xAC700C, 0xAC71, 0xAC8B0D, 0xAC8C, 0xAC8C0C,
  0xAC8D, 0xACA70D, 0xACA8, 0xACA80C, 0xACA9, 0xACC30D, 0xACC4, 0xACC40C,
  0xACC5, 0xACDF0D, 0xACE0, 0xACE00C, 0xACE1, 0xACFB0D, 0xACFC, 0xACFC0C,
  0xACFD, 0xAD170D, 0xAD18, 0xAD180C, 0xAD19, 0xAD330D, 0xAD34, 0xAD340C,
  0xAD35, 0xAD4F0D, 0xAD50, 0xAD500C, 0xAD51, 0xAD6B0D, 0xAD6C, 0xAD6C0C,
  0xAD6D, 0xAD870D, 0xAD88, 0xAD880C, 0xAD89, 0xADA30D, 0xADA4, 0xADA40C,
  0xADA5, 0xADBF0D, 0xADC0, 0xADC00C, 0xADC1, 0xADDB0D, 0xADDC, 0xADDC0C,
  0xADDD, 0xADF70D, 0xADF8, 0xADF80C, 0xADF9, 0xAE130D, 0xAE14, 0xAE140C,
  0xAE15, 0xAE2F0D, 0xAE30, 0xAE300C, 0xAE31, 0xAE4B0D, 0xAE4C, 0xAE4C0C,
  0xAE4D, 0xAE670D, 0xAE68, 0xAE680C, 0xAE69, 0xAE830D, 0xAE84, 0xAE840C,
  0xAE85, 0xAE9F0D, 0xAEA0, 0xAEA00C, 0xAEA1, 0xAEBB0D, 0xAEBC, 0xAEBC0C,
  0xAEBD, 0xAED70D, 0xAED8, 0xAED80C, 0xAED9, 0xAEF30D, 0xAEF4, 0xAEF40C,
  0xAEF5, 0xAF0F0D, 0xAF10, 0xAF100C, 0xAF11, 0xAF2B0D, 0xAF2C, 0xAF2C0C,
  0xAF2D, 0xAF470D, 0xAF48, 0xAF480C, 0xAF49, 0xAF630D, 0xAF64, 0xAF640C,
  0xAF65, 0xAF7F0D, 0xAF80, 0xAF800C, 0xAF81, 0xAF9B0D, 0xAF9C, 0xAF9C0C,
  0xAF9D, 0xAFB70D, 0xAFB8, 0xAFB80C, 0xAFB9, 0xAFD30D, 0xAFD4, 0xAFD40C,
  0xAFD5, 0xAFEF0D, 0xAFF0, 0xAFF00C, 0xAFF1, 0xB00B0D, 0xB00C, 0xB00C0C,
  0xB00D, 0xB0270D, 0xB028, 0xB0280C, 0xB029, 0xB0430D, 0xB044, 0xB0440C,
  0xB045, 0xB05F0D, 0xB060, 0xB0600C, 0xB061, 0xB07B0D, 0xB07C, 0xB07C0C,
  0xB07D, 0xB0970D, 0xB098, 0xB0980C, 0xB099, 0xB0B30D, 0xB0B4, 0xB0B40C,
  0xB0B5, 0xB0CF0D, 0xB0D0, 0xB0D00C, 0xB0D1, 0xB0EB0D, 0xB0EC, 0xB0EC0C,
  0xB0ED, 0xB1070D, 0xB108, 0xB1080C, 0xB109, 0xB1230D, 0xB124, 0xB1240C,
  0xB125, 0xB13F0D, 0xB140, 0xB1400C, 0xB141, 0xB15B0D, 0xB15C, 0xB15C0C,
  0xB15D, 0xB1770D, 0xB178, 0xB1780C, 0xB179, 0xB1930D, 0xB194, 0xB1940C,
  0xB195, 0xB1AF0D, 0xB1B0, 0xB1B00C, 0xB1B1, 0xB1CB0D, 0xB1CC, 0xB1CC0C,
  0xB1CD, 0xB1E70D, 0xB1E8, 0xB1E80C, 0xB1E9, 0xB2030D, 0xB204, 0xB2040C,
  0xB205, 0xB21F0D, 0xB220, 0xB2200C, 0xB221, 0xB23B0D, 0xB23C, 0xB23C0C,
  0xB23D, 0xB2570D, 0xB258, 0xB2580C, 0xB259, 0xB2730D, 0xB274, 0xB2740C,
  0xB275, 0xB28F0D, 0xB290, 0xB2900C, 0xB291, 0xB2AB0D, 0xB2AC, 0xB2AC0C,
  0xB2AD, 0xB2C70D, 0xB2C8, 0xB2C80C, 0xB2C9, 0xB2E30D, 0xB2E4, 0xB2E40C,
  0xB2E5, 0xB2FF0D, 0xB300, 0xB3000C, 0xB301, 0xB31B0D, 0xB31C, 0xB31C0C,
  0xB31D, 0xB3370D, 0xB338, 0xB3380C, 0xB339, 0xB3530D, 0xB354, 0xB3540C,
  0xB355, 0xB36F0D, 0xB370, 0xB3700C, 0xB371, 0xB38B0D, 0xB38C, 0xB38C0C,
  0xB38D, 0xB3A70D, 0xB3A8, 0xB3A80C, 0xB3A9, 0xB3C30D, 0xB3C4, 0xB3C40C,
  0xB3C5, 0xB3DF0D, 0xB3E0, 0xB3E00C, 0xB3E1, 0xB3FB0D, 0xB3FC, 0xB3FC0C,
  0xB3FD, 0xB4170D, 0xB418, 0xB4180C, 0xB419, 0xB4330D, 0xB434, 0xB4340C,
  0xB435, 0xB44F0D, 0xB450, 0xB4500C, 0xB451, 0xB46B0D, 0xB46C, 0xB46C0C,
  0xB46D, 0xB4870D, 0xB488, 0xB4880C, 0xB489, 0xB4A30D, 0xB4A4, 0xB4A40C,
  0xB4A5, 0xB4BF0D, 0xB4C0, 0xB4C00C, 0xB4C1, 0xB4DB0D, 0xB4DC, 0xB4DC0C,
  0xB4DD, 0xB4F70D, 0xB4F8, 0xB4F80C, 0xB4F9, 0xB5130D, 0xB514, 0xB5140C,
  0xB515, 0xB52F0D, 0xB530, 0xB5300C, 0xB531, 0xB54B0D, 0xB54C, 0xB54C0C,
  0xB54D, 0xB5670D, 0xB568, 0xB5680C, 0xB569, 0xB5830D, 0xB584, 0xB5840C,
  0xB585, 0xB59F0D, 0xB5A0, 0xB5A00C, 0xB5A1, 0xB5BB0D, 0xB5BC, 0xB5BC0C,
  0xB5BD, 0xB5D70D, 0xB5D8, 0xB5D80C, 0xB5D9, 0xB5F30D, 0xB5F4, 0xB5F40C,
  0xB5F5, 0xB60F0D, 0xB610, 0xB6100C, 0xB611, 0xB62B0D, 0xB62C, 0xB62C0C,
  0xB62D, 0xB6470D, 0xB648, 0xB6480C, 0xB649, 0xB6630D, 0xB664, 0xB6640C,
  0xB665, 0xB67F0D, 0xB680, 0xB6800C, 0xB681, 0xB69B0D, 0xB69C, 0xB69C0C,
  0xB69D, 0xB6B70D, 0xB6B8, 0xB6B80C, 0xB6B9, 0xB6D30D, 0xB6D4, 0xB6D40C,
  0xB6D5, 0xB6EF0D, 0xB6F0, 0xB6F00C, 0xB6F1, 0xB70B0D, 0xB70C, 0xB70C0C,
  0xB70D, 0xB7270D, 0xB728, 0xB7280C, 0xB729, 0xB7430D, 0xB744, 0xB7440C,
  0xB745, 0xB75F0D, 0xB760, 0xB7600C, 0xB761, 0xB77B0D, 0xB77C, 0xB77C0C,
  0xB77D, 0xB7970D, 0xB798, 0xB7980C, 0xB799, 0xB7B30D, 0xB7B4, 0xB7B40C,
  0xB7B5, 0xB7CF0D, 0xB7D0, 0xB7D00C, 0xB7D1, 0xB7EB0D, 0xB7EC, 0xB7EC0C,
  0xB7ED, 0xB8070D, 0xB808, 0xB8080C, 0xB809, 0xB8230D, 0xB824, 0xB8240C,
  0xB825, 0xB83F0D, 0xB840, 0xB8400C, 0xB841, 0xB85B0D, 0xB85C, 0xB85C0C,
  0xB85D, 0xB8770D, 0xB878, 0xB8780C, 0xB879, 0xB8930D, 0xB894, 0xB8940C,
  0xB895, 0xB8AF0D, 0xB8B0, 0xB8B00C, 0xB8B1, 0xB8CB0D, 0xB8CC, 0xB8CC0C,
  0xB8CD, 0xB8E70D, 0xB8E8, 0xB8E80C, 0xB8E9, 0xB9030D, 0xB904, 0xB9040C,
  0xB905, 0xB91F0D, 0xB920, 0xB9200C, 0xB921, 0xB93B0D, 0xB93C, 0xB93C0C,
  0xB93D, 0xB9570D, 0xB958, 0xB9580C, 0xB959, 0xB9730D, 0xB974, 0xB9740C,
  0xB975, 0xB98F0D, 0xB990, 0xB9900C, 0xB991, 0xB9AB0D, 0xB9AC, 0xB9AC0C,
  0xB9AD, 0xB9C70D, 0xB9C8, 0xB9C80C, 0xB9C9, 0xB9E30D, 0xB9E4, 0xB9E40C,
  0xB9E5, 0xB9FF0D, 0xBA00, 0xBA000C, 0xBA01, 0xBA1B0D, 0xBA1C, 0xBA1C0C,
  0xBA1D, 0xBA370D, 0xBA38, 0xBA380C, 0xBA39, 0xBA530D, 0xBA54, 0xBA540C,
  0xBA55, 0xBA6F0D, 0xBA70, 0xBA700C, 0xBA71, 0xBA8B0D, 0xBA8C, 0xBA8C0C,
  0xBA8D, 0xBAA70D, 0xBAA8, 0xBAA80C, 0xBAA9, 0xBAC30D, 0xBAC4, 0xBAC40C,
  0xBAC5, 0xBADF0D, 0xBAE0, 0xBAE00C, 0xBAE1, 0xBAFB0D, 0xBAFC, 0xBAFC0C,
  0xBAFD, 0xBB170D, 0xBB18, 0xBB180C, 0xBB19, 0xBB330D, 0xBB34, 0xBB340C,
  0xBB35, 0xBB4F0D, 0xBB50, 0xBB500C, 0xBB51, 0xBB6B0D, 0xBB6C, 0xBB6C0C,
  0xBB6D, 0xBB870D, 0xBB88, 0xBB880C, 0xBB89, 0xBBA30D, 0xBBA4, 0xBBA40C,
  0xBBA5, 0xBBBF0D, 0xBBC0, 0xBBC00C, 0xBBC1, 0xBBDB0D, 0xBBDC, 0xBBDC0C,
  0xBBDD, 0xBBF70D, 0xBBF8, 0xBBF80C, 0xBBF9, 0xBC130D, 0xBC14, 0xBC140C,
  0xBC15, 0xBC2F0D, 0xBC30, 0xBC300C, 0xBC31, 0xBC4B0D, 0xBC4C, 0xBC4C0C,
  0xBC4D, 0xBC670D, 0xBC68, 0xBC680C, 0xBC69, 0xBC830D, 0xBC84, 0xBC840C,
  0xBC85, 0xBC9F0D, 0xBCA0, 0xBCA00C, 0xBCA1, 0xBCBB0D, 0xBCBC, 0xBCBC0C,
  0xBCBD, 0xBCD70D, 0xBCD8, 0xBCD80C, 0xBCD9, 0xBCF30D, 0xBCF4, 0xBCF40C,
  0xBCF5, 0xBD0F0D, 0xBD10, 0xBD100C, 0xBD11, 0xBD2B0D, 0xBD2C, 0xBD2C0C,
  0xBD2D, 0xBD470D, 0xBD48, 0xBD480C, 0xBD49, 0xBD630D, 0xBD64, 0xBD640C,
  0xBD65, 0xBD7F0D, 0xBD80, 0xBD800C, 0xBD81, 0xBD9B0D, 0xBD9C, 0xBD9C0C,
  0xBD9D, 0xBDB70D, 0xBDB8, 0xBDB80C, 0xBDB9, 0xBDD30D, 0xBDD4, 0xBDD40C,
  0xBDD5, 0xBDEF0D, 0xBDF0, 0xBDF00C, 0xBDF1, 0xBE0B0D, 0xBE0C, 0xBE0C0C,
  0xBE0D, 0xBE270D, 0xBE28, 0xBE280C, 0xBE29, 0xBE430D, 0xBE44, 0xBE440C,
  0xBE45, 0xBE5F0D, 0xBE60, 0xBE600C, 0xBE61, 0xBE7B0D, 0xBE7C, 0xBE7C0C,
  0xBE7D, 0xBE970D, 0xBE98, 0xBE980C, 0xBE99, 0xBEB30D, 0xBEB4, 0xBEB40C,
  0xBEB5, 0xBECF0D, 0xBED0, 0xBED00C, 0xBED1, 0xBEEB0D, 0xBEEC, 0xBEEC0C,
  0xBEED, 0xBF070D, 0xBF08, 0xBF080C, 0xBF09, 0xBF230D, 0xBF24, 0xBF240C,
  0xBF25, 0xBF3F0D, 0xBF40, 0xBF400C, 0xBF41, 0xBF5B0D, 0xBF5C, 0xBF5C0C,
  0xBF5D, 0xBF770D, 0xBF78, 0xBF780C, 0xBF79, 0xBF930D, 0xBF94, 0xBF940C,
  0xBF95, 0xBFAF0D, 0xBFB0, 0xBFB00C, 0xBFB1, 0xBFCB0D, 0xBFCC, 0xBFCC0C,
  0xBFCD, 0xBFE70D, 0xBFE8, 0xBFE80C, 0xBFE9, 0xC0030D, 0xC004, 0xC0040C,
  0xC005, 0xC01F0D, 0xC020, 0xC0200C, 0xC021, 0xC03B0D, 0xC03C, 0xC03C0C,
  0xC03D, 0xC0570D, 0xC058, 0xC0580C, 0xC059, 0xC0730D, 0xC074, 0xC0740C,
  0xC075, 0xC08F0D, 0xC090, 0xC0900C, 0xC091, 0xC0AB0D, 0xC0AC, 0xC0AC0C,
  0xC0AD, 0xC0C70D, 0xC0C8, 0xC0C80C, 0xC0C9, 0xC0E30D, 0xC0E4, 0xC0E40C,
  0xC0E5, 0xC0FF0D, 0xC100, 0xC1000C, 0xC101, 0xC11B0D, 0xC11C, 0xC11C0C,
  0xC11D, 0xC1370D, 0xC138, 0xC1380C, 0xC139, 0xC1530D, 0xC154, 0xC1540C,
  0xC155, 0xC16F0D, 0xC170, 0xC1700C, 0xC171, 0xC18B0D, 0xC18C, 0xC18C0C,
  0xC18D, 0xC1A70D, 0xC1A8, 0xC1A80C, 0xC1A9, 0xC1C30D, 0xC1C4, 0xC1C40C,
  0xC1C5, 0xC1DF0D, 0xC1E0, 0xC1E00C, 0xC1E1, 0xC1FB0D, 0xC1FC, 0xC1FC0C,
  0xC1FD, 0xC2170D, 0xC218, 0xC2180C, 0xC219, 0xC2330D, 0xC234, 0xC2340C,
  0xC235, 0xC24F0D, 0xC250, 0xC2500C, 0xC251, 0xC26B0D, 0xC26C, 0xC26C0C,
  0xC26D, 0xC2870D, 0xC288, 0xC2880C, 0xC289, 0xC2A30D, 0xC2A4, 0xC2A40C,
  0xC2A5, 0xC2BF0D, 0xC2C0, 0xC2C00C, 0xC2C1, 0xC2DB0D, 0xC2DC, 0xC2DC0C,
  0xC2DD, 0xC2F70D, 0xC2F8, 0xC2F80C, 0xC2F9, 0xC3130D, 0xC314, 0xC3140C,
  0xC315, 0xC32F0D, 0xC330, 0xC3300C, 0xC331, 0xC34B0D, 0xC34C, 0xC34C0C,
  0xC34D, 0xC3670D, 0xC368, 0xC3680C, 0xC369, 0xC3830D, 0xC384, 0xC3840C,
  0xC385, 0xC39F0D, 0xC3A0, 0xC3A00C, 0xC3A1, 0xC3BB0D, 0xC3BC, 0xC3BC0C,
  0xC3BD, 0xC3D70D, 0xC3D8, 0xC3D80C, 0xC3D9, 0xC3F30D, 0xC3F4, 0xC3F40C,
  0xC3F5, 0xC40F0D, 0xC410, 0xC4100C, 0xC411, 0xC42B0D, 0xC42C, 0xC42C0C,
  0xC42D, 0xC4470D, 0xC448, 0xC4480C, 0xC449, 0xC4630D, 0xC464, 0xC4640C,
  0xC465, 0xC47F0D, 0xC480, 0xC4800C, 0xC481, 0xC49B0D, 0xC49C, 0xC49C0C,
  0xC49D, 0xC4B70D, 0xC4B8, 0xC4B80C, 0xC4B9, 0xC4D30D, 0xC4D4, 0xC4D40C,
  0xC4D5, 0xC4EF0D, 0xC4F0, 0xC4F00C, 0xC4F1, 0xC50B0D, 0xC50C, 0xC50C0C,
  0xC50D, 0xC5270D, 0xC528, 0xC5280C, 0xC529, 0xC5430D, 0xC544, 0xC5440C,
  0xC545, 0xC55F0D, 0xC560, 0xC5600C, 0xC561, 0xC57B0D, 0xC57C, 0xC57C0C,
  0xC57D, 0xC5970D, 0xC598, 0xC5980C, 0xC599, 0xC5B30D, 0xC5B4, 0xC5B40C,
  0xC5B5, 0xC5CF0D, 0xC5D0, 0xC5D00C, 0xC5D1, 0xC5EB0D, 0xC5EC, 0xC5EC0C,
  0xC5ED, 0xC6070D, 0xC608, 0xC6080C, 0xC609, 0xC6230D, 0xC624, 0xC6240C,
  0xC625, 0xC63F0D, 0xC640, 0xC6400C, 0xC641, 0xC65B0D, 0xC65C, 0xC65C0C,
  0xC65D, 0xC6770D, 0xC678, 0xC6780C, 0xC679, 0xC6930D, 0xC694, 0xC6940C,
  0xC695, 0xC6AF0D, 0xC6B0, 0xC6B00C, 0xC6B1, 0xC6CB0D, 0xC6CC, 0xC6CC0C,
  0xC6CD, 0xC6E70D, 0xC6E8, 0xC6E80C, 0xC6E9, 0xC7030D, 0xC704, 0xC7040C,
  0xC705, 0xC71F0D, 0xC720, 0xC7200C, 0xC721, 0xC73B0D, 0xC73C, 0xC73C0C,
  0xC73D, 0xC7570D, 0xC758, 0xC7580C, 0xC759, 0xC7730D, 0xC774, 0xC7740C,
  0xC775, 0xC78F0D, 0xC790, 0xC7900C, 0xC791, 0xC7AB0D, 0xC7AC, 0xC7AC0C,
  0xC7AD, 0xC7C70D, 0xC7C8, 0xC7C80C, 0xC7C9, 0xC7E30D, 0xC7E4, 0xC7E40C,
  0xC7E5, 0xC7FF0D, 0xC800, 0xC8000C, 0xC801, 0xC81B0D, 0xC81C, 0xC81C0C,
  0xC81D, 0xC8370D, 0xC838, 0xC8380C, 0xC839, 0xC8530D, 0xC854, 0xC8540C,
  0xC855, 0xC86F0D, 0xC870, 0xC8700C, 0xC871, 0xC88B0D, 0xC88C, 0xC88C0C,
  0xC88D, 0xC8A70D, 0xC8A8, 0xC8A80C, 0xC8A9, 0xC8C30D, 0xC8C4, 0xC8C40C,
  0xC8C5, 0xC8DF0D, 0xC8E0, 0xC8E00C, 0xC8E1, 0xC8FB0D, 0xC8FC, 0xC8FC0C,
  0xC8FD, 0xC9170D, 0xC918, 0xC9180C, 0xC919, 0xC9330D, 0xC934, 0xC9340C,
  0xC935, 0xC94F0D, 0xC950, 0xC9500C, 0xC951, 0xC96B0D, 0xC96C, 0xC96C0C,
  0xC96D, 0xC9870D, 0xC988, 0xC9880C, 0xC989, 0xC9A30D, 0xC9A4, 0xC9A40C,
  0xC9A5, 0xC9BF0D, 0xC9C0, 0xC9C00C, 0xC9C1, 0xC9DB0D, 0xC9DC, 0xC9DC0C,
  0xC9DD, 0xC9F70D, 0xC9F8, 0xC9F80C, 0xC9F9, 0xCA130D, 0xCA14, 0xCA140C,
  0xCA15, 0xCA2F0D, 0xCA30, 0xCA300C, 0xCA31, 0xCA4B0D, 0xCA4C, 0xCA4C0C,
  0xCA4D, 0xCA670D, 0xCA68, 0xCA680C, 0xCA69, 0xCA830D, 0xCA84, 0xCA840C,
  0xCA85, 0xCA9F0D, 0xCAA0, 0xCAA00C, 0xCAA1, 0xCABB0D, 0xCABC, 0xCABC0C,
  0xCABD, 0xCAD70D, 0xCAD8, 0xCAD80C, 0xCAD9, 0xCAF30D, 0xCAF4, 0xCAF40C,
  0xCAF5, 0xCB0F0D, 0xCB10, 0xCB100C, 0xCB11, 0xCB2B0D, 0xCB2C, 0xCB2C0C,
  0xCB2D, 0xCB470D, 0xCB48, 0xCB480C, 0xCB49, 0xCB630D, 0xCB64, 0xCB640C,
  0xCB65, 0xCB7F0D, 0xCB80, 0xCB800C, 0xCB81, 0xCB9B0D, 0xCB9C, 0xCB9C0C,
  0xCB9D, 0xCBB70D, 0xCBB8, 0xCBB80C, 0xCBB9, 0xCBD30D, 0xCBD4, 0xCBD40C,
  0xCBD5, 0xCBEF0D, 0xCBF0, 0xCBF00C, 0xCBF1, 0xCC0B0D, 0xCC0C, 0xCC0C0C,
  0xCC0D, 0xCC270D, 0xCC28, 0xCC280C, 0xCC29, 0xCC430D, 0xCC44, 0xCC440C,
  0xCC45, 0xCC5F0D, 0xCC60, 0xCC600C, 0xCC61, 0xCC7B0D, 0xCC7C, 0xCC7C0C,
  0xCC7D, 0xCC970D, 0xCC98, 0xCC980C, 0xCC99, 0xCCB30D, 0xCCB4, 0xCCB40C,
  0xCCB5, 0xCCCF0D, 0xCCD0, 0xCCD00C, 0xCCD1, 0xCCEB0D, 0xCCEC, 0xCCEC0C,
  0xCCED, 0xCD070D, 0xCD08, 0xCD080C, 0xCD09, 0xCD230D, 0xCD24, 0xCD240C,
  0xCD25, 0xCD3F0D, 0xCD40, 0xCD400C, 0xCD41, 0xCD5B0D, 0xCD5C, 0xCD5C0C,
  0xCD5D, 0xCD770D, 0xCD78, 0xCD780C, 0xCD79, 0xCD930D, 0xCD94, 0xCD940C,
  0xCD95, 0xCDAF0D, 0xCDB0, 0xCDB00C, 0xCDB1, 0xCDCB0D, 0xCDCC, 0xCDCC0C,
  0xCDCD, 0xCDE70D, 0xCDE8, 0xCDE80C, 0xCDE9, 0xCE030D, 0xCE04, 0xCE040C,
  0xCE05, 0xCE1F0D, 0xCE20, 0xCE200C, 0xCE21, 0xCE3B0D, 0xCE3C, 0xCE3C0C,
  0xCE3D, 0xCE570D, 0xCE58, 0xCE580C, 0xCE59, 0xCE730D, 0xCE74, 0xCE740C,
  0xCE75, 0xCE8F0D, 0xCE90, 0xCE900C, 0xCE91, 0xCEAB0D, 0xCEAC, 0xCEAC0C,
  0xCEAD, 0xCEC70D, 0xCEC8, 0xCEC80C, 0xCEC9, 0xCEE30D, 0xCEE4, 0xCEE40C,
  0xCEE5, 0xCEFF0D, 0xCF00, 0xCF000C, 0xCF01, 0xCF1B0D, 0xCF1C, 0xCF1C0C,
  0xCF1D, 0xCF370D, 0xCF38, 0xCF380C, 0xCF39, 0xCF530D, 0xCF54, 0xCF540C,
  0xCF55, 0xCF6F0D, 0xCF70, 0xCF700C, 0xCF71, 0xCF8B0D, 0xCF8C, 0xCF8C0C,
  0xCF8D, 0xCFA70D, 0xCFA8, 0xCFA80C, 0xCFA9, 0xCFC30D, 0xCFC4, 0xCFC40C,
  0xCFC5, 0xCFDF0D, 0xCFE0, 0xCFE00C, 0xCFE1, 0xCFFB0D, 0xCFFC, 0xCFFC0C,
  0xCFFD, 0xD0170D, 0xD018, 0xD0180C, 0xD019, 0xD0330D, 0xD034, 0xD0340C,
  0xD035, 0xD04F0D, 0xD050, 0xD0500C, 0xD051, 0xD06B0D, 0xD06C, 0xD06C0C,
  0xD06D, 0xD0870D, 0xD088, 0xD0880C, 0xD089, 0xD0A30D, 0xD0A4, 0xD0A40C,
  0xD0A5, 0xD0BF0D, 0xD0C0, 0xD0C00C, 0xD0C1, 0xD0DB0D, 0xD0DC, 0xD0DC0C,
  0xD0DD, 0xD0F70D, 0xD0F8, 0xD0F80C, 0xD0F9, 0xD1130D, 0xD114, 0xD1140C,
  0xD115, 0xD12F0D, 0xD130, 0xD1300C, 0xD131, 0xD14B0D, 0xD14C, 0xD14C0C,
  0xD14D, 0xD1670D, 0xD168, 0xD1680C, 0xD169, 0xD1830D, 0xD184, 0xD1840C,
  0xD185, 0xD19F0D, 0xD1A0, 0xD1A00C, 0xD1A1, 0xD1BB0D, 0xD1BC, 0xD1BC0C,
  0xD1BD, 0xD1D70D, 0xD1D8, 0xD1D80C, 0xD1D9, 0xD1F30D, 0xD1F4, 0xD1F40C,
  0xD1F5, 0xD20F0D, 0xD210, 0xD2100C, 0xD211, 0xD22B0D, 0xD22C, 0xD22C0C,
  0xD22D, 0xD2470D, 0xD248, 0xD2480C, 0xD249, 0xD2630D, 0xD264, 0xD2640C,
  0xD265, 0xD27F0D, 0xD280, 0xD2800C, 0xD281, 0xD29B0D, 0xD29C, 0xD29C0C,
  0xD29D, 0xD2B70D, 0xD2B8, 0xD2B80C, 0xD2B9, 0xD2D30D, 0xD2D4, 0xD2D40C,
  0xD2D5, 0xD2EF0D, 0xD2F0, 0xD2F00C, 0xD2F1, 0xD30B0D, 0xD30C, 0xD30C0C,
  0xD30D, 0xD3270D, 0xD328, 0xD3280C, 0xD329, 0xD3430D, 0xD344, 0xD3440C,
  0xD345, 0xD35F0D, 0xD360, 0xD3600C, 0xD361, 0xD37B0D, 0xD37C, 0xD37C0C,
  0xD37D, 0xD3970D, 0xD398, 0xD3980C, 0xD399, 0xD3B30D, 0xD3B4, 0xD3B40C,
  0xD3B5, 0xD3CF0D, 0xD3D0, 0xD3D00C, 0xD3D1, 0xD3EB0D, 0xD3EC, 0xD3EC0C,
  0xD3ED, 0xD4070D, 0xD408, 0xD4080C, 0xD409, 0xD4230D, 0xD424, 0xD4240C,
  0xD425, 0xD43F0D, 0xD440, 0xD4400C, 0xD441, 0xD45B0D, 0xD45C, 0xD45C0C,
  0xD45D, 0xD4770D, 0xD478, 0xD4780C, 0xD479, 0xD4930D, 0xD494, 0xD4940C,
  0xD495, 0xD4AF0D, 0xD4B0, 0xD4B00C, 0xD4B1, 0xD4CB0D, 0xD4CC, 0xD4CC0C,
  0xD4CD, 0xD4E70D, 0xD4E8, 0xD4E80C, 0xD4E9, 0xD5030D, 0xD504, 0xD5040C,
  0xD505, 0xD51F0D, 0xD520, 0xD5200C, 0xD521, 0xD53B0D, 0xD53C, 0xD53C0C,
  0xD53D, 0xD5570D, 0xD558, 0xD5580C, 0xD559, 0xD5730D, 0xD574, 0xD5740C,
  0xD575, 0xD58F0D, 0xD590, 0xD5900C, 0xD591, 0xD5AB0D, 0xD5AC, 0xD5AC0C,
  0xD5AD, 0xD5C70D, 0xD5C8, 0xD5C80C, 0xD5C9, 0xD5E30D, 0xD5E4, 0xD5E40C,
  0xD5E5, 0xD5FF0D, 0xD600, 0xD6000C, 0xD601, 0xD61B0D, 0xD61C, 0xD61C0C,
  0xD61D, 0xD6370D, 0xD638, 0xD6380C, 0xD639, 0xD6530D, 0xD654, 0xD6540C,
  0xD655, 0xD66F0D, 0xD670, 0xD6700C, 0xD671, 0xD68B0D, 0xD68C, 0xD68C0C,
  0xD68D, 0xD6A70D, 0xD6A8, 0xD6A80C, 0xD6A9, 0xD6C30D, 0xD6C4, 0xD6C40C,
  0xD6C5, 0xD6DF0D, 0xD6E0, 0xD6E00C, 0xD6E1, 0xD6FB0D, 0xD6FC, 0xD6FC0C,
  0xD6FD, 0xD7170D, 0xD718, 0xD7180C, 0xD719, 0xD7330D, 0xD734, 0xD7340C,
  0xD735, 0xD74F0D, 0xD750, 0xD7500C, 0xD751, 0xD76B0D, 0xD76C, 0xD76C0C,
  0xD76D, 0xD7870D, 0xD788, 0xD7880C, 0xD789, 0xD7A30D, 0xD7B0, 0xD7C60A,
  0xD7CB, 0xD7FB0B, 0xFB1E, 0xFB1E44, 0xFE00, 0xFE0F44, 0xFE20, 0xFE2F44,
  0xFEFF, 0xFEFF03, 0xFF9E, 0xFF9F44, 0xFFF0, 0xFFFB03, 0x101FD, 0x101FD44,
  0x102E0, 0x102E044, 0x10376, 0x1037A44, 0x10A00, 0x10A0020, 0x10A01, 0x10A0344,
  0x10A05, 0x10A0644, 0x10A0C, 0x10A0F44, 0x10A10, 0x10A1320, 0x10A15, 0x10A1720,
  0x10A19, 0x10A3520, 0x10A38, 0x10A3A44, 0x10A3F, 0x10A3F64, 0x10AE5, 0x10AE644,
  0x10D24, 0x10D2744, 0x10D69, 0x10D6D44, 0x10EAB, 0x10EAC44, 0x10EFA, 0x10EFF44,
  0x10F46, 0x10F5044, 0x10F82, 0x10F8544, 0x11000, 0x1100008, 0x11001, 0x1100144,
  0x11002, 0x1100208, 0x11038, 0x1104644, 0x11070, 0x1107044, 0x11073, 0x1107444,
  0x1107F, 0x1108144, 0x11082, 0x1108208, 0x110B0, 0x110B208, 0x110B3, 0x110B644,
  0x110B7, 0x110B808, 0x110B9, 0x110BA44, 0x110BD, 0x110BD07, 0x110C2, 0x110C244,
  0x110CD, 0x110CD07, 0x11100, 0x1110244, 0x11103, 0x1112620, 0x11127, 0x1112B44,
  0x1112C, 0x1112C08, 0x1112D, 0x1113244, 0x11133, 0x1113364, 0x11134, 0x1113444,
  0x11144, 0x1114420, 0x11145, 0x1114608, 0x11147, 0x1114720, 0x11173, 0x1117344,
  0x11180, 0x1118144, 0x11182, 0x1118208, 0x111B3, 0x111B508, 0x111B6, 0x111BE44,
  0x111BF, 0x111BF08, 0x111C0, 0x111C044, 0x111C2, 0x111C307, 0x111C9, 0x111CC44,
  0x111CE, 0x111CE08, 0x111CF, 0x111CF44, 0x1122C, 0x1122E08, 0x1122F, 0x1123144,
  0x11232, 0x1123308, 0x11234, 0x1123744, 0x1123E, 0x1123E44, 0x11241, 0x1124144,
  0x112DF, 0x112DF44, 0x112E0, 0x112E208, 0x112E3, 0x112EA44, 0x11300, 0x1130144,
  0x11302, 0x1130308, 0x1133B, 0x1133C44, 0x1133E, 0x1133E44, 0x1133F, 0x1133F08,
  0x11340, 0x1134044, 0x11341, 0x1134408, 0x11347, 0x1134808, 0x1134B, 0x1134C08,
  0x1134D, 0x1134D44, 0x11357, 0x1135744, 0x11362, 0x1136308, 0x11366, 0x1136C44,
  0x11370, 0x1137444, 0x11380, 0x1138920, 0x1138B, 0x1138B20, 0x1138E, 0x1138E20,
  0x11390, 0x113B520, 0x113B8, 0x113B844, 0x113B9, 0x113BA08, 0x113BB, 0x113C044,
  0x113C2, 0x113C244, 0x113C5, 0x113C544, 0x113C7, 0x113C944, 0x113CA, 0x113CA08,
  0x113CC, 0x113CD08, 0x113CE, 0x113CF44, 0x113D0, 0x113D064, 0x113D1, 0x113D107,
  0x113D2, 0x113D244, 0x113E1, 0x113E244, 0x11435, 0x1143708, 0x11438, 0x1143F44,
  0x11440, 0x1144108, 0x11442, 0x1144444, 0x11445, 0x1144508, 0x11446, 0x1144644,
  0x1145E, 0x1145E44, 0x114B0, 0x114B044, 0x114B1, 0x114B208, 0x114B3, 0x114B844,
  0x114B9, 0x114B908, 0x114BA, 0x114BA44, 0x114BB, 0x114BC08, 0x114BD, 0x114BD44,
  0x114BE, 0x114BE08, 0x114BF, 0x114C044, 0x114C1, 0x114C108, 0x114C2, 0x114C344,
  0x115AF, 0x115AF44, 0x115B0, 0x115B108, 0x115B2, 0x115B544, 0x115B8, 0x115BB08,
  0x115BC, 0x115BD44, 0x115BE, 0x115BE08, 0x115BF, 0x115C044, 0x115DC, 0x115DD44,
  0x11630, 0x1163208, 0x11633, 0x1163A44, 0x1163B, 0x1163C08, 0x1163D, 0x1163D44,
  0x1163E, 0x1163E08, 0x1163F, 0x1164044, 0x116AB, 0x116AB44, 0x116AC, 0x116AC08,
  0x116AD, 0x116AD44, 0x116AE, 0x116AF08, 0x116B0, 0x116B744, 0x1171D, 0x1171D44,
  0x1171E, 0x1171E08, 0x1171F, 0x1171F44, 0x11722, 0x1172544, 0x11726, 0x1172608,
  0x11727, 0x1172B44, 0x1182C, 0x1182E08, 0x1182F, 0x1183744, 0x11838, 0x1183808,
  0x11839, 0x1183A44, 0x11900, 0x1190620, 0x11909, 0x1190920, 0x1190C, 0x1191320,
  0x11915, 0x1191620, 0x11918, 0x1192F20, 0x11930, 0x1193044, 0x11931, 0x1193508,
  0x11937, 0x1193808, 0x1193B, 0x1193D44, 0x1193E, 0x1193E64, 0x1193F, 0x1193F07,
  0x11940, 0x1194008, 0x11941, 0x1194107, 0x11942, 0x1194208, 0x11943, 0x1194344,
  0x119D1, 0x119D308, 0x119D4, 0x119D744, 0x119DA, 0x119DB44, 0x119DC, 0x119DF08,
  0x119E0, 0x119E044, 0x119E4, 0x119E408, 0x11A00, 0x11A0020, 0x11A01, 0x11A0A44,
  0x11A0B, 0x11A3220, 0x11A33, 0x11A3844, 0x11A39, 0x11A3908, 0x11A3B, 0x11A3E44,
  0x11A47, 0x11A4764, 0x11A50, 0x11A5020, 0x11A51, 0x11A5644, 0x11A57, 0x11A5808,
  0x11A59, 0x11A5B44, 0x11A5C, 0x11A8320, 0x11A84, 0x11A8907, 0x11A8A, 0x11A9644,
  0x11A97, 0x11A9708, 0x11A98, 0x11A9844, 0x11A99, 0x11A9964, 0x11B60, 0x11B6044,
  0x11B61, 0x11B6108, 0x11B62, 0x11B6444, 0x11B65, 0x11B6508, 0x11B66, 0x11B6644,
  0x11B67, 0x11B6708, 0x11C2F, 0x11C2F08, 0x11C30, 0x11C3644, 0x11C38, 0x11C3D44,
  0x11C3E, 0x11C3E08, 0x11C3F, 0x11C3F44, 0x11C92, 0x11CA744, 0x11CA9, 0x11CA908,
  0x11CAA, 0x11CB044, 0x11CB1, 0x11CB108, 0x11CB2, 0x11CB344, 0x11CB4, 0x11CB408,
  0x11CB5, 0x11CB644, 0x11D31, 0x11D3644, 0x11D3A, 0x11D3A44, 0x11D3C, 0x11D3D44,
  0x11D3F, 0x11D4544, 0x11D46, 0x11D4607, 0x11D47, 0x11D4744, 0x11D8A, 0x11D8E08,
  0x11D90, 0x11D9144, 0x11D93, 0x11D9408, 0x11D95, 0x11D9544, 0x11D96, 0x11D9608,
  0x11D97, 0x11D9744, 0x11EF3, 0x11EF444, 0x11EF5, 0x11EF608, 0x11F00, 0x11F0144,
  0x11F02, 0x11F0207, 0x11F03, 0x11F0308, 0x11F04, 0x11F1020, 0x11F12, 0x11F3320,
  0x11F34, 0x11F3508, 0x11F36, 0x11F3A44, 0x11F3E, 0x11F3F08, 0x11F40, 0x11F4144,
  0x11F42, 0x11F4264, 0x11F5A, 0x11F5A44, 0x13430, 0x1343F03, 0x13440, 0x1344044,
  0x13447, 0x1345544, 0x1611E, 0x1612944, 0x1612A, 0x1612C08, 0x1612D, 0x1612F44,
  0x16AF0, 0x16AF444, 0x16B30, 0x16B3644, 0x16D63, 0x16D630A, 0x16D67, 0x16D6A0A,
  0x16F4F, 0x16F4F44, 0x16F51, 0x16F8708, 0x16F8F, 0x16F9244, 0x16FE4, 0x16FE444,
  0x16FF0, 0x16FF144, 0x1BC9D, 0x1BC9E44, 0x1BCA0, 0x1BCA303, 0x1CF00, 0x1CF2D44,
  0x1CF30, 0x1CF4644, 0x1D165, 0x1D16944, 0x1D16D, 0x1D17244, 0x1D173, 0x1D17A03,
  0x1D17B, 0x1D18244, 0x1D185, 0x1D18B44, 0x1D1AA, 0x1D1AD44, 0x1D242, 0x1D24444,
  0x1DA00, 0x1DA3644, 0x1DA3B, 0x1DA6C44, 0x1DA75, 0x1DA7544, 0x1DA84, 0x1DA8444,
  0x1DA9B, 0x1DA9F44, 0x1DAA1, 0x1DAAF44, 0x1E000, 0x1E00644, 0x1E008, 0x1E01844,
  0x1E01B, 0x1E02144, 0x1E023, 0x1E02444, 0x1E026, 0x1E02A44, 0x1E08F, 0x1E08F44,
  0x1E130, 0x1E13644, 0x1E2AE, 0x1E2AE44, 0x1E2EC, 0x1E2EF44, 0x1E4EC, 0x1E4EF44,
  0x1E5EE, 0x1E5EF44, 0x1E6E3, 0x1E6E344, 0x1E6E6, 0x1E6E644, 0x1E6EE, 0x1E6EF44,
  0x1E6F5, 0x1E6F544, 0x1E8D0, 0x1E8D644, 0x1E944, 0x1E94A44, 0x1F004, 0x1F00410,
  0x1F02C, 0x1F02F10, 0x1F094, 0x1F09F10, 0x1F0AF, 0x1F0B010, 0x1F0C0, 0x1F0C010,
  0x1F0CF, 0x1F0D010, 0x1F0F6, 0x1F0FF10, 0x1F170, 0x1F17110, 0x1F17E, 0x1F17F10,
  0x1F18E, 0x1F18E10, 0x1F191, 0x1F19A10, 0x1F1AE, 0x1F1E510, 0x1F1E6, 0x1F1FF06,
  0x1F201, 0x1F20F10, 0x1F21A, 0x1F21A10, 0x1F22F, 0x1F22F10, 0x1F232, 0x1F23A10,
  0x1F23C, 0x1F23F10, 0x1F249, 0x1F25F10, 0x1F266, 0x1F32110, 0x1F324, 0x1F39310,
  0x1F396, 0x1F39710, 0x1F399, 0x1F39B10, 0x1F39E, 0x1F3F010, 0x1F3F3, 0x1F3F510,
  0x1F3F7, 0x1F3FA10, 0x1F3FB, 0x1F3FF44, 0x1F400, 0x1F4FD10, 0x1F4FF, 0x1F53D10,
  0x1F549, 0x1F54E10, 0x1F550, 0x1F56710, 0x1F56F, 0x1F57010, 0x1F573, 0x1F57A10,
  0x1F587, 0x1F58710, 0x1F58A, 0x1F58D10, 0x1F590, 0x1F59010, 0x1F595, 0x1F59610,
  0x1F5A4, 0x1F5A510, 0x1F5A8, 0x1F5A810, 0x1F5B1, 0x1F5B210, 0x1F5BC, 0x1F5BC10,
  0x1F5C2, 0x1F5C410, 0x1F5D1, 0x1F5D310, 0x1F5DC, 0x1F5DE10, 0x1F5E1, 0x1F5E110,
  0x1F5E3, 0x1F5E310, 0x1F5E8, 0x1F5E810, 0x1F5EF, 0x1F5EF10, 0x1F5F3, 0x1F5F310,
  0x1F5FA, 0x1F64F10, 0x1F680, 0x1F6C510, 0x1F6CB, 0x1F6D210, 0x1F6D5, 0x1F6E510,
  0x1F6E9, 0x1F6E910, 0x1F6EB, 0x1F6F010, 0x1F6F3, 0x1F6FF10, 0x1F7DA, 0x1F7FF10,
  0x1F80C, 0x1F80F10, 0x1F848, 0x1F84F10, 0x1F85A, 0x1F85F10, 0x1F888, 0x1F88F10,
  0x1F8AE, 0x1F8AF10, 0x1F8BC, 0x1F8BF10, 0x1F8C2, 0x1F8CF10, 0x1F8D9, 0x1F8FF10,
  0x1F90C, 0x1F93A10, 0x1F93C, 0x1F94510, 0x1F947, 0x1F9FF10, 0x1FA58, 0x1FA5F10,
  0x1FA6E, 0x1FAFF10, 0x1FC00, 0x1FFFD10, 0xE0000, 0xE001F03, 0xE0020, 0xE007F44,
  0xE0080, 0xE00FF03, 0xE0100, 0xE01EF44, 0xE01F0, 0xE0FFF03,
};

inline constexpr u32 combiningClassesCount = 806;
static const u32 combiningClasses[806] = {
  0x300, 0x314E6, 0x315, 0x315E8, 0x316, 0x319DC, 0x31A, 0x31AE8,
  0x31B, 0x31BD8, 0x31C, 0x320DC, 0x321, 0x322CA, 0x323, 0x326DC,
  0x327, 0x328CA, 0x329, 0x333DC, 0x334, 0x33801, 0x339, 0x33CDC,
  0x33D, 0x344E6, 0x345, 0x345F0, 0x346, 0x346E6, 0x347, 0x349DC,
  0x34A, 0x34CE6, 0x34D, 0x34EDC, 0x350, 0x352E6, 0x353, 0x356DC,
  0x357, 0x357E6, 0x358, 0x358E8, 0x359, 0x35ADC, 0x35B, 0x35BE6,
  0x35C, 0x35CE9, 0x35D, 0x35EEA, 0x35F, 0x35FE9, 0x360, 0x361EA,
  0x362, 0x362E9, 0x363, 0x36FE6, 0x483, 0x487E6, 0x591, 0x591DC,
  0x592, 0x595E6, 0x596, 0x596DC, 0x597, 0x599E6, 0x59A, 0x59ADE,
  0x59B, 0x59BDC, 0x59C, 0x5A1E6, 0x5A2, 0x5A7DC, 0x5A8, 0x5A9E6,
  0x5AA, 0x5AADC, 0x5AB, 0x5ACE6, 0x5AD, 0x5ADDE, 0x5AE, 0x5AEE4,
  0x5AF, 0x5AFE6, 0x5B0, 0x5B00A, 0x5B1, 0x5B10B, 0x5B2, 0x5B20C,
  0x5B3, 0x5B30D, 0x5B4, 0x5B40E, 0x5B5, 0x5B50F, 0x5B6, 0x5B610,
  0x5B7, 0x5B711, 0x5B8, 0x5B812, 0x5B9, 0x5BA13, 0x5BB, 0x5BB14,
  0x5BC, 0x5BC15, 0x5BD, 0x5BD16, 0x5BF, 0x5BF17, 0x5C1, 0x5C118,
  0x5C2, 0x5C219, 0x5C4, 0x5C4E6, 0x5C5, 0x5C5DC, 0x5C7, 0x5C712,
  0x610, 0x617E6, 0x618, 0x6181E, 0x619, 0x6191F, 0x61A, 0x61A20,
  0x64B, 0x64B1B, 0x64C, 0x64C1C, 0x64D, 0x64D1D, 0x64E, 0x64E1E,
  0x64F, 0x64F1F, 0x650, 0x65020, 0x651, 0x65121, 0x652, 0x65222,
  0x653, 0x654E6, 0x655, 0x656DC, 0x657, 0x65BE6, 0x65C, 0x65CDC,
  0x65D, 0x65EE6, 0x65F, 0x65FDC, 0x670, 0x67023, 0x6D6, 0x6DCE6,
  0x6DF, 0x6E2E6, 0x6E3, 0x6E3DC, 0x6E4, 0x6E4E6, 0x6E7, 0x6E8E6,
  0x6EA, 0x6EADC, 0x6EB, 0x6ECE6, 0x6ED, 0x6EDDC, 0x711, 0x71124,
  0x730, 0x730E6, 0x731, 0x731DC, 0x732, 0x733E6, 0x734, 0x734DC,
  0x735, 0x736E6, 0x737, 0x739DC, 0x73A, 0x73AE6, 0x73B, 0x73CDC,
  0x73D, 0x73DE6, 0x73E, 0x73EDC, 0x73F, 0x741E6, 0x742, 0x742DC,
  0x743, 0x743E6, 0x744, 0x744DC, 0x745, 0x745E6, 0x746, 0x746DC,
  0x747, 0x747E6, 0x748, 0x748DC, 0x749, 0x74AE6, 0x7EB, 0x7F1E6,
  0x7F2, 0x7F2DC, 0x7F3, 0x7F3E6, 0x7FD, 0x7FDDC, 0x816, 0x819E6,
  0x81B, 0x823E6, 0x825, 0x827E6, 0x829, 0x82DE6, 0x859, 0x85BDC,
  0x897, 0x898E6, 0x899, 0x89BDC, 0x89C, 0x89FE6, 0x8CA, 0x8CEE6,
  0x8CF, 0x8D3DC, 0x8D4, 0x8E1E6, 0x8E3, 0x8E3DC, 0x8E4, 0x8E5E6,
  0x8E6, 0x8E6DC, 0x8E7, 0x8E8E6, 0x8E9, 0x8E9DC, 0x8EA, 0x8ECE6,
  0x8ED, 0x8EFDC, 0x8F0, 0x8F01B, 0x8F1, 0x8F11C, 0x8F2, 0x8F21D,
  0x8F3, 0x8F5E6, 0x8F6, 0x8F6DC, 0x8F7, 0x8F8E6, 0x8F9, 0x8FADC,
  0x8FB, 0x8FFE6, 0x93C, 0x93C07, 0x94D, 0x94D09, 0x951, 0x951E6,
  0x952, 0x952DC, 0x953, 0x954E6, 0x9BC, 0x9BC07, 0x9CD, 0x9CD09,
  0x9FE, 0x9FEE6, 0xA3C, 0xA3C07, 0xA4D, 0xA4D09, 0xABC, 0xABC07,
  0xACD, 0xACD09, 0xB3C, 0xB3C07, 0xB4D, 0xB4D09, 0xBCD, 0xBCD09,
  0xC3C, 0xC3C07, 0xC4D, 0xC4D09, 0xC55, 0xC5554, 0xC56, 0xC565B,
  0xCBC, 0xCBC07, 0xCCD, 0xCCD09, 0xD3B, 0xD3C09, 0xD4D, 0xD4D09,
  0xDCA, 0xDCA09, 0xE38, 0xE3967, 0xE3A, 0xE3A09, 0xE48, 0xE4B6B,
  0xEB8, 0xEB976, 0xEBA, 0xEBA09, 0xEC8, 0xECB7A, 0xF18, 0xF19DC,
  0xF35, 0xF35DC, 0xF37, 0xF37DC, 0xF39, 0xF39D8, 0xF71, 0xF7181,
  0xF72, 0xF7282, 0xF74, 0xF7484, 0xF7A, 0xF7D82, 0xF80, 0xF8082,
  0xF82, 0xF83E6, 0xF84, 0xF8409, 0xF86, 0xF87E6, 0xFC6, 0xFC6DC,
  0x1037, 0x103707, 0x1039, 0x103A09, 0x108D, 0x108DDC, 0x135D, 0x135FE6,
  0x1714, 0x171509, 0x1734, 0x173409, 0x17D2, 0x17D209, 0x17DD, 0x17DDE6,
  0x18A9, 0x18A9E4, 0x1939, 0x1939DE, 0x193A, 0x193AE6, 0x193B, 0x193BDC,
  0x1A17, 0x1A17E6, 0x1A18, 0x1A18DC, 0x1A60, 0x1A6009, 0x1A75, 0x1A7CE6,
  0x1A7F, 0x1A7FDC, 0x1AB0, 0x1AB4E6, 0x1AB5, 0x1ABADC, 0x1ABB, 0x1ABCE6,
  0x1ABD, 0x1ABDDC, 0x1ABF, 0x1AC0DC, 0x1AC1, 0x1AC2E6, 0x1AC3, 0x1AC4DC,
  0x1AC5, 0x1AC9E6, 0x1ACA, 0x1ACADC, 0x1ACB, 0x1ADCE6, 0x1ADD, 0x1ADDDC,
  0x1AE0, 0x1AE5E6, 0x1AE6, 0x1AE6DC, 0x1AE7, 0x1AEAE6, 0x1AEB, 0x1AEBEA,
  0x1B34, 0x1B3407, 0x1B44, 0x1B4409, 0x1B6B, 0x1B6BE6, 0x1B6C, 0x1B6CDC,
  0x1B6D, 0x1B73E6, 0x1BAA, 0x1BAB09, 0x1BE6, 0x1BE607, 0x1BF2, 0x1BF309,
  0x1C37, 0x1C3707, 0x1CD0, 0x1CD2E6, 0x1CD4, 0x1CD401, 0x1CD5, 0x1CD9DC,
  0x1CDA, 0x1CDBE6, 0x1CDC, 0x1CDFDC, 0x1CE0, 0x1CE0E6, 0x1CE2, 0x1CE801,
  0x1CED, 0x1CEDDC, 0x1CF4, 0x1CF4E6, 0x1CF8, 0x1CF9E6, 0x1DC0, 0x1DC1E6,
  0x1DC2, 0x1DC2DC, 0x1DC3, 0x1DC9E6, 0x1DCA, 0x1DCADC, 0x1DCB, 0x1DCCE6,
  0x1DCD, 0x1DCDEA, 0x1DCE, 0x1DCED6, 0x1DCF, 0x1DCFDC, 0x1DD0, 0x1DD0CA,
  0x1DD1, 0x1DF5E6, 0x1DF6, 0x1DF6E8, 0x1DF7, 0x1DF8E4, 0x1DF9, 0x1DF9DC,
  0x1DFA, 0x1DFADA, 0x1DFB, 0x1DFBE6, 0x1DFC, 0x1DFCE9, 0x1DFD, 0x1DFDDC,
  0x1DFE, 0x1DFEE6, 0x1DFF, 0x1DFFDC, 0x20D0, 0x20D1E6, 0x20D2, 0x20D301,
  0x20D4, 0x20D7E6, 0x20D8, 0x20DA01, 0x20DB, 0x20DCE6, 0x20E1, 0x20E1E6,
  0x20E5, 0x20E601, 0x20E7, 0x20E7E6, 0x20E8, 0x20E8DC, 0x20E9, 0x20E9E6,
  0x20EA, 0x20EB01, 0x20EC, 0x20EFDC, 0x20F0, 0x20F0E6, 0x2CEF, 0x2CF1E6,
  0x2D7F, 0x2D7F09, 0x2DE0, 0x2DFFE6, 0x302A, 0x302ADA, 0x302B, 0x302BE4,
  0x302C, 0x302CE8, 0x302D, 0x302DDE, 0x302E, 0x302FE0, 0x3099, 0x309A08,
  0xA66F, 0xA66FE6, 0xA674, 0xA67DE6, 0xA69E, 0xA69FE6, 0xA6F0, 0xA6F1E6,
  0xA806, 0xA80609, 0xA82C, 0xA82C09, 0xA8C4, 0xA8C409, 0xA8E0, 0xA8F1E6,
  0xA92B, 0xA92DDC, 0xA953, 0xA95309, 0xA9B3, 0xA9B307, 0xA9C0, 0xA9C009,
  0xAAB0, 0xAAB0E6, 0xAAB2, 0xAAB3E6, 0xAAB4, 0xAAB4DC, 0xAAB7, 0xAAB8E6,
  0xAABE, 0xAABFE6, 0xAAC1, 0xAAC1E6, 0xAAF6, 0xAAF609, 0xABED, 0xABED09,
  0xFB1E, 0xFB1E1A, 0xFE20, 0xFE26E6, 0xFE27, 0xFE2DDC, 0xFE2E, 0xFE2FE6,
  0x101FD, 0x101FDDC, 0x102E0, 0x102E0DC, 0x10376, 0x1037AE6, 0x10A0D, 0x10A0DDC,
  0x10A0F, 0x10A0FE6, 0x10A38, 0x10A38E6, 0x10A39, 0x10A3901, 0x10A3A, 0x10A3ADC,
  0x10A3F, 0x10A3F09, 0x10AE5, 0x10AE5E6, 0x10AE6, 0x10AE6DC, 0x10D24, 0x10D27E6,
  0x10D69, 0x10D6DE6, 0x10EAB, 0x10EACE6, 0x10EFA, 0x10EFBDC, 0x10EFD, 0x10EFFDC,
  0x10F46, 0x10F47DC, 0x10F48, 0x10F4AE6, 0x10F4B, 0x10F4BDC, 0x10F4C, 0x10F4CE6,
  0x10F4D, 0x10F50DC, 0x10F82, 0x10F82E6, 0x10F83, 0x10F83DC, 0x10F84, 0x10F84E6,
  0x10F85, 0x10F85DC, 0x11046, 0x1104609, 0x11070, 0x1107009, 0x1107F, 0x1107F09,
  0x110B9, 0x110B909, 0x110BA, 0x110BA07, 0x11100, 0x11102E6, 0x11133, 0x1113409,
  0x11173, 0x1117307, 0x111C0, 0x111C009, 0x111CA, 0x111CA07, 0x11235, 0x1123509,
  0x11236, 0x1123607, 0x112E9, 0x112E907, 0x112EA, 0x112EA09, 0x1133B, 0x1133C07,
  0x1134D, 0x1134D09, 0x11366, 0x1136CE6, 0x11370, 0x11374E6, 0x113CE, 0x113D009,
  0x11442, 0x1144209, 0x11446, 0x1144607, 0x1145E, 0x1145EE6, 0x114C2, 0x114C209,
  0x114C3, 0x114C307, 0x115BF, 0x115BF09, 0x115C0, 0x115C007, 0x1163F, 0x1163F09,
  0x116B6, 0x116B609, 0x116B7, 0x116B707, 0x1172B, 0x1172B09, 0x11839, 0x1183909,
  0x1183A, 0x1183A07, 0x1193D, 0x1193E09, 0x11943, 0x1194307, 0x119E0, 0x119E009,
  0x11A34, 0x11A3409, 0x11A47, 0x11A4709, 0x11A99, 0x11A9909, 0x11C3F, 0x11C3F09,
  0x11D42, 0x11D4207, 0x11D44, 0x11D4509, 0x11D97, 0x11D9709, 0x11F41, 0x11F4209,
  0x1612F, 0x1612F09, 0x16AF0, 0x16AF401, 0x16B30, 0x16B36E6, 0x16FF0, 0x16FF106,
  0x1BC9E, 0x1BC9E01, 0x1D165, 0x1D166D8, 0x1D167, 0x1D16901, 0x1D16D, 0x1D16DE2,
  0x1D16E, 0x1D172D8, 0x1D17B, 0x1D182DC, 0x1D185, 0x1D189E6, 0x1D18A, 0x1D18BDC,
  0x1D1AA, 0x1D1ADE6, 0x1D242, 0x1D244E6, 0x1E000, 0x1E006E6, 0x1E008, 0x1E018E6,
  0x1E01B, 0x1E021E6, 0x1E023, 0x1E024E6, 0x1E026, 0x1E02AE6, 0x1E08F, 0x1E08FE6,
  0x1E130, 0x1E136E6, 0x1E2AE, 0x1E2AEE6, 0x1E2EC, 0x1E2EFE6, 0x1E4EC, 0x1E4EDE8,
  0x1E4EE, 0x1E4EEDC, 0x1E4EF, 0x1E4EFE6, 0x1E5EE, 0x1E5EEE6, 0x1E5EF, 0x1E5EFDC,
  0x1E6E3, 0x1E6E3E6, 0x1E6E6, 0x1E6E6E6, 0x1E6EE, 0x1E6EFE6, 0x1E6F5, 0x1E6F5E6,
  0x1E8D0, 0x1E8D6DC, 0x1E944, 0x1E949E6, 0x1E94A, 0x1E94A07,
};

inline constexpr u32 decompositionIndexCount = 4162;
static const u32 decompositionIndex[4162] = {
  0xC0, 0x2, 0xC1, 0x202, 0xC2, 0x402, 0xC3, 0x602,
  0xC4, 0x802, 0xC5, 0xA02, 0xC7, 0xC02, 0xC8, 0xE02,
  0xC9, 0x1002, 0xCA, 0x1202, 0xCB, 0x1402, 0xCC, 0x1602,
  0xCD, 0x1802, 0xCE, 0x1A02, 0xCF, 0x1C02, 0xD1, 0x1E02,
  0xD2, 0x2002, 0xD3, 0x2202, 0xD4, 0x2402, 0xD5, 0x2602,
  0xD6, 0x2802, 0xD9, 0x2A02, 0xDA, 0x2C02, 0xDB, 0x2E02,
  0xDC, 0x3002, 0xDD, 0x3202, 0xE0, 0x3402, 0xE1, 0x3602,
  0xE2, 0x3802, 0xE3, 0x3A02, 0xE4, 0x3C02, 0xE5, 0x3E02,
  0xE7, 0x4002, 0xE8, 0x4202, 0xE9, 0x4402, 0xEA, 0x4602,
  0xEB, 0x4802, 0xEC, 0x4A02, 0xED, 0x4C02, 0xEE, 0x4E02,
  0xEF, 0x5002, 0xF1, 0x5202, 0xF2, 0x5402, 0xF3, 0x5602,
  0xF4, 0x5802, 0xF5, 0x5A02, 0xF6, 0x5C02, 0xF9, 0x5E02,
  0xFA, 0x6002, 0xFB, 0x6202, 0xFC, 0x6402, 0xFD, 0x6602,
  0xFF, 0x6802, 0x100, 0x6A02, 0x101, 0x6C02, 0x102, 0x6E02,
  0x103, 0x7002, 0x104, 0x7202, 0x105, 0x7402, 0x106, 0x7602,
  0x107, 0x7802, 0x108, 0x7A02, 0x109, 0x7C02, 0x10A, 0x7E02,
  0x10B, 0x8002, 0x10C, 0x8202, 0x10D, 0x8402, 0x10E, 0x8602,
  0x10F, 0x8802, 0x112, 0x8A02, 0x113, 0x8C02, 0x114, 0x8E02,
  0x115, 0x9002, 0x116, 0x9202, 0x117, 0x9402, 0x118, 0x9602,
  0x119, 0x9802, 0x11A, 0x9A02, 0x11B, 0x9C02, 0x11C, 0x9E02,
  0x11D, 0xA002, 0x11E, 0xA202, 0x11F, 0xA402, 0x120, 0xA602,
  0x121, 0xA802, 0x122, 0xAA02, 0x123, 0xAC02, 0x124, 0xAE02,
  0x125, 0xB002, 0x128, 0xB202, 0x129, 0xB402, 0x12A, 0xB602,
  0x12B, 0xB802, 0x12C, 0xBA02, 0x12D, 0xBC02, 0x12E, 0xBE02,
  0x12F, 0xC002, 0x130, 0xC202, 0x134, 0xC402, 0x135, 0xC602,
  0x136, 0xC802, 0x137, 0xCA02, 0x139, 0xCC02, 0x13A, 0xCE02,
  0x13B, 0xD002, 0x13C, 0xD202, 0x13D, 0xD402, 0x13E, 0xD602,
  0x143, 0xD802, 0x144, 0xDA02, 0x145, 0xDC02, 0x146, 0xDE02,
  0x147, 0xE002, 0x148, 0xE202, 0x14C, 0xE402, 0x14D, 0xE602,
  0x14E, 0xE802, 0x14F, 0xEA02, 0x150, 0xEC02, 0x151, 0xEE02,
  0x154, 0xF002, 0x155, 0xF202, 0x156, 0xF402, 0x157, 0xF602,
  0x158, 0xF802, 0x159, 0xFA02, 0x15A, 0xFC02, 0x15B, 0xFE02,
  0x15C, 0x10002, 0x15D, 0x10202, 0x15E, 0x10402, 0x15F, 0x10602,
  0x160, 0x10802, 0x161, 0x10A02, 0x162, 0x10C02, 0x163, 0x10E02,
  0x164, 0x11002, 0x165, 0x11202, 0x168, 0x11402, 0x169, 0x11602,
  0x16A, 0x11802, 0x16B, 0x11A02, 0x16C, 0x11C02, 0x16D, 0x11E02,
  0x16E, 0x12002, 0x16F, 0x12202, 0x170, 0x12402, 0x171, 0x12602,
  0x172, 0x12802, 0x173, 0x12A02, 0x174, 0x12C02, 0x175, 0x12E02,
  0x176, 0x13002, 0x177, 0x13202, 0x178, 0x13402, 0x179, 0x13602,
  0x17A, 0x13802, 0x17B, 0x13A02, 0x17C, 0x13C02, 0x17D, 0x13E02,
  0x17E, 0x14002, 0x1A0, 0x14202, 0x1A1, 0x14402, 0x1AF, 0x14602,
  0x1B0, 0x14802, 0x1CD, 0x14A02, 0x1CE, 0x14C02, 0x1CF, 0x14E02,
  0x1D0, 0x15002, 0x1D1, 0x15202, 0x1D2, 0x15402, 0x1D3, 0x15602,
  0x1D4, 0x15802, 0x1D5, 0x15A03, 0x1D6, 0x15D03, 0x1D7, 0x16003,
  0x1D8, 0x16303, 0x1D9, 0x16603, 0x1DA, 0x16903, 0x1DB, 0x16C03,
  0x1DC, 0x16F03, 0x1DE, 0x17203, 0x1DF, 0x17503, 0x1E0, 0x17803,
  0x1E1, 0x17B03, 0x1E2, 0x17E02, 0x1E3, 0x18002, 0x1E6, 0x18202,
  0x1E7, 0x18402, 0x1E8, 0x18602, 0x1E9, 0x18802, 0x1EA, 0x18A02,
  0x1EB, 0x18C02, 0x1EC, 0x18E03, 0x1ED, 0x19103, 0x1EE, 0x19402,
  0x1EF, 0x19602, 0x1F0, 0x19802, 0x1F4, 0x19A02, 0x1F5, 0x19C02,
  0x1F8, 0x19E02, 0x1F9, 0x1A002, 0x1FA, 0x1A203, 0x1FB, 0x1A503,
  0x1FC, 0x1A802, 0x1FD, 0x1AA02, 0x1FE, 0x1AC02, 0x1FF, 0x1AE02,
  0x200, 0x1B002, 0x201, 0x1B202, 0x202, 0x1B402, 0x203, 0x1B602,
  0x204, 0x1B802, 0x205, 0x1BA02, 0x206, 0x1BC02, 0x207, 0x1BE02,
  0x208, 0x1C002, 0x209, 0x1C202, 0x20A, 0x1C402, 0x20B, 0x1C602,
  0x20C, 0x1C802, 0x20D, 0x1CA02, 0x20E, 0x1CC02, 0x20F, 0x1CE02,
  0x210, 0x1D002, 0x211, 0x1D202, 0x212, 0x1D402, 0x213, 0x1D602,
  0x214, 0x1D802, 0x215, 0x1DA02, 0x216, 0x1DC02, 0x217, 0x1DE02,
  0x218, 0x1E002, 0x219, 0x1E202, 0x21A, 0x1E402, 0x21B, 0x1E602,
  0x21E, 0x1E802, 0x21F, 0x1EA02, 0x226, 0x1EC02, 0x227, 0x1EE02,
  0x228, 0x1F002, 0x229, 0x1F202, 0x22A, 0x1F403, 0x22B, 0x1F703,
  0x22C, 0x1FA03, 0x22D, 0x1FD03, 0x22E, 0x20002, 0x22F, 0x20202,
  0x230, 0x20403, 0x231, 0x20703, 0x232, 0x20A02, 0x233, 0x20C02,
  0x340, 0x20E01, 0x341, 0x20F01, 0x343, 0x21001, 0x344, 0x21102,
  0x374, 0x21301, 0x37E, 0x21401, 0x385, 0x21502, 0x386, 0x21702,
  0x387, 0x21901, 0x388, 0x21A02, 0x389, 0x21C02, 0x38A, 0x21E02,
  0x38C, 0x22002, 0x38E, 0x22202, 0x38F, 0x22402, 0x390, 0x22603,
  0x3AA, 0x22902, 0x3AB, 0x22B02, 0x3AC, 0x22D02, 0x3AD, 0x22F02,
  0x3AE, 0x23102, 0x3AF, 0x23302, 0x3B0, 0x23503, 0x3CA, 0x23802,
  0x3CB, 0x23A02, 0x3CC, 0x23C02, 0x3CD, 0x23E02, 0x3CE, 0x24002,
  0x3D3, 0x24202, 0x3D4, 0x24402, 0x400, 0x24602, 0x401, 0x24802,
  0x403, 0x24A02, 0x407, 0x24C02, 0x40C, 0x24E02, 0x40D, 0x25002,
  0x40E, 0x25202, 0x419, 0x25402, 0x439, 0x25602, 0x450, 0x25802,
  0x451, 0x25A02, 0x453, 0x25C02, 0x457, 0x25E02, 0x45C, 0x26002,
  0x45D, 0x26202, 0x45E, 0x26402, 0x476, 0x26602, 0x477, 0x26802,
  0x4C1, 0x26A02, 0x4C2, 0x26C02, 0x4D0, 0x26E02, 0x4D1, 0x27002,
  0x4D2, 0x27202, 0x4D3, 0x27402, 0x4D6, 0x27602, 0x4D7, 0x27802,
  0x4DA, 0x27A02, 0x4DB, 0x27C02, 0x4DC, 0x27E02, 0x4DD, 0x28002,
  0x4DE, 0x28202, 0x4DF, 0x28402, 0x4E2, 0x28602, 0x4E3, 0x28802,
  0x4E4, 0x28A02, 0x4E5, 0x28C02, 0x4E6, 0x28E02, 0x4E7, 0x29002,
  0x4EA, 0x29202, 0x4EB, 0x29402, 0x4EC, 0x29602, 0x4ED, 0x29802,
  0x4EE, 0x29A02, 0x4EF, 0x29C02, 0x4F0, 0x29E02, 0x4F1, 0x2A002,
  0x4F2, 0x2A202, 0x4F3, 0x2A402, 0x4F4, 0x2A602, 0x4F5, 0x2A802,
  0x4F8, 0x2AA02, 0x4F9, 0x2AC02, 0x622, 0x2AE02, 0x623, 0x2B002,
  0x624, 0x2B202, 0x625, 0x2B402, 0x626, 0x2B602, 0x6C0, 0x2B802,
  0x6C2, 0x2BA02, 0x6D3, 0x2BC02, 0x929, 0x2BE02, 0x931, 0x2C002,
  0x934, 0x2C202, 0x958, 0x2C402, 0x959, 0x2C602, 0x95A, 0x2C802,
  0x95B, 0x2CA02, 0x95C, 0x2CC02, 0x95D, 0x2CE02, 0x95E, 0x2D002,
  0x95F, 0x2D202, 0x9CB, 0x2D402, 0x9CC, 0x2D602, 0x9DC, 0x2D802,
  0x9DD, 0x2DA02, 0x9DF, 0x2DC02, 0xA33, 0x2DE02, 0xA36, 0x2E002,
  0xA59, 0x2E202, 0xA5A, 0x2E402, 0xA5B, 0x2E602, 0xA5E, 0x2E802,
  0xB48, 0x2EA02, 0xB4B, 0x2EC02, 0xB4C, 0x2EE02, 0xB5C, 0x2F002,
  0xB5D, 0x2F202, 0xB94, 0x2F402, 0xBCA, 0x2F602, 0xBCB, 0x2F802,
  0xBCC, 0x2FA02, 0xC48, 0x2FC02, 0xCC0, 0x2FE02, 0xCC7, 0x30002,
  0xCC8, 0x30202, 0xCCA, 0x30402, 0xCCB, 0x30603, 0xD4A, 0x30902,
  0xD4B, 0x30B02, 0xD4C, 0x30D02, 0xDDA, 0x30F02, 0xDDC, 0x31102,
  0xDDD, 0x31303, 0xDDE, 0x31602, 0xF43, 0x31802, 0xF4D, 0x31A02,
  0xF52, 0x31C02, 0xF57, 0x31E02, 0xF5C, 0x32002, 0xF69, 0x32202,
  0xF73, 0x32402, 0xF75, 0x32602, 0xF76, 0x32802, 0xF78, 0x32A02,
  0xF81, 0x32C02, 0xF93, 0x32E02, 0xF9D, 0x33002, 0xFA2, 0x33202,
  0xFA7, 0x33402, 0xFAC, 0x33602, 0xFB9, 0x33802, 0x1026, 0x33A02,
  0x1B06, 0x33C02, 0x1B08, 0x33E02, 0x1B0A, 0x34002, 0x1B0C, 0x34202,
  0x1B0E, 0x34402, 0x1B12, 0x34602, 0x1B3B, 0x34802, 0x1B3D, 0x34A02,
  0x1B40, 0x34C02, 0x1B41, 0x34E02, 0x1B43, 0x35002, 0x1E00, 0x35202,
  0x1E01, 0x35402, 0x1E02, 0x35602, 0x1E03, 0x35802, 0x1E04, 0x35A02,
  0x1E05, 0x35C02, 0x1E06, 0x35E02, 0x1E07, 0x36002, 0x1E08, 0x36203,
  0x1E09, 0x36503, 0x1E0A, 0x36802, 0x1E0B, 0x36A02, 0x1E0C, 0x36C02,
  0x1E0D, 0x36E02, 0x1E0E, 0x37002, 0x1E0F, 0x37202, 0x1E10, 0x37402,
  0x1E11, 0x37602, 0x1E12, 0x37802, 0x1E13, 0x37A02, 0x1E14, 0x37C03,
  0x1E15, 0x37F03, 0x1E16, 0x38203, 0x1E17, 0x38503, 0x1E18, 0x38802,
  0x1E19, 0x38A02, 0x1E1A, 0x38C02, 0x1E1B, 0x38E02, 0x1E1C, 0x39003,
  0x1E1D, 0x39303, 0x1E1E, 0x39602, 0x1E1F, 0x39802, 0x1E20, 0x39A02,
  0x1E21, 0x39C02, 0x1E22, 0x39E02, 0x1E23, 0x3A002, 0x1E24, 0x3A202,
  0x1E25, 0x3A402, 0x1E26, 0x3A602, 0x1E27, 0x3A802, 0x1E28, 0x3AA02,
  0x1E29, 0x3AC02, 0x1E2A, 0x3AE02, 0x1E2B, 0x3B002, 0x1E2C, 0x3B202,
  0x1E2D, 0x3B402, 0x1E2E, 0x3B603, 0x1E2F, 0x3B903, 0x1E30, 0x3BC02,
  0x1E31, 0x3BE02, 0x1E32, 0x3C002, 0x1E33, 0x3C202, 0x1E34, 0x3C402,
  0x1E35, 0x3C602, 0x1E36, 0x3C802, 0x1E37, 0x3CA02, 0x1E38, 0x3CC03,
  0x1E39, 0x3CF03, 0x1E3A, 0x3D202, 0x1E3B, 0x3D402, 0x1E3C, 0x3D602,
  0x1E3D, 0x3D802, 0x1E3E, 0x3DA02, 0x1E3F, 0x3DC02, 0x1E40, 0x3DE02,
  0x1E41, 0x3E002, 0x1E42, 0x3E202, 0x1E43, 0x3E402, 0x1E44, 0x3E602,
  0x1E45, 0x3E802, 0x1E46, 0x3EA02, 0x1E47, 0x3EC02, 0x1E48, 0x3EE02,
  0x1E49, 0x3F002, 0x1E4A, 0x3F202, 0x1E4B, 0x3F402, 0x1E4C, 0x3F603,
  0x1E4D, 0x3F903, 0x1E4E, 0x3FC03, 0x1E4F, 0x3FF03, 0x1E50, 0x40203,
  0x1E51, 0x40503, 0x1E52, 0x40803, 0x1E53, 0x40B03, 0x1E54, 0x40E02,
  0x1E55, 0x41002, 0x1E56, 0x41202, 0x1E57, 0x41402, 0x1E58, 0x41602,
  0x1E59, 0x41802, 0x1E5A, 0x41A02, 0x1E5B, 0x41C02, 0x1E5C, 0x41E03,
  0x1E5D, 0x42103, 0x1E5E, 0x42402, 0x1E5F, 0x42602, 0x1E60, 0x42802,
  0x1E61, 0x42A02, 0x1E62, 0x42C02, 0x1E63, 0x42E02, 0x1E64, 0x43003,
  0x1E65, 0x43303, 0x1E66, 0x43603, 0x1E67, 0x43903, 0x1E68, 0x43C03,
  0x1E69, 0x43F03, 0x1E6A, 0x44202, 0x1E6B, 0x44402, 0x1E6C, 0x44602,
  0x1E6D, 0x44802, 0x1E6E, 0x44A02, 0x1E6F, 0x44C02, 0x1E70, 0x44E02,
  0x1E71, 0x45002, 0x1E72, 0x45202, 0x1E73, 0x45402, 0x1E74, 0x45602,
  0x1E75, 0x45802, 0x1E76, 0x45A02, 0x1E77, 0x45C02, 0x1E78, 0x45E03,
  0x1E79, 0x46103, 0x1E7A, 0x46403, 0x1E7B, 0x46703, 0x1E7C, 0x46A02,
  0x1E7D, 0x46C02, 0x1E7E, 0x46E02, 0x1E7F, 0x47002, 0x1E80, 0x47202,
  0x1E81, 0x47402, 0x1E82, 0x47602, 0x1E83, 0x47802, 0x1E84, 0x47A02,
  0x1E85, 0x47C02, 0x1E86, 0x47E02, 0x1E87, 0x48002, 0x1E88, 0x48202,
  0x1E89, 0x48402, 0x1E8A, 0x48602, 0x1E8B, 0x48802, 0x1E8C, 0x48A02,
  0x1E8D, 0x48C02, 0x1E8E, 0x48E02, 0x1E8F, 0x49002, 0x1E90, 0x49202,
  0x1E91, 0x49402, 0x1E92, 0x49602, 0x1E93, 0x49802, 0x1E94, 0x49A02,
  0x1E95, 0x49C02, 0x1E96, 0x49E02, 0x1E97, 0x4A002, 0x1E98, 0x4A202,
  0x1E99, 0x4A402, 0x1E9B, 0x4A602, 0x1EA0, 0x4A802, 0x1EA1, 0x4AA02,
  0x1EA2, 0x4AC02, 0x1EA3, 0x4AE02, 0x1EA4, 0x4B003, 0x1EA5, 0x4B303,
  0x1EA6, 0x4B603, 0x1EA7, 0x4B903, 0x1EA8, 0x4BC03, 0x1EA9, 0x4BF03,
  0x1EAA, 0x4C203, 0x1EAB, 0x4C503, 0x1EAC, 0x4C803, 0x1EAD, 0x4CB03,
  0x1EAE, 0x4CE03, 0x1EAF, 0x4D103, 0x1EB0, 0x4D403, 0x1EB1, 0x4D703,
  0x1EB2, 0x4DA03, 0x1EB3, 0x4DD03, 0x1EB4, 0x4E003, 0x1EB5, 0x4E303,
  0x1EB6, 0x4E603, 0x1EB7, 0x4E903, 0x1EB8, 0x4EC02, 0x1EB9, 0x4EE02,
  0x1EBA, 0x4F002, 0x1EBB, 0x4F202, 0x1EBC, 0x4F402, 0x1EBD, 0x4F602,
  0x1EBE, 0x4F803, 0x1EBF, 0x4FB03, 0x1EC0, 0x4FE03, 0x1EC1, 0x50103,
  0x1EC2, 0x50403, 0x1EC3, 0x50703, 0x1EC4, 0x50A03, 0x1EC5, 0x50D03,
  0x1EC6, 0x51003, 0x1EC7, 0x51303, 0x1EC8, 0x51602, 0x1EC9, 0x51802,
  0x1ECA, 0x51A02, 0x1ECB, 0x51C02, 0x1ECC, 0x51E02, 0x1ECD, 0x52002,
  0x1ECE, 0x52202, 0x1ECF, 0x52402, 0x1ED0, 0x52603, 0x1ED1, 0x52903,
  0x1ED2, 0x52C03, 0x1ED3, 0x52F03, 0x1ED4, 0x53203, 0x1ED5, 0x53503,
  0x1ED6, 0x53803, 0x1ED7, 0x53B03, 0x1ED8, 0x53E03, 0x1ED9, 0x54103,
  0x1EDA, 0x54403, 0x1EDB, 0x54703, 0x1EDC, 0x54A03, 0x1EDD, 0x54D03,
  0x1EDE, 0x55003, 0x1EDF, 0x55303, 0x1EE0, 0x55603, 0x1EE1, 0x55903,
  0x1EE2, 0x55C03, 0x1EE3, 0x55F03, 0x1EE4, 0x56202, 0x1EE5, 0x56402,
  0x1EE6, 0x56602, 0x1EE7, 0x56802, 0x1EE8, 0x56A03, 0x1EE9, 0x56D03,
  0x1EEA, 0x57003, 0x1EEB, 0x57303, 0x1EEC, 0x57603, 0x1EED, 0x57903,
  0x1EEE, 0x57C03, 0x1EEF, 0x57F03, 0x1EF0, 0x58203, 0x1EF1, 0x58503,
  0x1EF2, 0x58802, 0x1EF3, 0x58A02, 0x1EF4, 0x58C02, 0x1EF5, 0x58E02,
  0x1EF6, 0x59002, 0x1EF7, 0x59202, 0x1EF8, 0x59402, 0x1EF9, 0x59602,
  0x1F00, 0x59802, 0x1F01, 0x59A02, 0x1F02, 0x59C03, 0x1F03, 0x59F03,
  0x1F04, 0x5A203, 0x1F05, 0x5A503, 0x1F06, 0x5A803, 0x1F07, 0x5AB03,
  0x1F08, 0x5AE02, 0x1F09, 0x5B002, 0x1F0A, 0x5B203, 0x1F0B, 0x5B503,
  0x1F0C, 0x5B803, 0x1F0D, 0x5BB03, 0x1F0E, 0x5BE03, 0x1F0F, 0x5C103,
  0x1F10, 0x5C402, 0x1F11, 0x5C602, 0x1F12, 0x5C803, 0x1F13, 0x5CB03,
  0x1F14, 0x5CE03, 0x1F15, 0x5D103, 0x1F18, 0x5D402, 0x1F19, 0x5D602,
  0x1F1A, 0x5D803, 0x1F1B, 0x5DB03, 0x1F1C, 0x5DE03, 0x1F1D, 0x5E103,
  0x1F20, 0x5E402, 0x1F21, 0x5E602, 0x1F22, 0x5E803, 0x1F23, 0x5EB03,
  0x1F24, 0x5EE03, 0x1F25, 0x5F103, 0x1F26, 0x5F403, 0x1F27, 0x5F703,
  0x1F28, 0x5FA02, 0x1F29, 0x5FC02, 0x1F2A, 0x5FE03, 0x1F2B, 0x60103,
  0x1F2C, 0x60403, 0x1F2D, 0x60703, 0x1F2E, 0x60A03, 0x1F2F, 0x60D03,
  0x1F30, 0x61002, 0x1F31, 0x61202, 0x1F32, 0x61403, 0x1F33, 0x61703,
  0x1F34, 0x61A03, 0x1F35, 0x61D03, 0x1F36, 0x62003, 0x1F37, 0x62303,
  0x1F38, 0x62602, 0x1F39, 0x62802, 0x1F3A, 0x62A03, 0x1F3B, 0x62D03,
  0x1F3C, 0x63003, 0x1F3D, 0x63303, 0x1F3E, 0x63603, 0x1F3F, 0x63903,
  0x1F40, 0x63C02, 0x1F41, 0x63E02, 0x1F42, 0x64003, 0x1F43, 0x64303,
  0x1F44, 0x64603, 0x1F45, 0x64903, 0x1F48, 0x64C02, 0x1F49, 0x64E02,
  0x1F4A, 0x65003, 0x1F4B, 0x65303, 0x1F4C, 0x65603, 0x1F4D, 0x65903,
  0x1F50, 0x65C02, 0x1F51, 0x65E02, 0x1F52, 0x66003, 0x1F53, 0x66303,
  0x1F54, 0x66603, 0x1F55, 0x66903, 0x1F56, 0x66C03, 0x1F57, 0x66F03,
  0x1F59, 0x67202, 0x1F5B, 0x67403, 0x1F5D, 0x67703, 0x1F5F, 0x67A03,
  0x1F60, 0x67D02, 0x1F61, 0x67F02, 0x1F62, 0x68103, 0x1F63, 0x68403,
  0x1F64, 0x68703, 0x1F65, 0x68A03, 0x1F66, 0x68D03, 0x1F67, 0x69003,
  0x1F68, 0x69302, 0x1F69, 0x69502, 0x1F6A, 0x69703, 0x1F6B, 0x69A03,
  0x1F6C, 0x69D03, 0x1F6D, 0x6A003, 0x1F6E, 0x6A303, 0x1F6F, 0x6A603,
  0x1F70, 0x6A902, 0x1F71, 0x6AB02, 0x1F72, 0x6AD02, 0x1F73, 0x6AF02,
  0x1F74, 0x6B102, 0x1F75, 0x6B302, 0x1F76, 0x6B502, 0x1F77, 0x6B702,
  0x1F78, 0x6B902, 0x1F79, 0x6BB02, 0x1F7A, 0x6BD02, 0x1F7B, 0x6BF02,
  0x1F7C, 0x6C102, 0x1F7D, 0x6C302, 0x1F80, 0x6C503, 0x1F81, 0x6C803,
  0x1F82, 0x6CB04, 0x1F83, 0x6CF04, 0x1F84, 0x6D304, 0x1F85, 0x6D704,
  0x1F86, 0x6DB04, 0x1F87, 0x6DF04, 0x1F88, 0x6E303, 0x1F89, 0x6E603,
  0x1F8A, 0x6E904, 0x1F8B, 0x6ED04, 0x1F8C, 0x6F104, 0x1F8D, 0x6F504,
  0x1F8E, 0x6F904, 0x1F8F, 0x6FD04, 0x1F90, 0x70103, 0x1F91, 0x70403,
  0x1F92, 0x70704, 0x1F93, 0x70B04, 0x1F94, 0x70F04, 0x1F95, 0x71304,
  0x1F96, 0x71704, 0x1F97, 0x71B04, 0x1F98, 0x71F03, 0x1F99, 0x72203,
  0x1F9A, 0x72504, 0x1F9B, 0x72904, 0x1F9C, 0x72D04, 0x1F9D, 0x73104,
  0x1F9E, 0x73504, 0x1F9F, 0x73904, 0x1FA0, 0x73D03, 0x1FA1, 0x74003,
  0x1FA2, 0x74304, 0x1FA3, 0x74704, 0x1FA4, 0x74B04, 0x1FA5, 0x74F04,
  0x1FA6, 0x75304, 0x1FA7, 0x75704, 0x1FA8, 0x75B03, 0x1FA9, 0x75E03,
  0x1FAA, 0x76104, 0x1FAB, 0x76504, 0x1FAC, 0x76904, 0x1FAD, 0x76D04,
  0x1FAE, 0x77104, 0x1FAF, 0x77504, 0x1FB0, 0x77902, 0x1FB1, 0x77B02,
  0x1FB2, 0x77D03, 0x1FB3, 0x78002, 0x1FB4, 0x78203, 0x1FB6, 0x78502,
  0x1FB7, 0x78703, 0x1FB8, 0x78A02, 0x1FB9, 0x78C02, 0x1FBA, 0x78E02,
  0x1FBB, 0x79002, 0x1FBC, 0x79202, 0x1FBE, 0x79401, 0x1FC1, 0x79502,
  0x1FC2, 0x79703, 0x1FC3, 0x79A02, 0x1FC4, 0x79C03, 0x1FC6, 0x79F02,
  0x1FC7, 0x7A103, 0x1FC8, 0x7A402, 0x1FC9, 0x7A602, 0x1FCA, 0x7A802,
  0x1FCB, 0x7AA02, 0x1FCC, 0x7AC02, 0x1FCD, 0x7AE02, 0x1FCE, 0x7B002,
  0x1FCF, 0x7B202, 0x1FD0, 0x7B402, 0x1FD1, 0x7B602, 0x1FD2, 0x7B803,
  0x1FD3, 0x7BB03, 0x1FD6, 0x7BE02, 0x1FD7, 0x7C003, 0x1FD8, 0x7C302,
  0x1FD9, 0x7C502, 0x1FDA, 0x7C702, 0x1FDB, 0x7C902, 0x1FDD, 0x7CB02,
  0x1FDE, 0x7CD02, 0x1FDF, 0x7CF02, 0x1FE0, 0x7D102, 0x1FE1, 0x7D302,
  0x1FE2, 0x7D503, 0x1FE3, 0x7D803, 0x1FE4, 0x7DB02, 0x1FE5, 0x7DD02,
  0x1FE6, 0x7DF02, 0x1FE7, 0x7E103, 0x1FE8, 0x7E402, 0x1FE9, 0x7E602,
  0x1FEA, 0x7E802, 0x1FEB, 0x7EA02, 0x1FEC, 0x7EC02, 0x1FED, 0x7EE02,
  0x1FEE, 0x7F002, 0x1FEF, 0x7F201, 0x1FF2, 0x7F303, 0x1FF3, 0x7F602,
  0x1FF4, 0x7F803, 0x1FF6, 0x7FB02, 0x1FF7, 0x7FD03, 0x1FF8, 0x80002,
  0x1FF9, 0x80202, 0x1FFA, 0x80402, 0x1FFB, 0x80602, 0x1FFC, 0x80802,
  0x1FFD, 0x80A01, 0x2000, 0x80B01, 0x2001, 0x80C01, 0x2126, 0x80D01,
  0x212A, 0x80E01, 0x212B, 0x80F02, 0x219A, 0x81102, 0x219B, 0x81302,
  0x21AE, 0x81502, 0x21CD, 0x81702, 0x21CE, 0x81902, 0x21CF, 0x81B02,
  0x2204, 0x81D02, 0x2209, 0x81F02, 0x220C, 0x82102, 0x2224, 0x82302,
  0x2226, 0x82502, 0x2241, 0x82702, 0x2244, 0x82902, 0x2247, 0x82B02,
  0x2249, 0x82D02, 0x2260, 0x82F02, 0x2262, 0x83102, 0x226D, 0x83302,
  0x226E, 0x83502, 0x226F, 0x83702, 0x2270, 0x83902, 0x2271, 0x83B02,
  0x2274, 0x83D02, 0x2275, 0x83F02, 0x2278, 0x84102, 0x2279, 0x84302,
  0x2280, 0x84502, 0x2281, 0x84702, 0x2284, 0x84902, 0x2285, 0x84B02,
  0x2288, 0x84D02, 0x2289, 0x84F02, 0x22AC, 0x85102, 0x22AD, 0x85302,
  0x22AE, 0x85502, 0x22AF, 0x85702, 0x22E0, 0x85902, 0x22E1, 0x85B02,
  0x22E2, 0x85D02, 0x22E3, 0x85F02, 0x22EA, 0x86102, 0x22EB, 0x86302,
  0x22EC, 0x86502, 0x22ED, 0x86702, 0x2329, 0x86901, 0x232A, 0x86A01,
  0x2ADC, 0x86B02, 0x304C, 0x86D02, 0x304E, 0x86F02, 0x3050, 0x87102,
  0x3052, 0x87302, 0x3054, 0x87502, 0x3056, 0x87702, 0x3058, 0x87902,
  0x305A, 0x87B02, 0x305C, 0x87D02, 0x305E, 0x87F02, 0x3060, 0x88102,
  0x3062, 0x88302, 0x3065, 0x88502, 0x3067, 0x88702, 0x3069, 0x88902,
  0x3070, 0x88B02, 0x3071, 0x88D02, 0x3073, 0x88F02, 0x3074, 0x89102,
  0x3076, 0x89302, 0x3077, 0x89502, 0x3079, 0x89702, 0x307A, 0x89902,
  0x307C, 0x89B02, 0x307D, 0x89D02, 0x3094, 0x89F02, 0x309E, 0x8A102,
  0x30AC, 0x8A302, 0x30AE, 0x8A502, 0x30B0, 0x8A702, 0x30B2, 0x8A902,
  0x30B4, 0x8AB02, 0x30B6, 0x8AD02, 0x30B8, 0x8AF02, 0x30BA, 0x8B102,
  0x30BC, 0x8B302, 0x30BE, 0x8B502, 0x30C0, 0x8B702, 0x30C2, 0x8B902,
  0x30C5, 0x8BB02, 0x30C7, 0x8BD02, 0x30C9, 0x8BF02, 0x30D0, 0x8C102,
  0x30D1, 0x8C302, 0x30D3, 0x8C502, 0x30D4, 0x8C702, 0x30D6, 0x8C902,
  0x30D7, 0x8CB02, 0x30D9, 0x8CD02, 0x30DA, 0x8CF02, 0x30DC, 0x8D102,
  0x30DD, 0x8D302, 0x30F4, 0x8D502, 0x30F7, 0x8D702, 0x30F8, 0x8D902,
  0x30F9, 0x8DB02, 0x30FA, 0x8DD02, 0x30FE, 0x8DF02, 0xF900, 0x8E101,
  0xF901, 0x8E201, 0xF902, 0x8E301, 0xF903, 0x8E401, 0xF904, 0x8E501,
  0xF905, 0x8E601, 0xF906, 0x8E701, 0xF907, 0x8E801, 0xF908, 0x8E901,
  0xF909, 0x8EA01, 0xF90A, 0x8EB01, 0xF90B, 0x8EC01, 0xF90C, 0x8ED01,
  0xF90D, 0x8EE01, 0xF90E, 0x8EF01, 0xF90F, 0x8F001, 0xF910, 0x8F101,
  0xF911, 0x8F201, 0xF912, 0x8F301, 0xF913, 0x8F401, 0xF914, 0x8F501,
  0xF915, 0x8F601, 0xF916, 0x8F701, 0xF917, 0x8F801, 0xF918, 0x8F901,
  0xF919, 0x8FA01, 0xF91A, 0x8FB01, 0xF91B, 0x8FC01, 0xF91C, 0x8FD01,
  0xF91D, 0x8FE01, 0xF91E, 0x8FF01, 0xF91F, 0x90001, 0xF920, 0x90101,
  0xF921, 0x90201, 0xF922, 0x90301, 0xF923, 0x90401, 0xF924, 0x90501,
  0xF925, 0x90601, 0xF926, 0x90701, 0xF927, 0x90801, 0xF928, 0x90901,
  0xF929, 0x90A01, 0xF92A, 0x90B01, 0xF92B, 0x90C01, 0xF92C, 0x90D01,
  0xF92D, 0x90E01, 0xF92E, 0x90F01, 0xF92F, 0x91001, 0xF930, 0x91101,
  0xF931, 0x91201, 0xF932, 0x91301, 0xF933, 0x91401, 0xF934, 0x91501,
  0xF935, 0x91601, 0xF936, 0x91701, 0xF937, 0x91801, 0xF938, 0x91901,
  0xF939, 0x91A01, 0xF93A, 0x91B01, 0xF93B, 0x91C01, 0xF93C, 0x91D01,
  0xF93D, 0x91E01, 0xF93E, 0x91F01, 0xF93F, 0x92001, 0xF940, 0x92101,
  0xF941, 0x92201, 0xF942, 0x92301, 0xF943, 0x92401, 0xF944, 0x92501,
  0xF945, 0x92601, 0xF946, 0x92701, 0xF947, 0x92801, 0xF948, 0x92901,
  0xF949, 0x92A01, 0xF94A, 0x92B01, 0xF94B, 0x92C01, 0xF94C, 0x92D01,
  0xF94D, 0x92E01, 0xF94E, 0x92F01, 0xF94F, 0x93001, 0xF950, 0x93101,
  0xF951, 0x93201, 0xF952, 0x93301, 0xF953, 0x93401, 0xF954, 0x93501,
  0xF955, 0x93601, 0xF956, 0x93701, 0xF957, 0x93801, 0xF958, 0x93901,
  0xF959, 0x93A01, 0xF95A, 0x93B01, 0xF95B, 0x93C01, 0xF95C, 0x93D01,
  0xF95D, 0x93E01, 0xF95E, 0x93F01, 0xF95F, 0x94001, 0xF960, 0x94101,
  0xF961, 0x94201, 0xF962, 0x94301, 0xF963, 0x94401, 0xF964, 0x94501,
  0xF965, 0x94601, 0xF966, 0x94701, 0xF967, 0x94801, 0xF968, 0x94901,
  0xF969, 0x94A01, 0xF96A, 0x94B01, 0xF96B, 0x94C01, 0xF96C, 0x94D01,
  0xF96D, 0x94E01, 0xF96E, 0x94F01, 0xF96F, 0x95001, 0xF970, 0x95101,
  0xF971, 0x95201, 0xF972, 0x95301, 0xF973, 0x95401, 0xF974, 0x95501,
  0xF975, 0x95601, 0xF976, 0x95701, 0xF977, 0x95801, 0xF978, 0x95901,
  0xF979, 0x95A01, 0xF97A, 0x95B01, 0xF97B, 0x95C01, 0xF97C, 0x95D01,
  0xF97D, 0x95E01, 0xF97E, 0x95F01, 0xF97F, 0x96001, 0xF980, 0x96101,
  0xF981, 0x96201, 0xF982, 0x96301, 0xF983, 0x96401, 0xF984, 0x96501,
  0xF985, 0x96601, 0xF986, 0x96701, 0xF987, 0x96801, 0xF988, 0x96901,
  0xF989, 0x96A01, 0xF98A, 0x96B01, 0xF98B, 0x96C01, 0xF98C, 0x96D01,
  0xF98D, 0x96E01, 0xF98E, 0x96F01, 0xF98F, 0x97001, 0xF990, 0x97101,
  0xF991, 0x97201, 0xF992, 0x97301, 0xF993, 0x97401, 0xF994, 0x97501,
  0xF995, 0x97601, 0xF996, 0x97701, 0xF997, 0x97801, 0xF998, 0x97901,
  0xF999, 0x97A01, 0xF99A, 0x97B01, 0xF99B, 0x97C01, 0xF99C, 0x97D01,
  0xF99D, 0x97E01, 0xF99E, 0x97F01, 0xF99F, 0x98001, 0xF9A0, 0x98101,
  0xF9A1, 0x98201, 0xF9A2, 0x98301, 0xF9A3, 0x98401, 0xF9A4, 0x98501,
  0xF9A5, 0x98601, 0xF9A6, 0x98701, 0xF9A7, 0x98801, 0xF9A8, 0x98901,
  0xF9A9, 0x98A01, 0xF9AA, 0x98B01, 0xF9AB, 0x98C01, 0xF9AC, 0x98D01,
  0xF9AD, 0x98E01, 0xF9AE, 0x98F01, 0xF9AF, 0x99001, 0xF9B0, 0x99101,
  0xF9B1, 0x99201, 0xF9B2, 0x99301, 0xF9B3, 0x99401, 0xF9B4, 0x99501,
  0xF9B5, 0x99601, 0xF9B6, 0x99701, 0xF9B7, 0x99801, 0xF9B8, 0x99901,
  0xF9B9, 0x99A01, 0xF9BA, 0x99B01, 0xF9BB, 0x99C01, 0xF9BC, 0x99D01,
  0xF9BD, 0x99E01, 0xF9BE, 0x99F01, 0xF9BF, 0x9A001, 0xF9C0, 0x9A101,
  0xF9C1, 0x9A201, 0xF9C2, 0x9A301, 0xF9C3, 0x9A401, 0xF9C4, 0x9A501,
  0xF9C5, 0x9A601, 0xF9C6, 0x9A701, 0xF9C7, 0x9A801, 0xF9C8, 0x9A901,
  0xF9C9, 0x9AA01, 0xF9CA, 0x9AB01, 0xF9CB, 0x9AC01, 0xF9CC, 0x9AD01,
  0xF9CD, 0x9AE01, 0xF9CE, 0x9AF01, 0xF9CF, 0x9B001, 0xF9D0, 0x9B101,
  0xF9D1, 0x9B201, 0xF9D2, 0x9B301, 0xF9D3, 0x9B401, 0xF9D4, 0x9B501,
  0xF9D5, 0x9B601, 0xF9D6, 0x9B701, 0xF9D7, 0x9B801, 0xF9D8, 0x9B901,
  0xF9D9, 0x9BA01, 0xF9DA, 0x9BB01, 0xF9DB, 0x9BC01, 0xF9DC, 0x9BD01,
  0xF9DD, 0x9BE01, 0xF9DE, 0x9BF01, 0xF9DF, 0x9C001, 0xF9E0, 0x9C101,
  0xF9E1, 0x9C201, 0xF9E2, 0x9C301, 0xF9E3, 0x9C401, 0xF9E4, 0x9C501,
  0xF9E5, 0x9C601, 0xF9E6, 0x9C701, 0xF9E7, 0x9C801, 0xF9E8, 0x9C901,
  0xF9E9, 0x9CA01, 0xF9EA, 0x9CB01, 0xF9EB, 0x9CC01, 0xF9EC, 0x9CD01,
  0xF9ED, 0x9CE01, 0xF9EE, 0x9CF01, 0xF9EF, 0x9D001, 0xF9F0, 0x9D101,
  0xF9F1, 0x9D201, 0xF9F2, 0x9D301, 0xF9F3, 0x9D401, 0xF9F4, 0x9D501,
  0xF9F5, 0x9D601, 0xF9F6, 0x9D701, 0xF9F7, 0x9D801, 0xF9F8, 0x9D901,
  0xF9F9, 0x9DA01, 0xF9FA, 0x9DB01, 0xF9FB, 0x9DC01, 0xF9FC, 0x9DD01,
  0xF9FD, 0x9DE01, 0xF9FE, 0x9DF01, 0xF9FF, 0x9E001, 0xFA00, 0x9E101,
  0xFA01, 0x9E201, 0xFA02, 0x9E301, 0xFA03, 0x9E401, 0xFA04, 0x9E501,
  0xFA05, 0x9E601, 0xFA06, 0x9E701, 0xFA07, 0x9E801, 0xFA08, 0x9E901,
  0xFA09, 0x9EA01, 0xFA0A, 0x9EB01, 0xFA0B, 0x9EC01, 0xFA0C, 0x9ED01,
  0xFA0D, 0x9EE01, 0xFA10, 0x9EF01, 0xFA12, 0x9F001, 0xFA15, 0x9F101,
  0xFA16, 0x9F201, 0xFA17, 0x9F301, 0xFA18, 0x9F401, 0xFA19, 0x9F501,
  0xFA1A, 0x9F601, 0xFA1B, 0x9F701, 0xFA1C, 0x9F801, 0xFA1D, 0x9F901,
  0xFA1E, 0x9FA01, 0xFA20, 0x9FB01, 0xFA22, 0x9FC01, 0xFA25, 0x9FD01,
  0xFA26, 0x9FE01, 0xFA2A, 0x9FF01, 0xFA2B, 0xA0001, 0xFA2C, 0xA0101,
  0xFA2D, 0xA0201, 0xFA2E, 0xA0301, 0xFA2F, 0xA0401, 0xFA30, 0xA0501,
  0xFA31, 0xA0601, 0xFA32, 0xA0701, 0xFA33, 0xA0801, 0xFA34, 0xA0901,
  0xFA35, 0xA0A01, 0xFA36, 0xA0B01, 0xFA37, 0xA0C01, 0xFA38, 0xA0D01,
  0xFA39, 0xA0E01, 0xFA3A, 0xA0F01, 0xFA3B, 0xA1001, 0xFA3C, 0xA1101,
  0xFA3D, 0xA1201, 0xFA3E, 0xA1301, 0xFA3F, 0xA1401, 0xFA40, 0xA1501,
  0xFA41, 0xA1601, 0xFA42, 0xA1701, 0xFA43, 0xA1801, 0xFA44, 0xA1901,
  0xFA45, 0xA1A01, 0xFA46, 0xA1B01, 0xFA47, 0xA1C01, 0xFA48, 0xA1D01,
  0xFA49, 0xA1E01, 0xFA4A, 0xA1F01, 0xFA4B, 0xA2001, 0xFA4C, 0xA2101,
  0xFA4D, 0xA2201, 0xFA4E, 0xA2301, 0xFA4F, 0xA2401, 0xFA50, 0xA2501,
  0xFA51, 0xA2601, 0xFA52, 0xA2701, 0xFA53, 0xA2801, 0xFA54, 0xA2901,
  0xFA55, 0xA2A01, 0xFA56, 0xA2B01, 0xFA57, 0xA2C01, 0xFA58, 0xA2D01,
  0xFA59, 0xA2E01, 0xFA5A, 0xA2F01, 0xFA5B, 0xA3001, 0xFA5C, 0xA3101,
  0xFA5D, 0xA3201, 0xFA5E, 0xA3301, 0xFA5F, 0xA3401, 0xFA60, 0xA3501,
  0xFA61, 0xA3601, 0xFA62, 0xA3701, 0xFA63, 0xA3801, 0xFA64, 0xA3901,
  0xFA65, 0xA3A01, 0xFA66, 0xA3B01, 0xFA67, 0xA3C01, 0xFA68, 0xA3D01,
  0xFA69, 0xA3E01, 0xFA6A, 0xA3F01, 0xFA6B, 0xA4001, 0xFA6C, 0xA4101,
  0xFA6D, 0xA4201, 0xFA70, 0xA4301, 0xFA71, 0xA4401, 0xFA72, 0xA4501,
  0xFA73, 0xA4601, 0xFA74, 0xA4701, 0xFA75, 0xA4801, 0xFA76, 0xA4901,
  0xFA77, 0xA4A01, 0xFA78, 0xA4B01, 0xFA79, 0xA4C01, 0xFA7A, 0xA4D01,
  0xFA7B, 0xA4E01, 0xFA7C, 0xA4F01, 0xFA7D, 0xA5001, 0xFA7E, 0xA5101,
  0xFA7F, 0xA5201, 0xFA80, 0xA5301, 0xFA81, 0xA5401, 0xFA82, 0xA5501,
  0xFA83, 0xA5601, 0xFA84, 0xA5701, 0xFA85, 0xA5801, 0xFA86, 0xA5901,
  0xFA87, 0xA5A01, 0xFA88, 0xA5B01, 0xFA89, 0xA5C01, 0xFA8A, 0xA5D01,
  0xFA8B, 0xA5E01, 0xFA8C, 0xA5F01, 0xFA8D, 0xA6001, 0xFA8E, 0xA6101,
  0xFA8F, 0xA6201, 0xFA90, 0xA6301, 0xFA91, 0xA6401, 0xFA92, 0xA6501,
  0xFA93, 0xA6601, 0xFA94, 0xA6701, 0xFA95, 0xA6801, 0xFA96, 0xA6901,
  0xFA97, 0xA6A01, 0xFA98, 0xA6B01, 0xFA99, 0xA6C01, 0xFA9A, 0xA6D01,
  0xFA9B, 0xA6E01, 0xFA9C, 0xA6F01, 0xFA9D, 0xA7001, 0xFA9E, 0xA7101,
  0xFA9F, 0xA7201, 0xFAA0, 0xA7301, 0xFAA1, 0xA7401, 0xFAA2, 0xA7501,
  0xFAA3, 0xA7601, 0xFAA4, 0xA7701, 0xFAA5, 0xA7801, 0xFAA6, 0xA7901,
  0xFAA7, 0xA7A01, 0xFAA8, 0xA7B01, 0xFAA9, 0xA7C01, 0xFAAA, 0xA7D01,
  0xFAAB, 0xA7E01, 0xFAAC, 0xA7F01, 0xFAAD, 0xA8001, 0xFAAE, 0xA8101,
  0xFAAF, 0xA8201, 0xFAB0, 0xA8301, 0xFAB1, 0xA8401, 0xFAB2, 0xA8501,
  0xFAB3, 0xA8601, 0xFAB4, 0xA8701, 0xFAB5, 0xA8801, 0xFAB6, 0xA8901,
  0xFAB7, 0xA8A01, 0xFAB8, 0xA8B01, 0xFAB9, 0xA8C01, 0xFABA, 0xA8D01,
  0xFABB, 0xA8E01, 0xFABC, 0xA8F01, 0xFABD, 0xA9001, 0xFABE, 0xA9101,
  0xFABF, 0xA9201, 0xFAC0, 0xA9301, 0xFAC1, 0xA9401, 0xFAC2, 0xA9501,
  0xFAC3, 0xA9601, 0xFAC4, 0xA9701, 0xFAC5, 0xA9801, 0xFAC6, 0xA9901,
  0xFAC7, 0xA9A01, 0xFAC8, 0xA9B01, 0xFAC9, 0xA9C01, 0xFACA, 0xA9D01,
  0xFACB, 0xA9E01, 0xFACC, 0xA9F01, 0xFACD, 0xAA001, 0xFACE, 0xAA101,
  0xFACF, 0xAA201, 0xFAD0, 0xAA301, 0xFAD1, 0xAA401, 0xFAD2, 0xAA501,
  0xFAD3, 0xAA601, 0xFAD4, 0xAA701, 0xFAD5, 0xAA801, 0xFAD6, 0xAA901,
  0xFAD7, 0xAAA01, 0xFAD8, 0xAAB01, 0xFAD9, 0xAAC01, 0xFB1D, 0xAAD02,
  0xFB1F, 0xAAF02, 0xFB2A, 0xAB102, 0xFB2B, 0xAB302, 0xFB2C, 0xAB503,
  0xFB2D, 0xAB803, 0xFB2E, 0xABB02, 0xFB2F, 0xABD02, 0xFB30, 0xABF02,
  0xFB31, 0xAC102, 0xFB32, 0xAC302, 0xFB33, 0xAC502, 0xFB34, 0xAC702,
  0xFB35, 0xAC902, 0xFB36, 0xACB02, 0xFB38, 0xACD02, 0xFB39, 0xACF02,
  0xFB3A, 0xAD102, 0xFB3B, 0xAD302, 0xFB3C, 0xAD502, 0xFB3E, 0xAD702,
  0xFB40, 0xAD902, 0xFB41, 0xADB02, 0xFB43, 0xADD02, 0xFB44, 0xADF02,
  0xFB46, 0xAE102, 0xFB47, 0xAE302, 0xFB48, 0xAE502, 0xFB49, 0xAE702,
  0xFB4A, 0xAE902, 0xFB4B, 0xAEB02, 0xFB4C, 0xAED02, 0xFB4D, 0xAEF02,
  0xFB4E, 0xAF102, 0x105C9, 0xAF302, 0x105E4, 0xAF502, 0x1109A, 0xAF702,
  0x1109C, 0xAF902, 0x110AB, 0xAFB02, 0x1112E, 0xAFD02, 0x1112F, 0xAFF02,
  0x1134B, 0xB0102, 0x1134C, 0xB0302, 0x11383, 0xB0502, 0x11385, 0xB0702,
  0x1138E, 0xB0902, 0x11391, 0xB0B02, 0x113C5, 0xB0D02, 0x113C7, 0xB0F02,
  0x113C8, 0xB1102, 0x114BB, 0xB1302, 0x114BC, 0xB1502, 0x114BE, 0xB1702,
  0x115BA, 0xB1902, 0x115BB, 0xB1B02, 0x11938, 0xB1D02, 0x16121, 0xB1F02,
  0x16122, 0xB2102, 0x16123, 0xB2302, 0x16124, 0xB2502, 0x16125, 0xB2702,
  0x16126, 0xB2903, 0x16127, 0xB2C03, 0x16128, 0xB2F03, 0x16D68, 0xB3202,
  0x16D69, 0xB3402, 0x16D6A, 0xB3603, 0x1D15E, 0xB3902, 0x1D15F, 0xB3B02,
  0x1D160, 0xB3D03, 0x1D161, 0xB4003, 0x1D162, 0xB4303, 0x1D163, 0xB4603,
  0x1D164, 0xB4903, 0x1D1BB, 0xB4C02, 0x1D1BC, 0xB4E02, 0x1D1BD, 0xB5003,
  0x1D1BE, 0xB5303, 0x1D1BF, 0xB5603, 0x1D1C0, 0xB5903, 0x2F800, 0xB5C01,
  0x2F801, 0xB5D01, 0x2F802, 0xB5E01, 0x2F803, 0xB5F01, 0x2F804, 0xB6001,
  0x2F805, 0xB6101, 0x2F806, 0xB6201, 0x2F807, 0xB6301, 0x2F808, 0xB6401,
  0x2F809, 0xB6501, 0x2F80A, 0xB6601, 0x2F80B, 0xB6701, 0x2F80C, 0xB6801,
  0x2F80D, 0xB6901, 0x2F80E, 0xB6A01, 0x2F80F, 0xB6B01, 0x2F810, 0xB6C01,
  0x2F811, 0xB6D01, 0x2F812, 0xB6E01, 0x2F813, 0xB6F01, 0x2F814, 0xB7001,
  0x2F815, 0xB7101, 0x2F816, 0xB7201, 0x2F817, 0xB7301, 0x2F818, 0xB7401,
  0x2F819, 0xB7501, 0x2F81A, 0xB7601, 0x2F81B, 0xB7701, 0x2F81C, 0xB7801,
  0x2F81D, 0xB7901, 0x2F81E, 0xB7A01, 0x2F81F, 0xB7B01, 0x2F820, 0xB7C01,
  0x2F821, 0xB7D01, 0x2F822, 0xB7E01, 0x2F823, 0xB7F01, 0x2F824, 0xB8001,
  0x2F825, 0xB8101, 0x2F826, 0xB8201, 0x2F827, 0xB8301, 0x2F828, 0xB8401,
  0x2F829, 0xB8501, 0x2F82A, 0xB8601, 0x2F82B, 0xB8701, 0x2F82C, 0xB8801,
  0x2F82D, 0xB8901, 0x2F82E, 0xB8A01, 0x2F82F, 0xB8B01, 0x2F830, 0xB8C01,
  0x2F831, 0xB8D01, 0x2F832, 0xB8E01, 0x2F833, 0xB8F01, 0x2F834, 0xB9001,
  0x2F835, 0xB9101, 0x2F836, 0xB9201, 0x2F837, 0xB9301, 0x2F838, 0xB9401,
  0x2F839, 0xB9501, 0x2F83A, 0xB9601, 0x2F83B, 0xB9701, 0x2F83C, 0xB9801,
  0x2F83D, 0xB9901, 0x2F83E, 0xB9A01, 0x2F83F, 0xB9B01, 0x2F840, 0xB9C01,
  0x2F841, 0xB9D01, 0x2F842, 0xB9E01, 0x2F843, 0xB9F01, 0x2F844, 0xBA001,
  0x2F845, 0xBA101, 0x2F846, 0xBA201, 0x2F847, 0xBA301, 0x2F848, 0xBA401,
  0x2F849, 0xBA501, 0x2F84A, 0xBA601, 0x2F84B, 0xBA701, 0x2F84C, 0xBA801,
  0x2F84D, 0xBA901, 0x2F84E, 0xBAA01, 0x2F84F, 0xBAB01, 0x2F850, 0xBAC01,
  0x2F851, 0xBAD01, 0x2F852, 0xBAE01, 0x2F853, 0xBAF01, 0x2F854, 0xBB001,
  0x2F855, 0xBB101, 0x2F856, 0xBB201, 0x2F857, 0xBB301, 0x2F858, 0xBB401,
  0x2F859, 0xBB501, 0x2F85A, 0xBB601, 0x2F85B, 0xBB701, 0x2F85C, 0xBB801,
  0x2F85D, 0xBB901, 0x2F85E, 0xBBA01, 0x2F85F, 0xBBB01, 0x2F860, 0xBBC01,
  0x2F861, 0xBBD01, 0x2F862, 0xBBE01, 0x2F863, 0xBBF01, 0x2F864, 0xBC001,
  0x2F865, 0xBC101, 0x2F866, 0xBC201, 0x2F867, 0xBC301, 0x2F868, 0xBC401,
  0x2F869, 0xBC501, 0x2F86A, 0xBC601, 0x2F86B, 0xBC701, 0x2F86C, 0xBC801,
  0x2F86D, 0xBC901, 0x2F86E, 0xBCA01, 0x2F86F, 0xBCB01, 0x2F870, 0xBCC01,
  0x2F871, 0xBCD01, 0x2F872, 0xBCE01, 0x2F873, 0xBCF01, 0x2F874, 0xBD001,
  0x2F875, 0xBD101, 0x2F876, 0xBD201, 0x2F877, 0xBD301, 0x2F878, 0xBD401,
  0x2F879, 0xBD501, 0x2F87A, 0xBD601, 0x2F87B, 0xBD701, 0x2F87C, 0xBD801,
  0x2F87D, 0xBD901, 0x2F87E, 0xBDA01, 0x2F87F, 0xBDB01, 0x2F880, 0xBDC01,
  0x2F881, 0xBDD01, 0x2F882, 0xBDE01, 0x2F883, 0xBDF01, 0x2F884, 0xBE001,
  0x2F885, 0xBE101, 0x2F886, 0xBE201, 0x2F887, 0xBE301, 0x2F888, 0xBE401,
  0x2F889, 0xBE501, 0x2F88A, 0xBE601, 0x2F88B, 0xBE701, 0x2F88C, 0xBE801,
  0x2F88D, 0xBE901, 0x2F88E, 0xBEA01, 0x2F88F, 0xBEB01, 0x2F890, 0xBEC01,
  0x2F891, 0xBED01, 0x2F892, 0xBEE01, 0x2F893, 0xBEF01, 0x2F894, 0xBF001,
  0x2F895, 0xBF101, 0x2F896, 0xBF201, 0x2F897, 0xBF301, 0x2F898, 0xBF401,
  0x2F899, 0xBF501, 0x2F89A, 0xBF601, 0x2F89B, 0xBF701, 0x2F89C, 0xBF801,
  0x2F89D, 0xBF901, 0x2F89E, 0xBFA01, 0x2F89F, 0xBFB01, 0x2F8A0, 0xBFC01,
  0x2F8A1, 0xBFD01, 0x2F8A2, 0xBFE01, 0x2F8A3, 0xBFF01, 0x2F8A4, 0xC0001,
  0x2F8A5, 0xC0101, 0x2F8A6, 0xC0201, 0x2F8A7, 0xC0301, 0x2F8A8, 0xC0401,
  0x2F8A9, 0xC0501, 0x2F8AA, 0xC0601, 0x2F8AB, 0xC0701, 0x2F8AC, 0xC0801,
  0x2F8AD, 0xC0901, 0x2F8AE, 0xC0A01, 0x2F8AF, 0xC0B01, 0x2F8B0, 0xC0C01,
  0x2F8B1, 0xC0D01, 0x2F8B2, 0xC0E01, 0x2F8B3, 0xC0F01, 0x2F8B4, 0xC1001,
  0x2F8B5, 0xC1101, 0x2F8B6, 0xC1201, 0x2F8B7, 0xC1301, 0x2F8B8, 0xC1401,
  0x2F8B9, 0xC1501, 0x2F8BA, 0xC1601, 0x2F8BB, 0xC1701, 0x2F8BC, 0xC1801,
  0x2F8BD, 0xC1901, 0x2F8BE, 0xC1A01, 0x2F8BF, 0xC1B01, 0x2F8C0, 0xC1C01,
  0x2F8C1, 0xC1D01, 0x2F8C2, 0xC1E01, 0x2F8C3, 0xC1F01, 0x2F8C4, 0xC2001,
  0x2F8C5, 0xC2101, 0x2F8C6, 0xC2201, 0x2F8C7, 0xC2301, 0x2F8C8, 0xC2401,
  0x2F8C9, 0xC2501, 0x2F8CA, 0xC2601, 0x2F8CB, 0xC2701, 0x2F8CC, 0xC2801,
  0x2F8CD, 0xC2901, 0x2F8CE, 0xC2A01, 0x2F8CF, 0xC2B01, 0x2F8D0, 0xC2C01,
  0x2F8D1, 0xC2D01, 0x2F8D2, 0xC2E01, 0x2F8D3, 0xC2F01, 0x2F8D4, 0xC3001,
  0x2F8D5, 0xC3101, 0x2F8D6, 0xC3201, 0x2F8D7, 0xC3301, 0x2F8D8, 0xC3401,
  0x2F8D9, 0xC3501, 0x2F8DA, 0xC3601, 0x2F8DB, 0xC3701, 0x2F8DC, 0xC3801,
  0x2F8DD, 0xC3901, 0x2F8DE, 0xC3A01, 0x2F8DF, 0xC3B01, 0x2F8E0, 0xC3C01,
  0x2F8E1, 0xC3D01, 0x2F8E2, 0xC3E01, 0x2F8E3, 0xC3F01, 0x2F8E4, 0xC4001,
  0x2F8E5, 0xC4101, 0x2F8E6, 0xC4201, 0x2F8E7, 0xC4301, 0x2F8E8, 0xC4401,
  0x2F8E9, 0xC4501, 0x2F8EA, 0xC4601, 0x2F8EB, 0xC4701, 0x2F8EC, 0xC4801,
  0x2F8ED, 0xC4901, 0x2F8EE, 0xC4A01, 0x2F8EF, 0xC4B01, 0x2F8F0, 0xC4C01,
  0x2F8F1, 0xC4D01, 0x2F8F2, 0xC4E01, 0x2F8F3, 0xC4F01, 0x2F8F4, 0xC5001,
  0x2F8F5, 0xC5101, 0x2F8F6, 0xC5201, 0x2F8F7, 0xC5301, 0x2F8F8, 0xC5401,
  0x2F8F9, 0xC5501, 0x2F8FA, 0xC5601, 0x2F8FB, 0xC5701, 0x2F8FC, 0xC5801,
  0x2F8FD, 0xC5901, 0x2F8FE, 0xC5A01, 0x2F8FF, 0xC5B01, 0x2F900, 0xC5C01,
  0x2F901, 0xC5D01, 0x2F902, 0xC5E01, 0x2F903, 0xC5F01, 0x2F904, 0xC6001,
  0x2F905, 0xC6101, 0x2F906, 0xC6201, 0x2F907, 0xC6301, 0x2F908, 0xC6401,
  0x2F909, 0xC6501, 0x2F90A, 0xC6601, 0x2F90B, 0xC6701, 0x2F90C, 0xC6801,
  0x2F90D, 0xC6901, 0x2F90E, 0xC6A01, 0x2F90F, 0xC6B01, 0x2F910, 0xC6C01,
  0x2F911, 0xC6D01, 0x2F912, 0xC6E01, 0x2F913, 0xC6F01, 0x2F914, 0xC7001,
  0x2F915, 0xC7101, 0x2F916, 0xC7201, 0x2F917, 0xC7301, 0x2F918, 0xC7401,
  0x2F919, 0xC7501, 0x2F91A, 0xC7601, 0x2F91B, 0xC7701, 0x2F91C, 0xC7801,
  0x2F91D, 0xC7901, 0x2F91E, 0xC7A01, 0x2F91F, 0xC7B01, 0x2F920, 0xC7C01,
  0x2F921, 0xC7D01, 0x2F922, 0xC7E01, 0x2F923, 0xC7F01, 0x2F924, 0xC8001,
  0x2F925, 0xC8101, 0x2F926, 0xC8201, 0x2F927, 0xC8301, 0x2F928, 0xC8401,
  0x2F929, 0xC8501, 0x2F92A, 0xC8601, 0x2F92B, 0xC8701, 0x2F92C, 0xC8801,
  0x2F92D, 0xC8901, 0x2F92E, 0xC8A01, 0x2F92F, 0xC8B01, 0x2F930, 0xC8C01,
  0x2F931, 0xC8D01, 0x2F932, 0xC8E01, 0x2F933, 0xC8F01, 0x2F934, 0xC9001,
  0x2F935, 0xC9101, 0x2F936, 0xC9201, 0x2F937, 0xC9301, 0x2F938, 0xC9401,
  0x2F939, 0xC9501, 0x2F93A, 0xC9601, 0x2F93B, 0xC9701, 0x2F93C, 0xC9801,
  0x2F93D, 0xC9901, 0x2F93E, 0xC9A01, 0x2F93F, 0xC9B01, 0x2F940, 0xC9C01,
  0x2F941, 0xC9D01, 0x2F942, 0xC9E01, 0x2F943, 0xC9F01, 0x2F944, 0xCA001,
  0x2F945, 0xCA101, 0x2F946, 0xCA201, 0x2F947, 0xCA301, 0x2F948, 0xCA401,
  0x2F949, 0xCA501, 0x2F94A, 0xCA601, 0x2F94B, 0xCA701, 0x2F94C, 0xCA801,
  0x2F94D, 0xCA901, 0x2F94E, 0xCAA01, 0x2F94F, 0xCAB01, 0x2F950, 0xCAC01,
  0x2F951, 0xCAD01, 0x2F952, 0xCAE01, 0x2F953, 0xCAF01, 0x2F954, 0xCB001,
  0x2F955, 0xCB101, 0x2F956, 0xCB201, 0x2F957, 0xCB301, 0x2F958, 0xCB401,
  0x2F959, 0xCB501, 0x2F95A, 0xCB601, 0x2F95B, 0xCB701, 0x2F95C, 0xCB801,
  0x2F95D, 0xCB901, 0x2F95E, 0xCBA01, 0x2F95F, 0xCBB01, 0x2F960, 0xCBC01,
  0x2F961, 0xCBD01, 0x2F962, 0xCBE01, 0x2F963, 0xCBF01, 0x2F964, 0xCC001,
  0x2F965, 0xCC101, 0x2F966, 0xCC201, 0x2F967, 0xCC301, 0x2F968, 0xCC401,
  0x2F969, 0xCC501, 0x2F96A, 0xCC601, 0x2F96B, 0xCC701, 0x2F96C, 0xCC801,
  0x2F96D, 0xCC901, 0x2F96E, 0xCCA01, 0x2F96F, 0xCCB01, 0x2F970, 0xCCC01,
  0x2F971, 0xCCD01, 0x2F972, 0xCCE01, 0x2F973, 0xCCF01, 0x2F974, 0xCD001,
  0x2F975, 0xCD101, 0x2F976, 0xCD201, 0x2F977, 0xCD301, 0x2F978, 0xCD401,
  0x2F979, 0xCD501, 0x2F97A, 0xCD601, 0x2F97B, 0xCD701, 0x2F97C, 0xCD801,
  0x2F97D, 0xCD901, 0x2F97E, 0xCDA01, 0x2F97F, 0xCDB01, 0x2F980, 0xCDC01,
  0x2F981, 0xCDD01, 0x2F982, 0xCDE01, 0x2F983, 0xCDF01, 0x2F984, 0xCE001,
  0x2F985, 0xCE101, 0x2F986, 0xCE201, 0x2F987, 0xCE301, 0x2F988, 0xCE401,
  0x2F989, 0xCE501, 0x2F98A, 0xCE601, 0x2F98B, 0xCE701, 0x2F98C, 0xCE801,
  0x2F98D, 0xCE901, 0x2F98E, 0xCEA01, 0x2F98F, 0xCEB01, 0x2F990, 0xCEC01,
  0x2F991, 0xCED01, 0x2F992, 0xCEE01, 0x2F993, 0xCEF01, 0x2F994, 0xCF001,
  0x2F995, 0xCF101, 0x2F996, 0xCF201, 0x2F997, 0xCF301, 0x2F998, 0xCF401,
  0x2F999, 0xCF501, 0x2F99A, 0xCF601, 0x2F99B, 0xCF701, 0x2F99C, 0xCF801,
  0x2F99D, 0xCF901, 0x2F99E, 0xCFA01, 0x2F99F, 0xCFB01, 0x2F9A0, 0xCFC01,
  0x2F9A1, 0xCFD01, 0x2F9A2, 0xCFE01, 0x2F9A3, 0xCFF01, 0x2F9A4, 0xD0001,
  0x2F9A5, 0xD0101, 0x2F9A6, 0xD0201, 0x2F9A7, 0xD0301, 0x2F9A8, 0xD0401,
  0x2F9A9, 0xD0501, 0x2F9AA, 0xD0601, 0x2F9AB, 0xD0701, 0x2F9AC, 0xD0801,
  0x2F9AD, 0xD0901, 0x2F9AE, 0xD0A01, 0x2F9AF, 0xD0B01, 0x2F9B0, 0xD0C01,
  0x2F9B1, 0xD0D01, 0x2F9B2, 0xD0E01, 0x2F9B3, 0xD0F01, 0x2F9B4, 0xD1001,
  0x2F9B5, 0xD1101, 0x2F9B6, 0xD1201, 0x2F9B7, 0xD1301, 0x2F9B8, 0xD1401,
  0x2F9B9, 0xD1501, 0x2F9BA, 0xD1601, 0x2F9BB, 0xD1701, 0x2F9BC, 0xD1801,
  0x2F9BD, 0xD1901, 0x2F9BE, 0xD1A01, 0x2F9BF, 0xD1B01, 0x2F9C0, 0xD1C01,
  0x2F9C1, 0xD1D01, 0x2F9C2, 0xD1E01, 0x2F9C3, 0xD1F01, 0x2F9C4, 0xD2001,
  0x2F9C5, 0xD2101, 0x2F9C6, 0xD2201, 0x2F9C7, 0xD2301, 0x2F9C8, 0xD2401,
  0x2F9C9, 0xD2501, 0x2F9CA, 0xD2601, 0x2F9CB, 0xD2701, 0x2F9CC, 0xD2801,
  0x2F9CD, 0xD2901, 0x2F9CE, 0xD2A01, 0x2F9CF, 0xD2B01, 0x2F9D0, 0xD2C01,
  0x2F9D1, 0xD2D01, 0x2F9D2, 0xD2E01, 0x2F9D3, 0xD2F01, 0x2F9D4, 0xD3001,
  0x2F9D5, 0xD3101, 0x2F9D6, 0xD3201, 0x2F9D7, 0xD3301, 0x2F9D8, 0xD3401,
  0x2F9D9, 0xD3501, 0x2F9DA, 0xD3601, 0x2F9DB, 0xD3701, 0x2F9DC, 0xD3801,
  0x2F9DD, 0xD3901, 0x2F9DE, 0xD3A01, 0x2F9DF, 0xD3B01, 0x2F9E0, 0xD3C01,
  0x2F9E1, 0xD3D01, 0x2F9E2, 0xD3E01, 0x2F9E3, 0xD3F01, 0x2F9E4, 0xD4001,
  0x2F9E5, 0xD4101, 0x2F9E6, 0xD4201, 0x2F9E7, 0xD4301, 0x2F9E8, 0xD4401,
  0x2F9E9, 0xD4501, 0x2F9EA, 0xD4601, 0x2F9EB, 0xD4701, 0x2F9EC, 0xD4801,
  0x2F9ED, 0xD4901, 0x2F9EE, 0xD4A01, 0x2F9EF, 0xD4B01, 0x2F9F0, 0xD4C01,
  0x2F9F1, 0xD4D01, 0x2F9F2, 0xD4E01, 0x2F9F3, 0xD4F01, 0x2F9F4, 0xD5001,
  0x2F9F5, 0xD5101, 0x2F9F6, 0xD5201, 0x2F9F7, 0xD5301, 0x2F9F8, 0xD5401,
  0x2F9F9, 0xD5501, 0x2F9FA, 0xD5601, 0x2F9FB, 0xD5701, 0x2F9FC, 0xD5801,
  0x2F9FD, 0xD5901, 0x2F9FE, 0xD5A01, 0x2F9FF, 0xD5B01, 0x2FA00, 0xD5C01,
  0x2FA01, 0xD5D01, 0x2FA02, 0xD5E01, 0x2FA03, 0xD5F01, 0x2FA04, 0xD6001,
  0x2FA05, 0xD6101, 0x2FA06, 0xD6201, 0x2FA07, 0xD6301, 0x2FA08, 0xD6401,
  0x2FA09, 0xD6501, 0x2FA0A, 0xD6601, 0x2FA0B, 0xD6701, 0x2FA0C, 0xD6801,
  0x2FA0D, 0xD6901, 0x2FA0E, 0xD6A01, 0x2FA0F, 0xD6B01, 0x2FA10, 0xD6C01,
  0x2FA11, 0xD6D01, 0x2FA12, 0xD6E01, 0x2FA13, 0xD6F01, 0x2FA14, 0xD7001,
  0x2FA15, 0xD7101, 0x2FA16, 0xD7201, 0x2FA17, 0xD7301, 0x2FA18, 0xD7401,
  0x2FA19, 0xD7501, 0x2FA1A, 0xD7601, 0x2FA1B, 0xD7701, 0x2FA1C, 0xD7801,
  0x2FA1D, 0xD7901,
};

inline constexpr u32 decompositionPoolCount = 3450;
static const u32 decompositionPool[3450] = {
  0x41, 0x300, 0x41, 0x301, 0x41, 0x302, 0x41, 0x303,
  0x41, 0x308, 0x41, 0x30A, 0x43, 0x327, 0x45, 0x300,
  0x45, 0x301, 0x45, 0x302, 0x45, 0x308, 0x49, 0x300,
  0x49, 0x301, 0x49, 0x302, 0x49, 0x308, 0x4E, 0x303,
  0x4F, 0x300, 0x4F, 0x301, 0x4F, 0x302, 0x4F, 0x303,
  0x4F, 0x308, 0x55, 0x300, 0x55, 0x301, 0x55, 0x302,
  0x55, 0x308, 0x59, 0x301, 0x61, 0x300, 0x61, 0x301,
  0x61, 0x302, 0x61, 0x303, 0x61, 0x308, 0x61, 0x30A,
  0x63, 0x327, 0x65, 0x300, 0x65, 0x301, 0x65, 0x302,
  0x65, 0x308, 0x69, 0x300, 0x69, 0x301, 0x69, 0x302,
  0x69, 0x308, 0x6E, 0x303, 0x6F, 0x300, 0x6F, 0x301,
  0x6F, 0x302, 0x6F, 0x303, 0x6F, 0x308, 0x75, 0x300,
  0x75, 0x301, 0x75, 0x302, 0x75, 0x308, 0x79, 0x301,
  0x79, 0x308, 0x41, 0x304, 0x61, 0x304, 0x41, 0x306,
  0x61, 0x306, 0x41, 0x328, 0x61, 0x328, 0x43, 0x301,
  0x63, 0x301, 0x43, 0x302, 0x63, 0x302, 0x43, 0x307,
  0x63, 0x307, 0x43, 0x30C, 0x63, 0x30C, 0x44, 0x30C,
  0x64, 0x30C, 0x45, 0x304, 0x65, 0x304, 0x45, 0x306,
  0x65, 0x306, 0x45, 0x307, 0x65, 0x307, 0x45, 0x328,
  0x65, 0x328, 0x45, 0x30C, 0x65, 0x30C, 0x47, 0x302,
  0x67, 0x302, 0x47, 0x306, 0x67, 0x306, 0x47, 0x307,
  0x67, 0x307, 0x47, 0x327, 0x67, 0x327, 0x48, 0x302,
  0x68, 0x302, 0x49, 0x303, 0x69, 0x303, 0x49, 0x304,
  0x69, 0x304, 0x49, 0x306, 0x69, 0x306, 0x49, 0x328,
  0x69, 0x328, 0x49, 0x307, 0x4A, 0x302, 0x6A, 0x302,
  0x4B, 0x327, 0x6B, 0x327, 0x4C, 0x301, 0x6C, 0x301,
  0x4C, 0x327, 0x6C, 0x327, 0x4C, 0x30C, 0x6C, 0x30C,
  0x4E, 0x301, 0x6E, 0x301, 0x4E, 0x327, 0x6E, 0x327,
  0x4E, 0x30C, 0x6E, 0x30C, 0x4F, 0x304, 0x6F, 0x304,
  0x4F, 0x306, 0x6F, 0x306, 0x4F, 0x30B, 0x6F, 0x30B,
  0x52, 0x301, 0x72, 0x301, 0x52, 0x327, 0x72, 0x327,
  0x52, 0x30C, 0x72, 0x30C, 0x53, 0x301, 0x73, 0x301,
  0x53, 0x302, 0x73, 0x302, 0x53, 0x327, 0x73, 0x327,
  0x53, 0x30C, 0x73, 0x30C, 0x54, 0x327, 0x74, 0x327,
  0x54, 0x30C, 0x74, 0x30C, 0x55, 0x303, 0x75, 0x303,
  0x55, 0x304, 0x75, 0x304, 0x55, 0x306, 0x75, 0x306,
  0x55, 0x30A, 0x75, 0x30A, 0x55, 0x30B, 0x75, 0x30B,
  0x55, 0x328, 0x75, 0x328, 0x57, 0x302, 0x77, 0x302,
  0x59, 0x302, 0x79, 0x302, 0x59, 0x308, 0x5A, 0x301,
  0x7A, 0x301, 0x5A, 0x307, 0x7A, 0x307, 0x5A, 0x30C,
  0x7A, 0x30C, 0x4F, 0x31B, 0x6F, 0x31B, 0x55, 0x31B,
  0x75, 0x31B, 0x41, 0x30C, 0x61, 0x30C, 0x49, 0x30C,
  0x69, 0x30C, 0x4F, 0x30C, 0x6F, 0x30C, 0x55, 0x30C,
  0x75, 0x30C, 0x55, 0x308, 0x304, 0x75, 0x308, 0x304,
  0x55, 0x308, 0x301, 0x75, 0x308, 0x301, 0x55, 0x308,
  0x30C, 0x75, 0x308, 0x30C, 0x55, 0x308, 0x300, 0x75,
  0x308, 0x300, 0x41, 0x308, 0x304, 0x61, 0x308, 0x304,
  0x41, 0x307, 0x304, 0x61, 0x307, 0x304, 0xC6, 0x304,
  0xE6, 0x304, 0x47, 0x30C, 0x67, 0x30C, 0x4B, 0x30C,
  0x6B, 0x30C, 0x4F, 0x328, 0x6F, 0x328, 0x4F, 0x328,
  0x304, 0x6F, 0x328, 0x304, 0x1B7, 0x30C, 0x292, 0x30C,
  0x6A, 0x30C, 0x47, 0x301, 0x67, 0x301, 0x4E, 0x300,
  0x6E, 0x300, 0x41, 0x30A, 0x301, 0x61, 0x30A, 0x301,
  0xC6, 0x301, 0xE6, 0x301, 0xD8, 0x301, 0xF8, 0x301,
  0x41, 0x30F, 0x61, 0x30F, 0x41, 0x311, 0x61, 0x311,
  0x45, 0x30F, 0x65, 0x30F, 0x45, 0x311, 0x65, 0x311,
  0x49, 0x30F, 0x69, 0x30F, 0x49, 0x311, 0x69, 0x311,
  0x4F, 0x30F, 0x6F, 0x30F, 0x4F, 0x311, 0x6F, 0x311,
  0x52, 0x30F, 0x72, 0x30F, 0x52, 0x311, 0x72, 0x311,
  0x55, 0x30F, 0x75, 0x30F, 0x55, 0x311, 0x75, 0x311,
  0x53, 0x326, 0x73, 0x326, 0x54, 0x326, 0x74, 0x326,
  0x48, 0x30C, 0x68, 0x30C, 0x41, 0x307, 0x61, 0x307,
  0x45, 0x327, 0x65, 0x327, 0x4F, 0x308, 0x304, 0x6F,
  0x308, 0x304, 0x4F, 0x303, 0x304, 0x6F, 0x303, 0x304,
  0x4F, 0x307, 0x6F, 0x307, 0x4F, 0x307, 0x304, 0x6F,
  0x307, 0x304, 0x59, 0x304, 0x79, 0x304, 0x300, 0x301,
  0x313, 0x308, 0x301, 0x2B9, 0x3B, 0xA8, 0x301, 0x391,
  0x301, 0xB7, 0x395, 0x301, 0x397, 0x301, 0x399, 0x301,
  0x39F, 0x301, 0x3A5, 0x301, 0x3A9, 0x301, 0x3B9, 0x308,
  0x301, 0x399, 0x308, 0x3A5, 0x308, 0x3B1, 0x301, 0x3B5,
  0x301, 0x3B7, 0x301, 0x3B9, 0x301, 0x3C5, 0x308, 0x301,
  0x3B9, 0x308, 0x3C5, 0x308, 0x3BF, 0x301, 0x3C5, 0x301,
  0x3C9, 0x301, 0x3D2, 0x301, 0x3D2, 0x308, 0x415, 0x300,
  0x415, 0x308, 0x413, 0x301, 0x406, 0x308, 0x41A, 0x301,
  0x418, 0x300, 0x423, 0x306, 0x418, 0x306, 0x438, 0x306,
  0x435, 0x300, 0x435, 0x308, 0x433, 0x301, 0x456, 0x308,
  0x43A, 0x301, 0x438, 0x300, 0x443, 0x306, 0x474, 0x30F,
  0x475, 0x30F, 0x416, 0x306, 0x436, 0x306, 0x410, 0x306,
  0x430, 0x306, 0x410, 0x308, 0x430, 0x308, 0x415, 0x306,
  0x435, 0x306, 0x4D8, 0x308, 0x4D9, 0x308, 0x416, 0x308,
  0x436, 0x308, 0x417, 0x308, 0x437, 0x308, 0x418, 0x304,
  0x438, 0x304, 0x418, 0x308, 0x438, 0x308, 0x41E, 0x308,
  0x43E, 0x308, 0x4E8, 0x308, 0x4E9, 0x308, 0x42D, 0x308,
  0x44D, 0x308, 0x423, 0x304, 0x443, 0x304, 0x423, 0x308,
  0x443, 0x308, 0x423, 0x30B, 0x443, 0x30B, 0x427, 0x308,
  0x447, 0x308, 0x42B, 0x308, 0x44B, 0x308, 0x627, 0x653,
  0x627, 0x654, 0x648, 0x654, 0x627, 0x655, 0x64A, 0x654,
  0x6D5, 0x654, 0x6C1, 0x654, 0x6D2, 0x654, 0x928, 0x93C,
  0x930, 0x93C, 0x933, 0x93C, 0x915, 0x93C, 0x916, 0x93C,
  0x917, 0x93C, 0x91C, 0x93C, 0x921, 0x93C, 0x922, 0x93C,
  0x92B, 0x93C, 0x92F, 0x93C, 0x9C7, 0x9BE, 0x9C7, 0x9D7,
  0x9A1, 0x9BC, 0x9A2, 0x9BC, 0x9AF, 0x9BC, 0xA32, 0xA3C,
  0xA38, 0xA3C, 0xA16, 0xA3C, 0xA17, 0xA3C, 0xA1C, 0xA3C,
  0xA2B, 0xA3C, 0xB47, 0xB56, 0xB47, 0xB3E, 0xB47, 0xB57,
  0xB21, 0xB3C, 0xB22, 0xB3C, 0xB92, 0xBD7, 0xBC6, 0xBBE,
  0xBC7, 0xBBE, 0xBC6, 0xBD7, 0xC46, 0xC56, 0xCBF, 0xCD5,
  0xCC6, 0xCD5, 0xCC6, 0xCD6, 0xCC6, 0xCC2, 0xCC6, 0xCC2,
  0xCD5, 0xD46, 0xD3E, 0xD47, 0xD3E, 0xD46, 0xD57, 0xDD9,
  0xDCA, 0xDD9, 0xDCF, 0xDD9, 0xDCF, 0xDCA, 0xDD9, 0xDDF,
  0xF42, 0xFB7, 0xF4C, 0xFB7, 0xF51, 0xFB7, 0xF56, 0xFB7,
  0xF5B, 0xFB7, 0xF40, 0xFB5, 0xF71, 0xF72, 0xF71, 0xF74,
  0xFB2, 0xF80, 0xFB3, 0xF80, 0xF71, 0xF80, 0xF92, 0xFB7,
  0xF9C, 0xFB7, 0xFA1, 0xFB7, 0xFA6, 0xFB7, 0xFAB, 0xFB7,
  0xF90, 0xFB5, 0x1025, 0x102E, 0x1B05, 0x1B35, 0x1B07, 0x1B35,
  0x1B09, 0x1B35, 0x1B0B, 0x1B35, 0x1B0D, 0x1B35, 0x1B11, 0x1B35,
  0x1B3A, 0x1B35, 0x1B3C, 0x1B35, 0x1B3E, 0x1B35, 0x1B3F, 0x1B35,
  0x1B42, 0x1B35, 0x41, 0x325, 0x61, 0x325, 0x42, 0x307,
  0x62, 0x307, 0x42, 0x323, 0x62, 0x323, 0x42, 0x331,
  0x62, 0x331, 0x43, 0x327, 0x301, 0x63, 0x327, 0x301,
  0x44, 0x307, 0x64, 0x307, 0x44, 0x323, 0x64, 0x323,
  0x44, 0x331, 0x64, 0x331, 0x44, 0x327, 0x64, 0x327,
  0x44, 0x32D, 0x64, 0x32D, 0x45, 0x304, 0x300, 0x65,
  0x304, 0x300, 0x45, 0x304, 0x301, 0x65, 0x304, 0x301,
  0x45, 0x32D, 0x65, 0x32D, 0x45, 0x330, 0x65, 0x330,
  0x45, 0x327, 0x306, 0x65, 0x327, 0x306, 0x46, 0x307,
  0x66, 0x307, 0x47, 0x304, 0x67, 0x304, 0x48, 0x307,
  0x68, 0x307, 0x48, 0x323, 0x68, 0x323, 0x48, 0x308,
  0x68, 0x308, 0x48, 0x327, 0x68, 0x327, 0x48, 0x32E,
  0x68, 0x32E, 0x49, 0x330, 0x69, 0x330, 0x49, 0x308,
  0x301, 0x69, 0x308, 0x301, 0x4B, 0x301, 0x6B, 0x301,
  0x4B, 0x323, 0x6B, 0x323, 0x4B, 0x331, 0x6B, 0x331,
  0x4C, 0x323, 0x6C, 0x323, 0x4C, 0x323, 0x304, 0x6C,
  0x323, 0x304, 0x4C, 0x331, 0x6C, 0x331, 0x4C, 0x32D,
  0x6C, 0x32D, 0x4D, 0x301, 0x6D, 0x301, 0x4D, 0x307,
  0x6D, 0x307, 0x4D, 0x323, 0x6D, 0x323, 0x4E, 0x307,
  0x6E, 0x307, 0x4E, 0x323, 0x6E, 0x323, 0x4E, 0x331,
  0x6E, 0x331, 0x4E, 0x32D, 0x6E, 0x32D, 0x4F, 0x303,
  0x301, 0x6F, 0x303, 0x301, 0x4F, 0x303, 0x308, 0x6F,
  0x303, 0x308, 0x4F, 0x304, 0x300, 0x6F, 0x304, 0x300,
  0x4F, 0x304, 0x301, 0x6F, 0x304, 0x301, 0x50, 0x301,
  0x70, 0x301, 0x50, 0x307, 0x70, 0x307, 0x52, 0x307,
  0x72, 0x307, 0x52, 0x323, 0x72, 0x323, 0x52, 0x323,
  0x304, 0x72, 0x323, 0x304, 0x52, 0x331, 0x72, 0x331,
  0x53, 0x307, 0x73, 0x307, 0x53, 0x323, 0x73, 0x323,
  0x53, 0x301, 0x307, 0x73, 0x301, 0x307, 0x53, 0x30C,
  0x307, 0x73, 0x30C, 0x307, 0x53, 0x323, 0x307, 0x73,
  0x323, 0x307, 0x54, 0x307, 0x74, 0x307, 0x54, 0x323,
  0x74, 0x323, 0x54, 0x331, 0x74, 0x331, 0x54, 0x32D,
  0x74, 0x32D, 0x55, 0x324, 0x75, 0x324, 0x55, 0x330,
  0x75, 0x330, 0x55, 0x32D, 0x75, 0x32D, 0x55, 0x303,
  0x301, 0x75, 0x303, 0x301, 0x55, 0x304, 0x308, 0x75,
  0x304, 0x308, 0x56, 0x303, 0x76, 0x303, 0x56, 0x323,
  0x76, 0x323, 0x57, 0x300, 0x77, 0x300, 0x57, 0x301,
  0x77, 0x301, 0x57, 0x308, 0x77, 0x308, 0x57, 0x307,
  0x77, 0x307, 0x57, 0x323, 0x77, 0x323, 0x58, 0x307,
  0x78, 0x307, 0x58, 0x308, 0x78, 0x308, 0x59, 0x307,
  0x79, 0x307, 0x5A, 0x302, 0x7A, 0x302, 0x5A, 0x323,
  0x7A, 0x323, 0x5A, 0x331, 0x7A, 0x331, 0x68, 0x331,
  0x74, 0x308, 0x77, 0x30A, 0x79, 0x30A, 0x17F, 0x307,
  0x41, 0x323, 0x61, 0x323, 0x41, 0x309, 0x61, 0x309,
  0x41, 0x302, 0x301, 0x61, 0x302, 0x301, 0x41, 0x302,
  0x300, 0x61, 0x302, 0x300, 0x41, 0x302, 0x309, 0x61,
  0x302, 0x309, 0x41, 0x302, 0x303, 0x61, 0x302, 0x303,
  0x41, 0x323, 0x302, 0x61, 0x323, 0x302, 0x41, 0x306,
  0x301, 0x61, 0x306, 0x301, 0x41, 0x306, 0x300, 0x61,
  0x306, 0x300, 0x41, 0x306, 0x309, 0x61, 0x306, 0x309,
  0x41, 0x306, 0x303, 0x61, 0x306, 0x303, 0x41, 0x323,
  0x306, 0x61, 0x323, 0x306, 0x45, 0x323, 0x65, 0x323,
  0x45, 0x309, 0x65, 0x309, 0x45, 0x303, 0x65, 0x303,
  0x45, 0x302, 0x301, 0x65, 0x302, 0x301, 0x45, 0x302,
  0x300, 0x65, 0x302, 0x300, 0x45, 0x302, 0x309, 0x65,
  0x302, 0x309, 0x45, 0x302, 0x303, 0x65, 0x302, 0x303,
  0x45, 0x323, 0x302, 0x65, 0x323, 0x302, 0x49, 0x309,
  0x69, 0x309, 0x49, 0x323, 0x69, 0x323, 0x4F, 0x323,
  0x6F, 0x323, 0x4F, 0x309, 0x6F, 0x309, 0x4F, 0x302,
  0x301, 0x6F, 0x302, 0x301, 0x4F, 0x302, 0x300, 0x6F,
  0x302, 0x300, 0x4F, 0x302, 0x309, 0x6F, 0x302, 0x309,
  0x4F, 0x302, 0x303, 0x6F, 0x302, 0x303, 0x4F, 0x323,
  0x302, 0x6F, 0x323, 0x302, 0x4F, 0x31B, 0x301, 0x6F,
  0x31B, 0x301, 0x4F, 0x31B, 0x300, 0x6F, 0x31B, 0x300,
  0x4F, 0x31B, 0x309, 0x6F, 0x31B, 0x309, 0x4F, 0x31B,
  0x303, 0x6F, 0x31B, 0x303, 0x4F, 0x31B, 0x323, 0x6F,
  0x31B, 0x323, 0x55, 0x323, 0x75, 0x323, 0x55, 0x309,
  0x75, 0x309, 0x55, 0x31B, 0x301, 0x75, 0x31B, 0x301,
  0x55, 0x31B, 0x300, 0x75, 0x31B, 0x300, 0x55, 0x31B,
  0x309, 0x75, 0x31B, 0x309, 0x55, 0x31B, 0x303, 0x75,
  0x31B, 0x303, 0x55, 0x31B, 0x323, 0x75, 0x31B, 0x323,
  0x59, 0x300, 0x79, 0x300, 0x59, 0x323, 0x79, 0x323,
  0x59, 0x309, 0x79, 0x309, 0x59, 0x303, 0x79, 0x303,
  0x3B1, 0x313, 0x3B1, 0x314, 0x3B1, 0x313, 0x300, 0x3B1,
  0x314, 0x300, 0x3B1, 0x313, 0x301, 0x3B1, 0x314, 0x301,
  0x3B1, 0x313, 0x342, 0x3B1, 0x314, 0x342, 0x391, 0x313,
  0x391, 0x314, 0x391, 0x313, 0x300, 0x391, 0x314, 0x300,
  0x391, 0x313, 0x301, 0x391, 0x314, 0x301, 0x391, 0x313,
  0x342, 0x391, 0x314, 0x342, 0x3B5, 0x313, 0x3B5, 0x314,
  0x3B5, 0x313, 0x300, 0x3B5, 0x314, 0x300, 0x3B5, 0x313,
  0x301, 0x3B5, 0x314, 0x301, 0x395, 0x313, 0x395, 0x314,
  0x395, 0x313, 0x300, 0x395, 0x314, 0x300, 0x395, 0x313,
  0x301, 0x395, 0x314, 0x301, 0x3B7, 0x313, 0x3B7, 0x314,
  0x3B7, 0x313, 0x300, 0x3B7, 0x314, 0x300, 0x3B7, 0x313,
  0x301, 0x3B7, 0x314, 0x301, 0x3B7, 0x313, 0x342, 0x3B7,
  0x314, 0x342, 0x397, 0x313, 0x397, 0x314, 0x397, 0x313,
  0x300, 0x397, 0x314, 0x300, 0x397, 0x313, 0x301, 0x397,
  0x314, 0x301, 0x397, 0x313, 0x342, 0x397, 0x314, 0x342,
  0x3B9, 0x313, 0x3B9, 0x314, 0x3B9, 0x313, 0x300, 0x3B9,
  0x314, 0x300, 0x3B9, 0x313, 0x301, 0x3B9, 0x314, 0x301,
  0x3B9, 0x313, 0x342, 0x3B9, 0x314, 0x342, 0x399, 0x313,
  0x399, 0x314, 0x399, 0x313, 0x300, 0x399, 0x314, 0x300,
  0x399, 0x313, 0x301, 0x399, 0x314, 0x301, 0x399, 0x313,
  0x342, 0x399, 0x314, 0x342, 0x3BF, 0x313, 0x3BF, 0x314,
  0x3BF, 0x313, 0x300, 0x3BF, 0x314, 0x300, 0x3BF, 0x313,
  0x301, 0x3BF, 0x314, 0x301, 0x39F, 0x313, 0x39F, 0x314,
  0x39F, 0x313, 0x300, 0x39F, 0x314, 0x300, 0x39F, 0x313,
  0x301, 0x39F, 0x314, 0x301, 0x3C5, 0x313, 0x3C5, 0x314,
  0x3C5, 0x313, 0x300, 0x3C5, 0x314, 0x300, 0x3C5, 0x313,
  0x301, 0x3C5, 0x314, 0x301, 0x3C5, 0x313, 0x342, 0x3C5,
  0x314, 0x342, 0x3A5, 0x314, 0x3A5, 0x314, 0x300, 0x3A5,
  0x314, 0x301, 0x3A5, 0x314, 0x342, 0x3C9, 0x313, 0x3C9,
  0x314, 0x3C9, 0x313, 0x300, 0x3C9, 0x314, 0x300, 0x3C9,
  0x313, 0x301, 0x3C9, 0x314, 0x301, 0x3C9, 0x313, 0x342,
  0x3C9, 0x314, 0x342, 0x3A9, 0x313, 0x3A9, 0x314, 0x3A9,
  0x313, 0x300, 0x3A9, 0x314, 0x300, 0x3A9, 0x313, 0x301,
  0x3A9, 0x314, 0x301, 0x3A9, 0x313, 0x342, 0x3A9, 0x314,
  0x342, 0x3B1, 0x300, 0x3B1, 0x301, 0x3B5, 0x300, 0x3B5,
  0x301, 0x3B7, 0x300, 0x3B7, 0x301, 0x3B9, 0x300, 0x3B9,
  0x301, 0x3BF, 0x300, 0x3BF, 0x301, 0x3C5, 0x300, 0x3C5,
  0x301, 0x3C9, 0x300, 0x3C9, 0x301, 0x3B1, 0x313, 0x345,
  0x3B1, 0x314, 0x345, 0x3B1, 0x313, 0x300, 0x345, 0x3B1,
  0x314, 0x300, 0x345, 0x3B1, 0x313, 0x301, 0x345, 0x3B1,
  0x314, 0x301, 0x345, 0x3B1, 0x313, 0x342, 0x345, 0x3B1,
  0x314, 0x342, 0x345, 0x391, 0x313, 0x345, 0x391, 0x314,
  0x345, 0x391, 0x313, 0x300, 0x345, 0x391, 0x314, 0x300,
  0x345, 0x391, 0x313, 0x301, 0x345, 0x391, 0x314, 0x301,
  0x345, 0x391, 0x313, 0x342, 0x345, 0x391, 0x314, 0x342,
  0x345, 0x3B7, 0x313, 0x345, 0x3B7, 0x314, 0x345, 0x3B7,
  0x313, 0x300, 0x345, 0x3B7, 0x314, 0x300, 0x345, 0x3B7,
  0x313, 0x301, 0x345, 0x3B7, 0x314, 0x301, 0x345, 0x3B7,
  0x313, 0x342, 0x345, 0x3B7, 0x314, 0x342, 0x345, 0x397,
  0x313, 0x345, 0x397, 0x314, 0x345, 0x397, 0x313, 0x300,
  0x345, 0x397, 0x314, 0x300, 0x345, 0x397, 0x313, 0x301,
  0x345, 0x397, 0x314, 0x301, 0x345, 0x397, 0x313, 0x342,
  0x345, 0x397, 0x314, 0x342, 0x345, 0x3C9, 0x313, 0x345,
  0x3C9, 0x314, 0x345, 0x3C9, 0x313, 0x300, 0x345, 0x3C9,
  0x314, 0x300, 0x345, 0x3C9, 0x313, 0x301, 0x345, 0x3C9,
  0x314, 0x301, 0x345, 0x3C9, 0x313, 0x342, 0x345, 0x3C9,
  0x314, 0x342, 0x345, 0x3A9, 0x313, 0x345, 0x3A9, 0x314,
  0x345, 0x3A9, 0x313, 0x300, 0x345, 0x3A9, 0x314, 0x300,
  0x345, 0x3A9, 0x313, 0x301, 0x345, 0x3A9, 0x314, 0x301,
  0x345, 0x3A9, 0x313, 0x342, 0x345, 0x3A9, 0x314, 0x342,
  0x345, 0x3B1, 0x306, 0x3B1, 0x304, 0x3B1, 0x300, 0x345,
  0x3B1, 0x345, 0x3B1, 0x301, 0x345, 0x3B1, 0x342, 0x3B1,
  0x342, 0x345, 0x391, 0x306, 0x391, 0x304, 0x391, 0x300,
  0x391, 0x301, 0x391, 0x345, 0x3B9, 0xA8, 0x342, 0x3B7,
  0x300, 0x345, 0x3B7, 0x345, 0x3B7, 0x301, 0x345, 0x3B7,
  0x342, 0x3B7, 0x342, 0x345, 0x395, 0x300, 0x395, 0x301,
  0x397, 0x300, 0x397, 0x301, 0x397, 0x345, 0x1FBF, 0x300,
  0x1FBF, 0x301, 0x1FBF, 0x342, 0x3B9, 0x306, 0x3B9, 0x304,
  0x3B9, 0x308, 0x300, 0x3B9, 0x308, 0x301, 0x3B9, 0x342,
  0x3B9, 0x308, 0x342, 0x399, 0x306, 0x399, 0x304, 0x399,
  0x300, 0x399, 0x301, 0x1FFE, 0x300, 0x1FFE, 0x301, 0x1FFE,
  0x342, 0x3C5, 0x306, 0x3C5, 0x304, 0x3C5, 0x308, 0x300,
  0x3C5, 0x308, 0x301, 0x3C1, 0x313, 0x3C1, 0x314, 0x3C5,
  0x342, 0x3C5, 0x308, 0x342, 0x3A5, 0x306, 0x3A5, 0x304,
  0x3A5, 0x300, 0x3A5, 0x301, 0x3A1, 0x314, 0xA8, 0x300,
  0xA8, 0x301, 0x60, 0x3C9, 0x300, 0x345, 0x3C9, 0x345,
  0x3C9, 0x301, 0x345, 0x3C9, 0x342, 0x3C9, 0x342, 0x345,
  0x39F, 0x300, 0x39F, 0x301, 0x3A9, 0x300, 0x3A9, 0x301,
  0x3A9, 0x345, 0xB4, 0x2002, 0x2003, 0x3A9, 0x4B, 0x41,
  0x30A, 0x2190, 0x338, 0x2192, 0x338, 0x2194, 0x338, 0x21D0,
  0x338, 0x21D4, 0x338, 0x21D2, 0x338, 0x2203, 0x338, 0x2208,
  0x338, 0x220B, 0x338, 0x2223, 0x338, 0x2225, 0x338, 0x223C,
  0x338, 0x2243, 0x338, 0x2245, 0x338, 0x2248, 0x338, 0x3D,
  0x338, 0x2261, 0x338, 0x224D, 0x338, 0x3C, 0x338, 0x3E,
  0x338, 0x2264, 0x338, 0x2265, 0x338, 0x2272, 0x338, 0x2273,
  0x338, 0x2276, 0x338, 0x2277, 0x338, 0x227A, 0x338, 0x227B,
  0x338, 0x2282, 0x338, 0x2283, 0x338, 0x2286, 0x338, 0x2287,
  0x338, 0x22A2, 0x338, 0x22A8, 0x338, 0x22A9, 0x338, 0x22AB,
  0x338, 0x227C, 0x338, 0x227D, 0x338, 0x2291, 0x338, 0x2292,
  0x338, 0x22B2, 0x338, 0x22B3, 0x338, 0x22B4, 0x338, 0x22B5,
  0x338, 0x3008, 0x3009, 0x2ADD, 0x338, 0x304B, 0x3099, 0x304D,
  0x3099, 0x304F, 0x3099, 0x3051, 0x3099, 0x3053, 0x3099, 0x3055,
  0x3099, 0x3057, 0x3099, 0x3059, 0x3099, 0x305B, 0x3099, 0x305D,
  0x3099, 0x305F, 0x3099, 0x3061, 0x3099, 0x3064, 0x3099, 0x3066,
  0x3099, 0x3068, 0x3099, 0x306F, 0x3099, 0x306F, 0x309A, 0x3072,
  0x3099, 0x3072, 0x309A, 0x3075, 0x3099, 0x3075, 0x309A, 0x3078,
  0x3099, 0x3078, 0x309A, 0x307B, 0x3099, 0x307B, 0x309A, 0x3046,
  0x3099, 0x309D, 0x3099, 0x30AB, 0x3099, 0x30AD, 0x3099, 0x30AF,
  0x3099, 0x30B1, 0x3099, 0x30B3, 0x3099, 0x30B5, 0x3099, 0x30B7,
  0x3099, 0x30B9, 0x3099, 0x30BB, 0x3099, 0x30BD, 0x3099, 0x30BF,
  0x3099, 0x30C1, 0x3099, 0x30C4, 0x3099, 0x30C6, 0x3099, 0x30C8,
  0x3099, 0x30CF, 0x3099, 0x30CF, 0x309A, 0x30D2, 0x3099, 0x30D2,
  0x309A, 0x30D5, 0x3099, 0x30D5, 0x309A, 0x30D8, 0x3099, 0x30D8,
  0x309A, 0x30DB, 0x3099, 0x30DB, 0x309A, 0x30A6, 0x3099, 0x30EF,
  0x3099, 0x30F0, 0x3099, 0x30F1, 0x3099, 0x30F2, 0x3099, 0x30FD,
  0x3099, 0x8C48, 0x66F4, 0x8ECA, 0x8CC8, 0x6ED1, 0x4E32, 0x53E5,
  0x9F9C, 0x9F9C, 0x5951, 0x91D1, 0x5587, 0x5948, 0x61F6, 0x7669,
  0x7F85, 0x863F, 0x87BA, 0x88F8, 0x908F, 0x6A02, 0x6D1B, 0x70D9,
  0x73DE, 0x843D, 0x916A, 0x99F1, 0x4E82, 0x5375, 0x6B04, 0x721B,
  0x862D, 0x9E1E, 0x5D50, 0x6FEB, 0x85CD, 0x8964, 0x62C9, 0x81D8,
  0x881F, 0x5ECA, 0x6717, 0x6D6A, 0x72FC, 0x90CE, 0x4F86, 0x51B7,
  0x52DE, 0x64C4, 0x6AD3, 0x7210, 0x76E7, 0x8001, 0x8606, 0x865C,
  0x8DEF, 0x9732, 0x9B6F, 0x9DFA, 0x788C, 0x797F, 0x7DA0, 0x83C9,
  0x9304, 0x9E7F, 0x8AD6, 0x58DF, 0x5F04, 0x7C60, 0x807E, 0x7262,
  0x78CA, 0x8CC2, 0x96F7, 0x58D8, 0x5C62, 0x6A13, 0x6DDA, 0x6F0F,
  0x7D2F, 0x7E37, 0x964B, 0x52D2, 0x808B, 0x51DC, 0x51CC, 0x7A1C,
  0x7DBE, 0x83F1, 0x9675, 0x8B80, 0x62CF, 0x6A02, 0x8AFE, 0x4E39,
  0x5BE7, 0x6012, 0x7387, 0x7570, 0x5317, 0x78FB, 0x4FBF, 0x5FA9,
  0x4E0D, 0x6CCC, 0x6578, 0x7D22, 0x53C3, 0x585E, 0x7701, 0x8449,
  0x8AAA, 0x6BBA, 0x8FB0, 0x6C88, 0x62FE, 0x82E5, 0x63A0, 0x7565,
  0x4EAE, 0x5169, 0x51C9, 0x6881, 0x7CE7, 0x826F, 0x8AD2, 0x91CF,
  0x52F5, 0x5442, 0x5973, 0x5EEC, 0x65C5, 0x6FFE, 0x792A, 0x95AD,
  0x9A6A, 0x9E97, 0x9ECE, 0x529B, 0x66C6, 0x6B77, 0x8F62, 0x5E74,
  0x6190, 0x6200, 0x649A, 0x6F23, 0x7149, 0x7489, 0x79CA, 0x7DF4,
  0x806F, 0x8F26, 0x84EE, 0x9023, 0x934A, 0x5217, 0x52A3, 0x54BD,
  0x70C8, 0x88C2, 0x8AAA, 0x5EC9, 0x5FF5, 0x637B, 0x6BAE, 0x7C3E,
  0x7375, 0x4EE4, 0x56F9, 0x5BE7, 0x5DBA, 0x601C, 0x73B2, 0x7469,
  0x7F9A, 0x8046, 0x9234, 0x96F6, 0x9748, 0x9818, 0x4F8B, 0x79AE,
  0x91B4, 0x96B8, 0x60E1, 0x4E86, 0x50DA, 0x5BEE, 0x5C3F, 0x6599,
  0x6A02, 0x71CE, 0x7642, 0x84FC, 0x907C, 0x9F8D, 0x6688, 0x962E,
  0x5289, 0x677B, 0x67F3, 0x6D41, 0x6E9C, 0x7409, 0x7559, 0x786B,
  0x7D10, 0x985E, 0x516D, 0x622E, 0x9678, 0x502B, 0x5D19, 0x6DEA,
  0x8F2A, 0x5F8B, 0x6144, 0x6817, 0x7387, 0x9686, 0x5229, 0x540F,
  0x5C65, 0x6613, 0x674E, 0x68A8, 0x6CE5, 0x7406, 0x75E2, 0x7F79,
  0x88CF, 0x88E1, 0x91CC, 0x96E2, 0x533F, 0x6EBA, 0x541D, 0x71D0,
  0x7498, 0x85FA, 0x96A3, 0x9C57, 0x9E9F, 0x6797, 0x6DCB, 0x81E8,
  0x7ACB, 0x7B20, 0x7C92, 0x72C0, 0x7099, 0x8B58, 0x4EC0, 0x8336,
  0x523A, 0x5207, 0x5EA6, 0x62D3, 0x7CD6, 0x5B85, 0x6D1E, 0x66B4,
  0x8F3B, 0x884C, 0x964D, 0x898B, 0x5ED3, 0x5140, 0x55C0, 0x585A,
  0x6674, 0x51DE, 0x732A, 0x76CA, 0x793C, 0x795E, 0x7965, 0x798F,
  0x9756, 0x7CBE, 0x7FBD, 0x8612, 0x8AF8, 0x9038, 0x90FD, 0x98EF,
  0x98FC, 0x9928, 0x9DB4, 0x90DE, 0x96B7, 0x4FAE, 0x50E7, 0x514D,
  0x52C9, 0x52E4, 0x5351, 0x559D, 0x5606, 0x5668, 0x5840, 0x58A8,
  0x5C64, 0x5C6E, 0x6094, 0x6168, 0x618E, 0x61F2, 0x654F, 0x65E2,
  0x6691, 0x6885, 0x6D77, 0x6E1A, 0x6F22, 0x716E, 0x722B, 0x7422,
  0x7891, 0x793E, 0x7949, 0x7948, 0x7950, 0x7956, 0x795D, 0x798D,
  0x798E, 0x7A40, 0x7A81, 0x7BC0, 0x7DF4, 0x7E09, 0x7E41, 0x7F72,
  0x8005, 0x81ED, 0x8279, 0x8279, 0x8457, 0x8910, 0x8996, 0x8B01,
  0x8B39, 0x8CD3, 0x8D08, 0x8FB6, 0x9038, 0x96E3, 0x97FF, 0x983B,
  0x6075, 0x242EE, 0x8218, 0x4E26, 0x51B5, 0x5168, 0x4F80, 0x5145,
  0x5180, 0x52C7, 0x52FA, 0x559D, 0x5555, 0x5599, 0x55E2, 0x585A,
  0x58B3, 0x5944, 0x5954, 0x5A62, 0x5B28, 0x5ED2, 0x5ED9, 0x5F69,
  0x5FAD, 0x60D8, 0x614E, 0x6108, 0x618E, 0x6160, 0x61F2, 0x6234,
  0x63C4, 0x641C, 0x6452, 0x6556, 0x6674, 0x6717, 0x671B, 0x6756,
  0x6B79, 0x6BBA, 0x6D41, 0x6EDB, 0x6ECB, 0x6F22, 0x701E, 0x716E,
  0x77A7, 0x7235, 0x72AF, 0x732A, 0x7471, 0x7506, 0x753B, 0x761D,
  0x761F, 0x76CA, 0x76DB, 0x76F4, 0x774A, 0x7740, 0x78CC, 0x7AB1,
  0x7BC0, 0x7C7B, 0x7D5B, 0x7DF4, 0x7F3E, 0x8005, 0x8352, 0x83EF,
  0x8779, 0x8941, 0x8986, 0x8996, 0x8ABF, 0x8AF8, 0x8ACB, 0x8B01,
  0x8AFE, 0x8AED, 0x8B39, 0x8B8A, 0x8D08, 0x8F38, 0x9072, 0x9199,
  0x9276, 0x967C, 0x96E3, 0x9756, 0x97DB, 0x97FF, 0x980B, 0x983B,
  0x9B12, 0x9F9C, 0x2284A, 0x22844, 0x233D5, 0x3B9D, 0x4018, 0x4039,
  0x25249, 0x25CD0, 0x27ED3, 0x9F43, 0x9F8E, 0x5D9, 0x5B4, 0x5F2,
  0x5B7, 0x5E9, 0x5C1, 0x5E9, 0x5C2, 0x5E9, 0x5BC, 0x5C1,
  0x5E9, 0x5BC, 0x5C2, 0x5D0, 0x5B7, 0x5D0, 0x5B8, 0x5D0,
  0x5BC, 0x5D1, 0x5BC, 0x5D2, 0x5BC, 0x5D3, 0x5BC, 0x5D4,
  0x5BC, 0x5D5, 0x5BC, 0x5D6, 0x5BC, 0x5D8, 0x5BC, 0x5D9,
  0x5BC, 0x5DA, 0x5BC, 0x5DB, 0x5BC, 0x5DC, 0x5BC, 0x5DE,
  0x5BC, 0x5E0, 0x5BC, 0x5E1, 0x5BC, 0x5E3, 0x5BC, 0x5E4,
  0x5BC, 0x5E6, 0x5BC, 0x5E7, 0x5BC, 0x5E8, 0x5BC, 0x5E9,
  0x5BC, 0x5EA, 0x5BC, 0x5D5, 0x5B9, 0x5D1, 0x5BF, 0x5DB,
  0x5BF, 0x5E4, 0x5BF, 0x105D2, 0x307, 0x105DA, 0x307, 0x11099,
  0x110BA, 0x1109B, 0x110BA, 0x110A5, 0x110BA, 0x11131, 0x11127, 0x11132,
  0x11127, 0x11347, 0x1133E, 0x11347, 0x11357, 0x11382, 0x113C9, 0x11384,
  0x113BB, 0x1138B, 0x113C2, 0x11390, 0x113C9, 0x113C2, 0x113C2, 0x113C2,
  0x113B8, 0x113C2, 0x113C9, 0x114B9, 0x114BA, 0x114B9, 0x114B0, 0x114B9,
  0x114BD, 0x115B8, 0x115AF, 0x115B9, 0x115AF, 0x11935, 0x11930, 0x1611E,
  0x1611E, 0x1611E, 0x16129, 0x1611E, 0x1611F, 0x16129, 0x1611F, 0x1611E,
  0x16120, 0x1611E, 0x1611E, 0x1611F, 0x1611E, 0x16129, 0x1611F, 0x1611E,
  0x1611E, 0x16120, 0x16D67, 0x16D67, 0x16D63, 0x16D67, 0x16D63, 0x16D67,
  0x16D67, 0x1D157, 0x1D165, 0x1D158, 0x1D165, 0x1D158, 0x1D165, 0x1D16E,
  0x1D158, 0x1D165, 0x1D16F, 0x1D158, 0x1D165, 0x1D170, 0x1D158, 0x1D165,
  0x1D171, 0x1D158, 0x1D165, 0x1D172, 0x1D1B9, 0x1D165, 0x1D1BA, 0x1D165,
  0x1D1B9, 0x1D165, 0x1D16E, 0x1D1BA, 0x1D165, 0x1D16E, 0x1D1B9, 0x1D165,
  0x1D16F, 0x1D1BA, 0x1D165, 0x1D16F, 0x4E3D, 0x4E38, 0x4E41, 0x20122,
  0x4F60, 0x4FAE, 0x4FBB, 0x5002, 0x507A, 0x5099, 0x50E7, 0x50CF,
  0x349E, 0x2063A, 0x514D, 0x5154, 0x5164, 0x5177, 0x2051C, 0x34B9,
  0x5167, 0x518D, 0x2054B, 0x5197, 0x51A4, 0x4ECC, 0x51AC, 0x51B5,
  0x291DF, 0x51F5, 0x5203, 0x34DF, 0x523B, 0x5246, 0x5272, 0x5277,
  0x3515, 0x52C7, 0x52C9, 0x52E4, 0x52FA, 0x5305, 0x5306, 0x5317,
  0x5349, 0x5351, 0x535A, 0x5373, 0x537D, 0x537F, 0x537F, 0x537F,
  0x20A2C, 0x7070, 0x53CA, 0x53DF, 0x20B63, 0x53EB, 0x53F1, 0x5406,
  0x549E, 0x5438, 0x5448, 0x5468, 0x54A2, 0x54F6, 0x5510, 0x5553,
  0x5563, 0x5584, 0x5584, 0x5599, 0x55AB, 0x55B3, 0x55C2, 0x5716,
  0x5606, 0x5717, 0x5651, 0x5674, 0x5207, 0x58EE, 0x57CE, 0x57F4,
  0x580D, 0x578B, 0x5832, 0x5831, 0x58AC, 0x214E4, 0x58F2, 0x58F7,
  0x5906, 0x591A, 0x5922, 0x5962, 0x216A8, 0x216EA, 0x59EC, 0x5A1B,
  0x5A27, 0x59D8, 0x5A66, 0x36EE, 0x36FC, 0x5B08, 0x5B3E, 0x5B3E,
  0x219C8, 0x5BC3, 0x5BD8, 0x5BE7, 0x5BF3, 0x21B18, 0x5BFF, 0x5C06,
  0x5F53, 0x5C22, 0x3781, 0x5C60, 0x5C6E, 0x5CC0, 0x5C8D, 0x21DE4,
  0x5D43, 0x21DE6, 0x5D6E, 0x5D6B, 0x5D7C, 0x5DE1, 0x5DE2, 0x382F,
  0x5DFD, 0x5E28, 0x5E3D, 0x5E69, 0x3862, 0x22183, 0x387C, 0x5EB0,
  0x5EB3, 0x5EB6, 0x5ECA, 0x2A392, 0x5EFE, 0x22331, 0x22331, 0x8201,
  0x5F22, 0x5F22, 0x38C7, 0x232B8, 0x261DA, 0x5F62, 0x5F6B, 0x38E3,
  0x5F9A, 0x5FCD, 0x5FD7, 0x5FF9, 0x6081, 0x393A, 0x391C, 0x6094,
  0x226D4, 0x60C7, 0x6148, 0x614C, 0x614E, 0x614C, 0x617A, 0x618E,
  0x61B2, 0x61A4, 0x61AF, 0x61DE, 0x61F2, 0x61F6, 0x6210, 0x621B,
  0x625D, 0x62B1, 0x62D4, 0x6350, 0x22B0C, 0x633D, 0x62FC, 0x6368,
  0x6383, 0x63E4, 0x22BF1, 0x6422, 0x63C5, 0x63A9, 0x3A2E, 0x6469,
  0x647E, 0x649D, 0x6477, 0x3A6C, 0x654F, 0x656C, 0x2300A, 0x65E3,
  0x66F8, 0x6649, 0x3B19, 0x6691, 0x3B08, 0x3AE4, 0x5192, 0x5195,
  0x6700, 0x669C, 0x80AD, 0x43D9, 0x6717, 0x671B, 0x6721, 0x675E,
  0x6753, 0x233C3, 0x3B49, 0x67FA, 0x6785, 0x6852, 0x6885, 0x2346D,
  0x688E, 0x681F, 0x6914, 0x3B9D, 0x6942, 0x69A3, 0x69EA, 0x6AA8,
  0x236A3, 0x6ADB, 0x3C18, 0x6B21, 0x238A7, 0x6B54, 0x3C4E, 0x6B72,
  0x6B9F, 0x6BBA, 0x6BBB, 0x23A8D, 0x21D0B, 0x23AFA, 0x6C4E, 0x23CBC,
  0x6CBF, 0x6CCD, 0x6C67, 0x6D16, 0x6D3E, 0x6D77, 0x6D41, 0x6D69,
  0x6D78, 0x6D85, 0x23D1E, 0x6D34, 0x6E2F, 0x6E6E, 0x3D33, 0x6ECB,
  0x6EC7, 0x23ED1, 0x6DF9, 0x6F6E, 0x23F5E, 0x23F8E, 0x6FC6, 0x7039,
  0x701E, 0x701B, 0x3D96, 0x704A, 0x707D, 0x7077, 0x70AD, 0x20525,
  0x7145, 0x24263, 0x719C, 0x243AB, 0x7228, 0x7235, 0x7250, 0x24608,
  0x7280, 0x7295, 0x24735, 0x24814, 0x737A, 0x738B, 0x3EAC, 0x73A5,
  0x3EB8, 0x3EB8, 0x7447, 0x745C, 0x7471, 0x7485, 0x74CA, 0x3F1B,
  0x7524, 0x24C36, 0x753E, 0x24C92, 0x7570, 0x2219F, 0x7610, 0x24FA1,
  0x24FB8, 0x25044, 0x3FFC, 0x4008, 0x76F4, 0x250F3, 0x250F2, 0x25119,
  0x25133, 0x771E, 0x771F, 0x771F, 0x774A, 0x4039, 0x778B, 0x4046,
  0x4096, 0x2541D, 0x784E, 0x788C, 0x78CC, 0x40E3, 0x25626, 0x7956,
  0x2569A, 0x256C5, 0x798F, 0x79EB, 0x412F, 0x7A40, 0x7A4A, 0x7A4F,
  0x2597C, 0x25AA7, 0x25AA7, 0x7AEE, 0x4202, 0x25BAB, 0x7BC6, 0x7BC9,
  0x4227, 0x25C80, 0x7CD2, 0x42A0, 0x7CE8, 0x7CE3, 0x7D00, 0x25F86,
  0x7D63, 0x4301, 0x7DC7, 0x7E02, 0x7E45, 0x4334, 0x26228, 0x26247,
  0x4359, 0x262D9, 0x7F7A, 0x2633E, 0x7F95, 0x7FFA, 0x8005, 0x264DA,
  0x26523, 0x8060, 0x265A8, 0x8070, 0x2335F, 0x43D5, 0x80B2, 0x8103,
  0x440B, 0x813E, 0x5AB5, 0x267A7, 0x267B5, 0x23393, 0x2339C, 0x8201,
  0x8204, 0x8F9E, 0x446B, 0x8291, 0x828B, 0x829D, 0x52B3, 0x82B1,
  0x82B3, 0x82BD, 0x82E6, 0x26B3C, 0x82E5, 0x831D, 0x8363, 0x83AD,
  0x8323, 0x83BD, 0x83E7, 0x8457, 0x8353, 0x83CA, 0x83CC, 0x83DC,
  0x26C36, 0x26D6B, 0x26CD5, 0x452B, 0x84F1, 0x84F3, 0x8516, 0x273CA,
  0x8564, 0x26F2C, 0x455D, 0x4561, 0x26FB1, 0x270D2, 0x456B, 0x8650,
  0x865C, 0x8667, 0x8669, 0x86A9, 0x8688, 0x870E, 0x86E2, 0x8779,
  0x8728, 0x876B, 0x8786, 0x45D7, 0x87E1, 0x8801, 0x45F9, 0x8860,
  0x8863, 0x27667, 0x88D7, 0x88DE, 0x4635, 0x88FA, 0x34BB, 0x278AE,
  0x27966, 0x46BE, 0x46C7, 0x8AA0, 0x8AED, 0x8B8A, 0x8C55, 0x27CA8,
  0x8CAB, 0x8CC1, 0x8D1B, 0x8D77, 0x27F2F, 0x20804, 0x8DCB, 0x8DBC,
  0x8DF0, 0x208DE, 0x8ED4, 0x8F38, 0x285D2, 0x285ED, 0x9094, 0x90F1,
  0x9111, 0x2872E, 0x911B, 0x9238, 0x92D7, 0x92D8, 0x927C, 0x93F9,
  0x9415, 0x28BFA, 0x958B, 0x4995, 0x95B7, 0x28D77, 0x49E6, 0x96C3,
  0x5DB2, 0x9723, 0x29145, 0x2921A, 0x4A6E, 0x4A76, 0x97E0, 0x2940A,
  0x4AB2, 0x29496, 0x980B, 0x980B, 0x9829, 0x295B6, 0x98E2, 0x4B33,
  0x9929, 0x99A7, 0x99C2, 0x99FE, 0x4BCE, 0x29B30, 0x9B12, 0x9C40,
  0x9CFD, 0x4CCE, 0x4CED, 0x9D67, 0x2A0CE, 0x4CF8, 0x2A105, 0x2A20E,
  0x2A291, 0x9EBB, 0x4D56, 0x9EF9, 0x9EFE, 0x9F05, 0x9F0F, 0x9F16,
  0x9F3B, 0x2A600,
};

inline constexpr u32 compositionsCount = 2883;
static const u32 compositions[2883] = {
  0x3C, 0x338, 0x226E, 0x3D, 0x338, 0x2260, 0x3E, 0x338,
  0x226F, 0x41, 0x300, 0xC0, 0x41, 0x301, 0xC1, 0x41,
  0x302, 0xC2, 0x41, 0x303, 0xC3, 0x41, 0x304, 0x100,
  0x41, 0x306, 0x102, 0x41, 0x307, 0x226, 0x41, 0x308,
  0xC4, 0x41, 0x309, 0x1EA2, 0x41, 0x30A, 0xC5, 0x41,
  0x30C, 0x1CD, 0x41, 0x30F, 0x200, 0x41, 0x311, 0x202,
  0x41, 0x323, 0x1EA0, 0x41, 0x325, 0x1E00, 0x41, 0x328,
  0x104, 0x42, 0x307, 0x1E02, 0x42, 0x323, 0x1E04, 0x42,
  0x331, 0x1E06, 0x43, 0x301, 0x106, 0x43, 0x302, 0x108,
  0x43, 0x307, 0x10A, 0x43, 0x30C, 0x10C, 0x43, 0x327,
  0xC7, 0x44, 0x307, 0x1E0A, 0x44, 0x30C, 0x10E, 0x44,
  0x323, 0x1E0C, 0x44, 0x327, 0x1E10, 0x44, 0x32D, 0x1E12,
  0x44, 0x331, 0x1E0E, 0x45, 0x300, 0xC8, 0x45, 0x301,
  0xC9, 0x45, 0x302, 0xCA, 0x45, 0x303, 0x1EBC, 0x45,
  0x304, 0x112, 0x45, 0x306, 0x114, 0x45, 0x307, 0x116,
  0x45, 0x308, 0xCB, 0x45, 0x309, 0x1EBA, 0x45, 0x30C,
  0x11A, 0x45, 0x30F, 0x204, 0x45, 0x311, 0x206, 0x45,
  0x323, 0x1EB8, 0x45, 0x327, 0x228, 0x45, 0x328, 0x118,
  0x45, 0x32D, 0x1E18, 0x45, 0x330, 0x1E1A, 0x46, 0x307,
  0x1E1E, 0x47, 0x301, 0x1F4, 0x47, 0x302, 0x11C, 0x47,
  0x304, 0x1E20, 0x47, 0x306, 0x11E, 0x47, 0x307, 0x120,
  0x47, 0x30C, 0x1E6, 0x47, 0x327, 0x122, 0x48, 0x302,
  0x124, 0x48, 0x307, 0x1E22, 0x48, 0x308, 0x1E26, 0x48,
  0x30C, 0x21E, 0x48, 0x323, 0x1E24, 0x48, 0x327, 0x1E28,
  0x48, 0x32E, 0x1E2A, 0x49, 0x300, 0xCC, 0x49, 0x301,
  0xCD, 0x49, 0x302, 0xCE, 0x49, 0x303, 0x128, 0x49,
  0x304, 0x12A, 0x49, 0x306, 0x12C, 0x49, 0x307, 0x130,
  0x49, 0x308, 0xCF, 0x49, 0x309, 0x1EC8, 0x49, 0x30C,
  0x1CF, 0x49, 0x30F, 0x208, 0x49, 0x311, 0x20A, 0x49,
  0x323, 0x1ECA, 0x49, 0x328, 0x12E, 0x49, 0x330, 0x1E2C,
  0x4A, 0x302, 0x134, 0x4B, 0x301, 0x1E30, 0x4B, 0x30C,
  0x1E8, 0x4B, 0x323, 0x1E32, 0x4B, 0x327, 0x136, 0x4B,
  0x331, 0x1E34, 0x4C, 0x301, 0x139, 0x4C, 0x30C, 0x13D,
  0x4C, 0x323, 0x1E36, 0x4C, 0x327, 0x13B, 0x4C, 0x32D,
  0x1E3C, 0x4C, 0x331, 0x1E3A, 0x4D, 0x301, 0x1E3E, 0x4D,
  0x307, 0x1E40, 0x4D, 0x323, 0x1E42, 0x4E, 0x300, 0x1F8,
  0x4E, 0x301, 0x143, 0x4E, 0x303, 0xD1, 0x4E, 0x307,
  0x1E44, 0x4E, 0x30C, 0x147, 0x4E, 0x323, 0x1E46, 0x4E,
  0x327, 0x145, 0x4E, 0x32D, 0x1E4A, 0x4E, 0x331, 0x1E48,
  0x4F, 0x300, 0xD2, 0x4F, 0x301, 0xD3, 0x4F, 0x302,
  0xD4, 0x4F, 0x303, 0xD5, 0x4F, 0x304, 0x14C, 0x4F,
  0x306, 0x14E, 0x4F, 0x307, 0x22E, 0x4F, 0x308, 0xD6,
  0x4F, 0x309, 0x1ECE, 0x4F, 0x30B, 0x150, 0x4F, 0x30C,
  0x1D1, 0x4F, 0x30F, 0x20C, 0x4F, 0x311, 0x20E, 0x4F,
  0x31B, 0x1A0, 0x4F, 0x323, 0x1ECC, 0x4F, 0x328, 0x1EA,
  0x50, 0x301, 0x1E54, 0x50, 0x307, 0x1E56, 0x52, 0x301,
  0x154, 0x52, 0x307, 0x1E58, 0x52, 0x30C, 0x158, 0x52,
  0x30F, 0x210, 0x52, 0x311, 0x212, 0x52, 0x323, 0x1E5A,
  0x52, 0x327, 0x156, 0x52, 0x331, 0x1E5E, 0x53, 0x301,
  0x15A, 0x53, 0x302, 0x15C, 0x53, 0x307, 0x1E60, 0x53,
  0x30C, 0x160, 0x53, 0x323, 0x1E62, 0x53, 0x326, 0x218,
  0x53, 0x327, 0x15E, 0x54, 0x307, 0x1E6A, 0x54, 0x30C,
  0x164, 0x54, 0x323, 0x1E6C, 0x54, 0x326, 0x21A, 0x54,
  0x327, 0x162, 0x54, 0x32D, 0x1E70, 0x54, 0x331, 0x1E6E,
  0x55, 0x300, 0xD9, 0x55, 0x301, 0xDA, 0x55, 0x302,
  0xDB, 0x55, 0x303, 0x168, 0x55, 0x304, 0x16A, 0x55,
  0x306, 0x16C, 0x55, 0x308, 0xDC, 0x55, 0x309, 0x1EE6,
  0x55, 0x30A, 0x16E, 0x55, 0x30B, 0x170, 0x55, 0x30C,
  0x1D3, 0x55, 0x30F, 0x214, 0x55, 0x311, 0x216, 0x55,
  0x31B, 0x1AF, 0x55, 0x323, 0x1EE4, 0x55, 0x324, 0x1E72,
  0x55, 0x328, 0x172, 0x55, 0x32D, 0x1E76, 0x55, 0x330,
  0x1E74, 0x56, 0x303, 0x1E7C, 0x56, 0x323, 0x1E7E, 0x57,
  0x300, 0x1E80, 0x57, 0x301, 0x1E82, 0x57, 0x302, 0x174,
  0x57, 0x307, 0x1E86, 0x57, 0x308, 0x1E84, 0x57, 0x323,
  0x1E88, 0x58, 0x307, 0x1E8A, 0x58, 0x308, 0x1E8C, 0x59,
  0x300, 0x1EF2, 0x59, 0x301, 0xDD, 0x59, 0x302, 0x176,
  0x59, 0x303, 0x1EF8, 0x59, 0x304, 0x232, 0x59, 0x307,
  0x1E8E, 0x59, 0x308, 0x178, 0x59, 0x309, 0x1EF6, 0x59,
  0x323, 0x1EF4, 0x5A, 0x301, 0x179, 0x5A, 0x302, 0x1E90,
  0x5A, 0x307, 0x17B, 0x5A, 0x30C, 0x17D, 0x5A, 0x323,
  0x1E92, 0x5A, 0x331, 0x1E94, 0x61, 0x300, 0xE0, 0x61,
  0x301, 0xE1, 0x61, 0x302, 0xE2, 0x61, 0x303, 0xE3,
  0x61, 0x304, 0x101, 0x61, 0x306, 0x103, 0x61, 0x307,
  0x227, 0x61, 0x308, 0xE4, 0x61, 0x309, 0x1EA3, 0x61,
  0x30A, 0xE5, 0x61, 0x30C, 0x1CE, 0x61, 0x30F, 0x201,
  0x61, 0x311, 0x203, 0x61, 0x323, 0x1EA1, 0x61, 0x325,
  0x1E01, 0x61, 0x328, 0x105, 0x62, 0x307, 0x1E03, 0x62,
  0x323, 0x1E05, 0x62, 0x331, 0x1E07, 0x63, 0x301, 0x107,
  0x63, 0x302, 0x109, 0x63, 0x307, 0x10B, 0x63, 0x30C,
  0x10D, 0x63, 0x327, 0xE7, 0x64, 0x307, 0x1E0B, 0x64,
  0x30C, 0x10F, 0x64, 0x323, 0x1E0D, 0x64, 0x327, 0x1E11,
  0x64, 0x32D, 0x1E13, 0x64, 0x331, 0x1E0F, 0x65, 0x300,
  0xE8, 0x65, 0x301, 0xE9, 0x65, 0x302, 0xEA, 0x65,
  0x303, 0x1EBD, 0x65, 0x304, 0x113, 0x65, 0x306, 0x115,
  0x65, 0x307, 0x117, 0x65, 0x308, 0xEB, 0x65, 0x309,
  0x1EBB, 0x65, 0x30C, 0x11B, 0x65, 0x30F, 0x205, 0x65,
  0x311, 0x207, 0x65, 0x323, 0x1EB9, 0x65, 0x327, 0x229,
  0x65, 0x328, 0x119, 0x65, 0x32D, 0x1E19, 0x65, 0x330,
  0x1E1B, 0x66, 0x307, 0x1E1F, 0x67, 0x301, 0x1F5, 0x67,
  0x302, 0x11D, 0x67, 0x304, 0x1E21, 0x67, 0x306, 0x11F,
  0x67, 0x307, 0x121, 0x67, 0x30C, 0x1E7, 0x67, 0x327,
  0x123, 0x68, 0x302, 0x125, 0x68, 0x307, 0x1E23, 0x68,
  0x308, 0x1E27, 0x68, 0x30C, 0x21F, 0x68, 0x323, 0x1E25,
  0x68, 0x327, 0x1E29, 0x68, 0x32E, 0x1E2B, 0x68, 0x331,
  0x1E96, 0x69, 0x300, 0xEC, 0x69, 0x301, 0xED, 0x69,
  0x302, 0xEE, 0x69, 0x303, 0x129, 0x69, 0x304, 0x12B,
  0x69, 0x306, 0x12D, 0x69, 0x308, 0xEF, 0x69, 0x309,
  0x1EC9, 0x69, 0x30C, 0x1D0, 0x69, 0x30F, 0x209, 0x69,
  0x311, 0x20B, 0x69, 0x323, 0x1ECB, 0x69, 0x328, 0x12F,
  0x69, 0x330, 0x1E2D, 0x6A, 0x302, 0x135, 0x6A, 0x30C,
  0x1F0, 0x6B, 0x301, 0x1E31, 0x6B, 0x30C, 0x1E9, 0x6B,
  0x323, 0x1E33, 0x6B, 0x327, 0x137, 0x6B, 0x331, 0x1E35,
  0x6C, 0x301, 0x13A, 0x6C, 0x30C, 0x13E, 0x6C, 0x323,
  0x1E37, 0x6C, 0x327, 0x13C, 0x6C, 0x32D, 0x1E3D, 0x6C,
  0x331, 0x1E3B, 0x6D, 0x301, 0x1E3F, 0x6D, 0x307, 0x1E41,
  0x6D, 0x323, 0x1E43, 0x6E, 0x300, 0x1F9, 0x6E, 0x301,
  0x144, 0x6E, 0x303, 0xF1, 0x6E, 0x307, 0x1E45, 0x6E,
  0x30C, 0x148, 0x6E, 0x323, 0x1E47, 0x6E, 0x327, 0x146,
  0x6E, 0x32D, 0x1E4B, 0x6E, 0x331, 0x1E49, 0x6F, 0x300,
  0xF2, 0x6F, 0x301, 0xF3, 0x6F, 0x302, 0xF4, 0x6F,
  0x303, 0xF5, 0x6F, 0x304, 0x14D, 0x6F, 0x306, 0x14F,
  0x6F, 0x307, 0x22F, 0x6F, 0x308, 0xF6, 0x6F, 0x309,
  0x1ECF, 0x6F, 0x30B, 0x151, 0x6F, 0x30C, 0x1D2, 0x6F,
  0x30F, 0x20D, 0x6F, 0x311, 0x20F, 0x6F, 0x31B, 0x1A1,
  0x6F, 0x323, 0x1ECD, 0x6F, 0x328, 0x1EB, 0x70, 0x301,
  0x1E55, 0x70, 0x307, 0x1E57, 0x72, 0x301, 0x155, 0x72,
  0x307, 0x1E59, 0x72, 0x30C, 0x159, 0x72, 0x30F, 0x211,
  0x72, 0x311, 0x213, 0x72, 0x323, 0x1E5B, 0x72, 0x327,
  0x157, 0x72, 0x331, 0x1E5F, 0x73, 0x301, 0x15B, 0x73,
  0x302, 0x15D, 0x73, 0x307, 0x1E61, 0x73, 0x30C, 0x161,
  0x73, 0x323, 0x1E63, 0x73, 0x326, 0x219, 0x73, 0x327,
  0x15F, 0x74, 0x307, 0x1E6B, 0x74, 0x308, 0x1E97, 0x74,
  0x30C, 0x165, 0x74, 0x323, 0x1E6D, 0x74, 0x326, 0x21B,
  0x74, 0x327, 0x163, 0x74, 0x32D, 0x1E71, 0x74, 0x331,
  0x1E6F, 0x75, 0x300, 0xF9, 0x75, 0x301, 0xFA, 0x75,
  0x302, 0xFB, 0x75, 0x303, 0x169, 0x75, 0x304, 0x16B,
  0x75, 0x306, 0x16D, 0x75, 0x308, 0xFC, 0x75, 0x309,
  0x1EE7, 0x75, 0x30A, 0x16F, 0x75, 0x30B, 0x171, 0x75,
  0x30C, 0x1D4, 0x75, 0x30F, 0x215, 0x75, 0x311, 0x217,
  0x75, 0x31B, 0x1B0, 0x75, 0x323, 0x1EE5, 0x75, 0x324,
  0x1E73, 0x75, 0x328, 0x173, 0x75, 0x32D, 0x1E77, 0x75,
  0x330, 0x1E75, 0x76, 0x303, 0x1E7D, 0x76, 0x323, 0x1E7F,
  0x77, 0x300, 0x1E81, 0x77, 0x301, 0x1E83, 0x77, 0x302,
  0x175, 0x77, 0x307, 0x1E87, 0x77, 0x308, 0x1E85, 0x77,
  0x30A, 0x1E98, 0x77, 0x323, 0x1E89, 0x78, 0x307, 0x1E8B,
  0x78, 0x308, 0x1E8D, 0x79, 0x300, 0x1EF3, 0x79, 0x301,
  0xFD, 0x79, 0x302, 0x177, 0x79, 0x303, 0x1EF9, 0x79,
  0x304, 0x233, 0x79, 0x307, 0x1E8F, 0x79, 0x308, 0xFF,
  0x79, 0x309, 0x1EF7, 0x79, 0x30A, 0x1E99, 0x79, 0x323,
  0x1EF5, 0x7A, 0x301, 0x17A, 0x7A, 0x302, 0x1E91, 0x7A,
  0x307, 0x17C, 0x7A, 0x30C, 0x17E, 0x7A, 0x323, 0x1E93,
  0x7A, 0x331, 0x1E95, 0xA8, 0x300, 0x1FED, 0xA8, 0x301,
  0x385, 0xA8, 0x342, 0x1FC1, 0xC2, 0x300, 0x1EA6, 0xC2,
  0x301, 0x1EA4, 0xC2, 0x303, 0x1EAA, 0xC2, 0x309, 0x1EA8,
  0xC4, 0x304, 0x1DE, 0xC5, 0x301, 0x1FA, 0xC6, 0x301,
  0x1FC, 0xC6, 0x304, 0x1E2, 0xC7, 0x301, 0x1E08, 0xCA,
  0x300, 0x1EC0, 0xCA, 0x301, 0x1EBE, 0xCA, 0x303, 0x1EC4,
  0xCA, 0x309, 0x1EC2, 0xCF, 0x301, 0x1E2E, 0xD4, 0x300,
  0x1ED2, 0xD4, 0x301, 0x1ED0, 0xD4, 0x303, 0x1ED6, 0xD4,
  0x309, 0x1ED4, 0xD5, 0x301, 0x1E4C, 0xD5, 0x304, 0x22C,
  0xD5, 0x308, 0x1E4E, 0xD6, 0x304, 0x22A, 0xD8, 0x301,
  0x1FE, 0xDC, 0x300, 0x1DB, 0xDC, 0x301, 0x1D7, 0xDC,
  0x304, 0x1D5, 0xDC, 0x30C, 0x1D9, 0xE2, 0x300, 0x1EA7,
  0xE2, 0x301, 0x1EA5, 0xE2, 0x303, 0x1EAB, 0xE2, 0x309,
  0x1EA9, 0xE4, 0x304, 0x1DF, 0xE5, 0x301, 0x1FB, 0xE6,
  0x301, 0x1FD, 0xE6, 0x304, 0x1E3, 0xE7, 0x301, 0x1E09,
  0xEA, 0x300, 0x1EC1, 0xEA, 0x301, 0x1EBF, 0xEA, 0x303,
  0x1EC5, 0xEA, 0x309, 0x1EC3, 0xEF, 0x301, 0x1E2F, 0xF4,
  0x300, 0x1ED3, 0xF4, 0x301, 0x1ED1, 0xF4, 0x303, 0x1ED7,
  0xF4, 0x309, 0x1ED5, 0xF5, 0x301, 0x1E4D, 0xF5, 0x304,
  0x22D, 0xF5, 0x308, 0x1E4F, 0xF6, 0x304, 0x22B, 0xF8,
  0x301, 0x1FF, 0xFC, 0x300, 0x1DC, 0xFC, 0x301, 0x1D8,
  0xFC, 0x304, 0x1D6, 0xFC, 0x30C, 0x1DA, 0x102, 0x300,
  0x1EB0, 0x102, 0x301, 0x1EAE, 0x102, 0x303, 0x1EB4, 0x102,
  0x309, 0x1EB2, 0x103, 0x300, 0x1EB1, 0x103, 0x301, 0x1EAF,
  0x103, 0x303, 0x1EB5, 0x103, 0x309, 0x1EB3, 0x112, 0x300,
  0x1E14, 0x112, 0x301, 0x1E16, 0x113, 0x300, 0x1E15, 0x113,
  0x301, 0x1E17, 0x14C, 0x300, 0x1E50, 0x14C, 0x301, 0x1E52,
  0x14D, 0x300, 0x1E51, 0x14D, 0x301, 0x1E53, 0x15A, 0x307,
  0x1E64, 0x15B, 0x307, 0x1E65, 0x160, 0x307, 0x1E66, 0x161,
  0x307, 0x1E67, 0x168, 0x301, 0x1E78, 0x169, 0x301, 0x1E79,
  0x16A, 0x308, 0x1E7A, 0x16B, 0x308, 0x1E7B, 0x17F, 0x307,
  0x1E9B, 0x1A0, 0x300, 0x1EDC, 0x1A0, 0x301, 0x1EDA, 0x1A0,
  0x303, 0x1EE0, 0x1A0, 0x309, 0x1EDE, 0x1A0, 0x323, 0x1EE2,
  0x1A1, 0x300, 0x1EDD, 0x1A1, 0x301, 0x1EDB, 0x1A1, 0x303,
  0x1EE1, 0x1A1, 0x309, 0x1EDF, 0x1A1, 0x323, 0x1EE3, 0x1AF,
  0x300, 0x1EEA, 0x1AF, 0x301, 0x1EE8, 0x1AF, 0x303, 0x1EEE,
  0x1AF, 0x309, 0x1EEC, 0x1AF, 0x323, 0x1EF0, 0x1B0, 0x300,
  0x1EEB, 0x1B0, 0x301, 0x1EE9, 0x1B0, 0x303, 0x1EEF, 0x1B0,
  0x309, 0x1EED, 0x1B0, 0x323, 0x1EF1, 0x1B7, 0x30C, 0x1EE,
  0x1EA, 0x304, 0x1EC, 0x1EB, 0x304, 0x1ED, 0x226, 0x304,
  0x1E0, 0x227, 0x304, 0x1E1, 0x228, 0x306, 0x1E1C, 0x229,
  0x306, 0x1E1D, 0x22E, 0x304, 0x230, 0x22F, 0x304, 0x231,
  0x292, 0x30C, 0x1EF, 0x391, 0x300, 0x1FBA, 0x391, 0x301,
  0x386, 0x391, 0x304, 0x1FB9, 0x391, 0x306, 0x1FB8, 0x391,
  0x313, 0x1F08, 0x391, 0x314, 0x1F09, 0x391, 0x345, 0x1FBC,
  0x395, 0x300, 0x1FC8, 0x395, 0x301, 0x388, 0x395, 0x313,
  0x1F18, 0x395, 0x314, 0x1F19, 0x397, 0x300, 0x1FCA, 0x397,
  0x301, 0x389, 0x397, 0x313, 0x1F28, 0x397, 0x314, 0x1F29,
  0x397, 0x345, 0x1FCC, 0x399, 0x300, 0x1FDA, 0x399, 0x301,
  0x38A, 0x399, 0x304, 0x1FD9, 0x399, 0x306, 0x1FD8, 0x399,
  0x308, 0x3AA, 0x399, 0x313, 0x1F38, 0x399, 0x314, 0x1F39,
  0x39F, 0x300, 0x1FF8, 0x39F, 0x301, 0x38C, 0x39F, 0x313,
  0x1F48, 0x39F, 0x314, 0x1F49, 0x3A1, 0x314, 0x1FEC, 0x3A5,
  0x300, 0x1FEA, 0x3A5, 0x301, 0x38E, 0x3A5, 0x304, 0x1FE9,
  0x3A5, 0x306, 0x1FE8, 0x3A5, 0x308, 0x3AB, 0x3A5, 0x314,
  0x1F59, 0x3A9, 0x300, 0x1FFA, 0x3A9, 0x301, 0x38F, 0x3A9,
  0x313, 0x1F68, 0x3A9, 0x314, 0x1F69, 0x3A9, 0x345, 0x1FFC,
  0x3AC, 0x345, 0x1FB4, 0x3AE, 0x345, 0x1FC4, 0x3B1, 0x300,
  0x1F70, 0x3B1, 0x301, 0x3AC, 0x3B1, 0x304, 0x1FB1, 0x3B1,
  0x306, 0x1FB0, 0x3B1, 0x313, 0x1F00, 0x3B1, 0x314, 0x1F01,
  0x3B1, 0x342, 0x1FB6, 0x3B1, 0x345, 0x1FB3, 0x3B5, 0x300,
  0x1F72, 0x3B5, 0x301, 0x3AD, 0x3B5, 0x313, 0x1F10, 0x3B5,
  0x314, 0x1F11, 0x3B7, 0x300, 0x1F74, 0x3B7, 0x301, 0x3AE,
  0x3B7, 0x313, 0x1F20, 0x3B7, 0x314, 0x1F21, 0x3B7, 0x342,
  0x1FC6, 0x3B7, 0x345, 0x1FC3, 0x3B9, 0x300, 0x1F76, 0x3B9,
  0x301, 0x3AF, 0x3B9, 0x304, 0x1FD1, 0x3B9, 0x306, 0x1FD0,
  0x3B9, 0x308, 0x3CA, 0x3B9, 0x313, 0x1F30, 0x3B9, 0x314,
  0x1F31, 0x3B9, 0x342, 0x1FD6, 0x3BF, 0x300, 0x1F78, 0x3BF,
  0x301, 0x3CC, 0x3BF, 0x313, 0x1F40, 0x3BF, 0x314, 0x1F41,
  0x3C1, 0x313, 0x1FE4, 0x3C1, 0x314, 0x1FE5, 0x3C5, 0x300,
  0x1F7A, 0x3C5, 0x301, 0x3CD, 0x3C5, 0x304, 0x1FE1, 0x3C5,
  0x306, 0x1FE0, 0x3C5, 0x308, 0x3CB, 0x3C5, 0x313, 0x1F50,
  0x3C5, 0x314, 0x1F51, 0x3C5, 0x342, 0x1FE6, 0x3C9, 0x300,
  0x1F7C, 0x3C9, 0x301, 0x3CE, 0x3C9, 0x313, 0x1F60, 0x3C9,
  0x314, 0x1F61, 0x3C9, 0x342, 0x1FF6, 0x3C9, 0x345, 0x1FF3,
  0x3CA, 0x300, 0x1FD2, 0x3CA, 0x301, 0x390, 0x3CA, 0x342,
  0x1FD7, 0x3CB, 0x300, 0x1FE2, 0x3CB, 0x301, 0x3B0, 0x3CB,
  0x342, 0x1FE7, 0x3CE, 0x345, 0x1FF4, 0x3D2, 0x301, 0x3D3,
  0x3D2, 0x308, 0x3D4, 0x406, 0x308, 0x407, 0x410, 0x306,
  0x4D0, 0x410, 0x308, 0x4D2, 0x413, 0x301, 0x403, 0x415,
  0x300, 0x400, 0x415, 0x306, 0x4D6, 0x415, 0x308, 0x401,
  0x416, 0x306, 0x4C1, 0x416, 0x308, 0x4DC, 0x417, 0x308,
  0x4DE, 0x418, 0x300, 0x40D, 0x418, 0x304, 0x4E2, 0x418,
  0x306, 0x419, 0x418, 0x308, 0x4E4, 0x41A, 0x301, 0x40C,
  0x41E, 0x308, 0x4E6, 0x423, 0x304, 0x4EE, 0x423, 0x306,
  0x40E, 0x423, 0x308, 0x4F0, 0x423, 0x30B, 0x4F2, 0x427,
  0x308, 0x4F4, 0x42B, 0x308, 0x4F8, 0x42D, 0x308, 0x4EC,
  0x430, 0x306, 0x4D1, 0x430, 0x308, 0x4D3, 0x433, 0x301,
  0x453, 0x435, 0x300, 0x450, 0x435, 0x306, 0x4D7, 0x435,
  0x308, 0x451, 0x436, 0x306, 0x4C2, 0x436, 0x308, 0x4DD,
  0x437, 0x308, 0x4DF, 0x438, 0x300, 0x45D, 0x438, 0x304,
  0x4E3, 0x438, 0x306, 0x439, 0x438, 0x308, 0x4E5, 0x43A,
  0x301, 0x45C, 0x43E, 0x308, 0x4E7, 0x443, 0x304, 0x4EF,
  0x443, 0x306, 0x45E, 0x443, 0x308, 0x4F1, 0x443, 0x30B,
  0x4F3, 0x447, 0x308, 0x4F5, 0x44B, 0x308, 0x4F9, 0x44D,
  0x308, 0x4ED, 0x456, 0x308, 0x457, 0x474, 0x30F, 0x476,
  0x475, 0x30F, 0x477, 0x4D8, 0x308, 0x4DA, 0x4D9, 0x308,
  0x4DB, 0x4E8, 0x308, 0x4EA, 0x4E9, 0x308, 0x4EB, 0x627,
  0x653, 0x622, 0x627, 0x654, 0x623, 0x627, 0x655, 0x625,
  0x648, 0x654, 0x624, 0x64A, 0x654, 0x626, 0x6C1, 0x654,
  0x6C2, 0x6D2, 0x654, 0x6D3, 0x6D5, 0x654, 0x6C0, 0x928,
  0x93C, 0x929, 0x930, 0x93C, 0x931, 0x933, 0x93C, 0x934,
  0x9C7, 0x9BE, 0x9CB, 0x9C7, 0x9D7, 0x9CC, 0xB47, 0xB3E,
  0xB4B, 0xB47, 0xB56, 0xB48, 0xB47, 0xB57, 0xB4C, 0xB92,
  0xBD7, 0xB94, 0xBC6, 0xBBE, 0xBCA, 0xBC6, 0xBD7, 0xBCC,
  0xBC7, 0xBBE, 0xBCB, 0xC46, 0xC56, 0xC48, 0xCBF, 0xCD5,
  0xCC0, 0xCC6, 0xCC2, 0xCCA, 0xCC6, 0xCD5, 0xCC7, 0xCC6,
  0xCD6, 0xCC8, 0xCCA, 0xCD5, 0xCCB, 0xD46, 0xD3E, 0xD4A,
  0xD46, 0xD57, 0xD4C, 0xD47, 0xD3E, 0xD4B, 0xDD9, 0xDCA,
  0xDDA, 0xDD9, 0xDCF, 0xDDC, 0xDD9, 0xDDF, 0xDDE, 0xDDC,
  0xDCA, 0xDDD, 0x1025, 0x102E, 0x1026, 0x1B05, 0x1B35, 0x1B06,
  0x1B07, 0x1B35, 0x1B08, 0x1B09, 0x1B35, 0x1B0A, 0x1B0B, 0x1B35,
  0x1B0C, 0x1B0D, 0x1B35, 0x1B0E, 0x1B11, 0x1B35, 0x1B12, 0x1B3A,
  0x1B35, 0x1B3B, 0x1B3C, 0x1B35, 0x1B3D, 0x1B3E, 0x1B35, 0x1B40,
  0x1B3F, 0x1B35, 0x1B41, 0x1B42, 0x1B35, 0x1B43, 0x1E36, 0x304,
  0x1E38, 0x1E37, 0x304, 0x1E39, 0x1E5A, 0x304, 0x1E5C, 0x1E5B,
  0x304, 0x1E5D, 0x1E62, 0x307, 0x1E68, 0x1E63, 0x307, 0x1E69,
  0x1EA0, 0x302, 0x1EAC, 0x1EA0, 0x306, 0x1EB6, 0x1EA1, 0x302,
  0x1EAD, 0x1EA1, 0x306, 0x1EB7, 0x1EB8, 0x302, 0x1EC6, 0x1EB9,
  0x302, 0x1EC7, 0x1ECC, 0x302, 0x1ED8, 0x1ECD, 0x302, 0x1ED9,
  0x1F00, 0x300, 0x1F02, 0x1F00, 0x301, 0x1F04, 0x1F00, 0x342,
  0x1F06, 0x1F00, 0x345, 0x1F80, 0x1F01, 0x300, 0x1F03, 0x1F01,
  0x301, 0x1F05, 0x1F01, 0x342, 0x1F07, 0x1F01, 0x345, 0x1F81,
  0x1F02, 0x345, 0x1F82, 0x1F03, 0x345, 0x1F83, 0x1F04, 0x345,
  0x1F84, 0x1F05, 0x345, 0x1F85, 0x1F06, 0x345, 0x1F86, 0x1F07,
  0x345, 0x1F87, 0x1F08, 0x300, 0x1F0A, 0x1F08, 0x301, 0x1F0C,
  0x1F08, 0x342, 0x1F0E, 0x1F08, 0x345, 0x1F88, 0x1F09, 0x300,
  0x1F0B, 0x1F09, 0x301, 0x1F0D, 0x1F09, 0x342, 0x1F0F, 0x1F09,
  0x345, 0x1F89, 0x1F0A, 0x345, 0x1F8A, 0x1F0B, 0x345, 0x1F8B,
  0x1F0C, 0x345, 0x1F8C, 0x1F0D, 0x345, 0x1F8D, 0x1F0E, 0x345,
  0x1F8E, 0x1F0F, 0x345, 0x1F8F, 0x1F10, 0x300, 0x1F12, 0x1F10,
  0x301, 0x1F14, 0x1F11, 0x300, 0x1F13, 0x1F11, 0x301, 0x1F15,
  0x1F18, 0x300, 0x1F1A, 0x1F18, 0x301, 0x1F1C, 0x1F19, 0x300,
  0x1F1B, 0x1F19, 0x301, 0x1F1D, 0x1F20, 0x300, 0x1F22, 0x1F20,
  0x301, 0x1F24, 0x1F20, 0x342, 0x1F26, 0x1F20, 0x345, 0x1F90,
  0x1F21, 0x300, 0x1F23, 0x1F21, 0x301, 0x1F25, 0x1F21, 0x342,
  0x1F27, 0x1F21, 0x345, 0x1F91, 0x1F22, 0x345, 0x1F92, 0x1F23,
  0x345, 0x1F93, 0x1F24, 0x345, 0x1F94, 0x1F25, 0x345, 0x1F95,
  0x1F26, 0x345, 0x1F96, 0x1F27, 0x345, 0x1F97, 0x1F28, 0x300,
  0x1F2A, 0x1F28, 0x301, 0x1F2C, 0x1F28, 0x342, 0x1F2E, 0x1F28,
  0x345, 0x1F98, 0x1F29, 0x300, 0x1F2B, 0x1F29, 0x301, 0x1F2D,
  0x1F29, 0x342, 0x1F2F, 0x1F29, 0x345, 0x1F99, 0x1F2A, 0x345,
  0x1F9A, 0x1F2B, 0x345, 0x1F9B, 0x1F2C, 0x345, 0x1F9C, 0x1F2D,
  0x345, 0x1F9D, 0x1F2E, 0x345, 0x1F9E, 0x1F2F, 0x345, 0x1F9F,
  0x1F30, 0x300, 0x1F32, 0x1F30, 0x301, 0x1F34, 0x1F30, 0x342,
  0x1F36, 0x1F31, 0x300, 0x1F33, 0x1F31, 0x301, 0x1F35, 0x1F31,
  0x342, 0x1F37, 0x1F38, 0x300, 0x1F3A, 0x1F38, 0x301, 0x1F3C,
  0x1F38, 0x342, 0x1F3E, 0x1F39, 0x300, 0x1F3B, 0x1F39, 0x301,
  0x1F3D, 0x1F39, 0x342, 0x1F3F, 0x1F40, 0x300, 0x1F42, 0x1F40,
  0x301, 0x1F44, 0x1F41, 0x300, 0x1F43, 0x1F41, 0x301, 0x1F45,
  0x1F48, 0x300, 0x1F4A, 0x1F48, 0x301, 0x1F4C, 0x1F49, 0x300,
  0x1F4B, 0x1F49, 0x301, 0x1F4D, 0x1F50, 0x300, 0x1F52, 0x1F50,
  0x301, 0x1F54, 0x1F50, 0x342, 0x1F56, 0x1F51, 0x300, 0x1F53,
  0x1F51, 0x301, 0x1F55, 0x1F51, 0x342, 0x1F57, 0x1F59, 0x300,
  0x1F5B, 0x1F59, 0x301, 0x1F5D, 0x1F59, 0x342, 0x1F5F, 0x1F60,
  0x300, 0x1F62, 0x1F60, 0x301, 0x1F64, 0x1F60, 0x342, 0x1F66,
  0x1F60, 0x345, 0x1FA0, 0x1F61, 0x300, 0x1F63, 0x1F61, 0x301,
  0x1F65, 0x1F61, 0x342, 0x1F67, 0x1F61, 0x345, 0x1FA1, 0x1F62,
  0x345, 0x1FA2, 0x1F63, 0x345, 0x1FA3, 0x1F64, 0x345, 0x1FA4,
  0x1F65, 0x345, 0x1FA5, 0x1F66, 0x345, 0x1FA6, 0x1F67, 0x345,
  0x1FA7, 0x1F68, 0x300, 0x1F6A, 0x1F68, 0x301, 0x1F6C, 0x1F68,
  0x342, 0x1F6E, 0x1F68, 0x345, 0x1FA8, 0x1F69, 0x300, 0x1F6B,
  0x1F69, 0x301, 0x1F6D, 0x1F69, 0x342, 0x1F6F, 0x1F69, 0x345,
  0x1FA9, 0x1F6A, 0x345, 0x1FAA, 0x1F6B, 0x345, 0x1FAB, 0x1F6C,
  0x345, 0x1FAC, 0x1F6D, 0x345, 0x1FAD, 0x1F6E, 0x345, 0x1FAE,
  0x1F6F, 0x345, 0x1FAF, 0x1F70, 0x345, 0x1FB2, 0x1F74, 0x345,
  0x1FC2, 0x1F7C, 0x345, 0x1FF2, 0x1FB6, 0x345, 0x1FB7, 0x1FBF,
  0x300, 0x1FCD, 0x1FBF, 0x301, 0x1FCE, 0x1FBF, 0x342, 0x1FCF,
  0x1FC6, 0x345, 0x1FC7, 0x1FF6, 0x345, 0x1FF7, 0x1FFE, 0x300,
  0x1FDD, 0x1FFE, 0x301, 0x1FDE, 0x1FFE, 0x342, 0x1FDF, 0x2190,
  0x338, 0x219A, 0x2192, 0x338, 0x219B, 0x2194, 0x338, 0x21AE,
  0x21D0, 0x338, 0x21CD, 0x21D2, 0x338, 0x21CF, 0x21D4, 0x338,
  0x21CE, 0x2203, 0x338, 0x2204, 0x2208, 0x338, 0x2209, 0x220B,
  0x338, 0x220C, 0x2223, 0x338, 0x2224, 0x2225, 0x338, 0x2226,
  0x223C, 0x338, 0x2241, 0x2243, 0x338, 0x2244, 0x2245, 0x338,
  0x2247, 0x2248, 0x338, 0x2249, 0x224D, 0x338, 0x226D, 0x2261,
  0x338, 0x2262, 0x2264, 0x338, 0x2270, 0x2265, 0x338, 0x2271,
  0x2272, 0x338, 0x2274, 0x2273, 0x338, 0x2275, 0x2276, 0x338,
  0x2278, 0x2277, 0x338, 0x2279, 0x227A, 0x338, 0x2280, 0x227B,
  0x338, 0x2281, 0x227C, 0x338, 0x22E0, 0x227D, 0x338, 0x22E1,
  0x2282, 0x338, 0x2284, 0x2283, 0x338, 0x2285, 0x2286, 0x338,
  0x2288, 0x2287, 0x338, 0x2289, 0x2291, 0x338, 0x22E2, 0x2292,
  0x338, 0x22E3, 0x22A2, 0x338, 0x22AC, 0x22A8, 0x338, 0x22AD,
  0x22A9, 0x338, 0x22AE, 0x22AB, 0x338, 0x22AF, 0x22B2, 0x338,
  0x22EA, 0x22B3, 0x338, 0x22EB, 0x22B4, 0x338, 0x22EC, 0x22B5,
  0x338, 0x22ED, 0x3046, 0x3099, 0x3094, 0x304B, 0x3099, 0x304C,
  0x304D, 0x3099, 0x304E, 0x304F, 0x3099, 0x3050, 0x3051, 0x3099,
  0x3052, 0x3053, 0x3099, 0x3054, 0x3055, 0x3099, 0x3056, 0x3057,
  0x3099, 0x3058, 0x3059, 0x3099, 0x305A, 0x305B, 0x3099, 0x305C,
  0x305D, 0x3099, 0x305E, 0x305F, 0x3099, 0x3060, 0x3061, 0x3099,
  0x3062, 0x3064, 0x3099, 0x3065, 0x3066, 0x3099, 0x3067, 0x3068,
  0x3099, 0x3069, 0x306F, 0x3099, 0x3070, 0x306F, 0x309A, 0x3071,
  0x3072, 0x3099, 0x3073, 0x3072, 0x309A, 0x3074, 0x3075, 0x3099,
  0x3076, 0x3075, 0x309A, 0x3077, 0x3078, 0x3099, 0x3079, 0x3078,
  0x309A, 0x307A, 0x307B, 0x3099, 0x307C, 0x307B, 0x309A, 0x307D,
  0x309D, 0x3099, 0x309E, 0x30A6, 0x3099, 0x30F4, 0x30AB, 0x3099,
  0x30AC, 0x30AD, 0x3099, 0x30AE, 0x30AF, 0x3099, 0x30B0, 0x30B1,
  0x3099, 0x30B2, 0x30B3, 0x3099, 0x30B4, 0x30B5, 0x3099, 0x30B6,
  0x30B7, 0x3099, 0x30B8, 0x30B9, 0x3099, 0x30BA, 0x30BB, 0x3099,
  0x30BC, 0x30BD, 0x3099, 0x30BE, 0x30BF, 0x3099, 0x30C0, 0x30C1,
  0x3099, 0x30C2, 0x30C4, 0x3099, 0x30C5, 0x30C6, 0x3099, 0x30C7,
  0x30C8, 0x3099, 0x30C9, 0x30CF, 0x3099, 0x30D0, 0x30CF, 0x309A,
  0x30D1, 0x30D2, 0x3099, 0x30D3, 0x30D2, 0x309A, 0x30D4, 0x30D5,
  0x3099, 0x30D6, 0x30D5, 0x309A, 0x30D7, 0x30D8, 0x3099, 0x30D9,
  0x30D8, 0x309A, 0x30DA, 0x30DB, 0x3099, 0x30DC, 0x30DB, 0x309A,
  0x30DD, 0x30EF, 0x3099, 0x30F7, 0x30F0, 0x3099, 0x30F8, 0x30F1,
  0x3099, 0x30F9, 0x30F2, 0x3099, 0x30FA, 0x30FD, 0x3099, 0x30FE,
  0x105D2, 0x307, 0x105C9, 0x105DA, 0x307, 0x105E4, 0x11099, 0x110BA,
  0x1109A, 0x1109B, 0x110BA, 0x1109C, 0x110A5, 0x110BA, 0x110AB, 0x11131,
  0x11127, 0x1112E, 0x11132, 0x11127, 0x1112F, 0x11347, 0x1133E, 0x1134B,
  0x11347, 0x11357, 0x1134C, 0x11382, 0x113C9, 0x11383, 0x11384, 0x113BB,
  0x11385, 0x1138B, 0x113C2, 0x1138E, 0x11390, 0x113C9, 0x11391, 0x113C2,
  0x113B8, 0x113C7, 0x113C2, 0x113C2, 0x113C5, 0x113C2, 0x113C9, 0x113C8,
  0x114B9, 0x114B0, 0x114BC, 0x114B9, 0x114BA, 0x114BB, 0x114B9, 0x114BD,
  0x114BE, 0x115B8, 0x115AF, 0x115BA, 0x115B9, 0x115AF, 0x115BB, 0x11935,
  0x11930, 0x11938, 0x1611E, 0x1611E, 0x16121, 0x1611E, 0x1611F, 0x16123,
  0x1611E, 0x16120, 0x16125, 0x1611E, 0x16129, 0x16122, 0x16121, 0x1611F,
  0x16126, 0x16121, 0x16120, 0x16128, 0x16122, 0x1611F, 0x16127, 0x16129,
  0x1611F, 0x16124, 0x16D63, 0x16D67, 0x16D69, 0x16D67, 0x16D67, 0x16D68,
  0x16D69, 0x16D67, 0x16D6A,
};

inline constexpr u32 uppercaseMappingsCount = 3160;
static const u32 uppercaseMappings[3160] = {
  0x61, 0x1, 0x62, 0x101, 0x63, 0x201, 0x64, 0x301,
  0x65, 0x401, 0x66, 0x501, 0x67, 0x601, 0x68, 0x701,
  0x69, 0x801, 0x6A, 0x901, 0x6B, 0xA01, 0x6C, 0xB01,
  0x6D, 0xC01, 0x6E, 0xD01, 0x6F, 0xE01, 0x70, 0xF01,
  0x71, 0x1001, 0x72, 0x1101, 0x73, 0x1201, 0x74, 0x1301,
  0x75, 0x1401, 0x76, 0x1501, 0x77, 0x1601, 0x78, 0x1701,
  0x79, 0x1801, 0x7A, 0x1901, 0xB5, 0x1A01, 0xDF, 0x1B02,
  0xE0, 0x1D01, 0xE1, 0x1E01, 0xE2, 0x1F01, 0xE3, 0x2001,
  0xE4, 0x2101, 0xE5, 0x2201, 0xE6, 0x2301, 0xE7, 0x2401,
  0xE8, 0x2501, 0xE9, 0x2601, 0xEA, 0x2701, 0xEB, 0x2801,
  0xEC, 0x2901, 0xED, 0x2A01, 0xEE, 0x2B01, 0xEF, 0x2C01,
  0xF0, 0x2D01, 0xF1, 0x2E01, 0xF2, 0x2F01, 0xF3, 0x3001,
  0xF4, 0x3101, 0xF5, 0x3201, 0xF6, 0x3301, 0xF8, 0x3401,
  0xF9, 0x3501, 0xFA, 0x3601, 0xFB, 0x3701, 0xFC, 0x3801,
  0xFD, 0x3901, 0xFE, 0x3A01, 0xFF, 0x3B01, 0x101, 0x3C01,
  0x103, 0x3D01, 0x105, 0x3E01, 0x107, 0x3F01, 0x109, 0x4001,
  0x10B, 0x4101, 0x10D, 0x4201, 0x10F, 0x4301, 0x111, 0x4401,
  0x113, 0x4501, 0x115, 0x4601, 0x117, 0x4701, 0x119, 0x4801,
  0x11B, 0x4901, 0x11D, 0x4A01, 0x11F, 0x4B01, 0x121, 0x4C01,
  0x123, 0x4D01, 0x125, 0x4E01, 0x127, 0x4F01, 0x129, 0x5001,
  0x12B, 0x5101, 0x12D, 0x5201, 0x12F, 0x5301, 0x131, 0x5401,
  0x133, 0x5501, 0x135, 0x5601, 0x137, 0x5701, 0x13A, 0x5801,
  0x13C, 0x5901, 0x13E, 0x5A01, 0x140, 0x5B01, 0x142, 0x5C01,
  0x144, 0x5D01, 0x146, 0x5E01, 0x148, 0x5F01, 0x149, 0x6002,
  0x14B, 0x6201, 0x14D, 0x6301, 0x14F, 0x6401, 0x151, 0x6501,
  0x153, 0x6601, 0x155, 0x6701, 0x157, 0x6801, 0x159, 0x6901,
  0x15B, 0x6A01, 0x15D, 0x6B01, 0x15F, 0x6C01, 0x161, 0x6D01,
  0x163, 0x6E01, 0x165, 0x6F01, 0x167, 0x7001, 0x169, 0x7101,
  0x16B, 0x7201, 0x16D, 0x7301, 0x16F, 0x7401, 0x171, 0x7501,
  0x173, 0x7601, 0x175, 0x7701, 0x177, 0x7801, 0x17A, 0x7901,
  0x17C, 0x7A01, 0x17E, 0x7B01, 0x17F, 0x7C01, 0x180, 0x7D01,
  0x183, 0x7E01, 0x185, 0x7F01, 0x188, 0x8001, 0x18C, 0x8101,
  0x192, 0x8201, 0x195, 0x8301, 0x199, 0x8401, 0x19A, 0x8501,
  0x19B, 0x8601, 0x19E, 0x8701, 0x1A1, 0x8801, 0x1A3, 0x8901,
  0x1A5, 0x8A01, 0x1A8, 0x8B01, 0x1AD, 0x8C01, 0x1B0, 0x8D01,
  0x1B4, 0x8E01, 0x1B6, 0x8F01, 0x1B9, 0x9001, 0x1BD, 0x9101,
  0x1BF, 0x9201, 0x1C5, 0x9301, 0x1C6, 0x9401, 0x1C8, 0x9501,
  0x1C9, 0x9601, 0x1CB, 0x9701, 0x1CC, 0x9801, 0x1CE, 0x9901,
  0x1D0, 0x9A01, 0x1D2, 0x9B01, 0x1D4, 0x9C01, 0x1D6, 0x9D01,
  0x1D8, 0x9E01, 0x1DA, 0x9F01, 0x1DC, 0xA001, 0x1DD, 0xA101,
  0x1DF, 0xA201, 0x1E1, 0xA301, 0x1E3, 0xA401, 0x1E5, 0xA501,
  0x1E7, 0xA601, 0x1E9, 0xA701, 0x1EB, 0xA801, 0x1ED, 0xA901,
  0x1EF, 0xAA01, 0x1F0, 0xAB02, 0x1F2, 0xAD01, 0x1F3, 0xAE01,
  0x1F5, 0xAF01, 0x1F9, 0xB001, 0x1FB, 0xB101, 0x1FD, 0xB201,
  0x1FF, 0xB301, 0x201, 0xB401, 0x203, 0xB501, 0x205, 0xB601,
  0x207, 0xB701, 0x209, 0xB801, 0x20B, 0xB901, 0x20D, 0xBA01,
  0x20F, 0xBB01, 0x211, 0xBC01, 0x213, 0xBD01, 0x215, 0xBE01,
  0x217, 0xBF01, 0x219, 0xC001, 0x21B, 0xC101, 0x21D, 0xC201,
  0x21F, 0xC301, 0x223, 0xC401, 0x225, 0xC501, 0x227, 0xC601,
  0x229, 0xC701, 0x22B, 0xC801, 0x22D, 0xC901, 0x22F, 0xCA01,
  0x231, 0xCB01, 0x233, 0xCC01, 0x23C, 0xCD01, 0x23F, 0xCE01,
  0x240, 0xCF01, 0x242, 0xD001, 0x247, 0xD101, 0x249, 0xD201,
  0x24B, 0xD301, 0x24D, 0xD401, 0x24F, 0xD501, 0x250, 0xD601,
  0x251, 0xD701, 0x252, 0xD801, 0x253, 0xD901, 0x254, 0xDA01,
  0x256, 0xDB01, 0x257, 0xDC01, 0x259, 0xDD01, 0x25B, 0xDE01,
  0x25C, 0xDF01, 0x260, 0xE001, 0x261, 0xE101, 0x263, 0xE201,
  0x264, 0xE301, 0x265, 0xE401, 0x266, 0xE501, 0x268, 0xE601,
  0x269, 0xE701, 0x26A, 0xE801, 0x26B, 0xE901, 0x26C, 0xEA01,
  0x26F, 0xEB01, 0x271, 0xEC01, 0x272, 0xED01, 0x275, 0xEE01,
  0x27D, 0xEF01, 0x280, 0xF001, 0x282, 0xF101, 0x283, 0xF201,
  0x287, 0xF301, 0x288, 0xF401, 0x289, 0xF501, 0x28A, 0xF601,
  0x28B, 0xF701, 0x28C, 0xF801, 0x292, 0xF901, 0x29D, 0xFA01,
  0x29E, 0xFB01, 0x345, 0xFC01, 0x371, 0xFD01, 0x373, 0xFE01,
  0x377, 0xFF01, 0x37B, 0x10001, 0x37C, 0x10101, 0x37D, 0x10201,
  0x390, 0x10303, 0x3AC, 0x10601, 0x3AD, 0x10701, 0x3AE, 0x10801,
  0x3AF, 0x10901, 0x3B0, 0x10A03, 0x3B1, 0x10D01, 0x3B2, 0x10E01,
  0x3B3, 0x10F01, 0x3B4, 0x11001, 0x3B5, 0x11101, 0x3B6, 0x11201,
  0x3B7, 0x11301, 0x3B8, 0x11401, 0x3B9, 0x11501, 0x3BA, 0x11601,
  0x3BB, 0x11701, 0x3BC, 0x11801, 0x3BD, 0x11901, 0x3BE, 0x11A01,
  0x3BF, 0x11B01, 0x3C0, 0x11C01, 0x3C1, 0x11D01, 0x3C2, 0x11E01,
  0x3C3, 0x11F01, 0x3C4, 0x12001, 0x3C5, 0x12101, 0x3C6, 0x12201,
  0x3C7, 0x12301, 0x3C8, 0x12401, 0x3C9, 0x12501, 0x3CA, 0x12601,
  0x3CB, 0x12701, 0x3CC, 0x12801, 0x3CD, 0x12901, 0x3CE, 0x12A01,
  0x3D0, 0x12B01, 0x3D1, 0x12C01, 0x3D5, 0x12D01, 0x3D6, 0x12E01,
  0x3D7, 0x12F01, 0x3D9, 0x13001, 0x3DB, 0x13101, 0x3DD, 0x13201,
  0x3DF, 0x13301, 0x3E1, 0x13401, 0x3E3, 0x13501, 0x3E5, 0x13601,
  0x3E7, 0x13701, 0x3E9, 0x13801, 0x3EB, 0x13901, 0x3ED, 0x13A01,
  0x3EF, 0x13B01, 0x3F0, 0x13C01, 0x3F1, 0x13D01, 0x3F2, 0x13E01,
  0x3F3, 0x13F01, 0x3F5, 0x14001, 0x3F8, 0x14101, 0x3FB, 0x14201,
  0x430, 0x14301, 0x431, 0x14401, 0x432, 0x14501, 0x433, 0x14601,
  0x434, 0x14701, 0x435, 0x14801, 0x436, 0x14901, 0x437, 0x14A01,
  0x438, 0x14B01, 0x439, 0x14C01, 0x43A, 0x14D01, 0x43B, 0x14E01,
  0x43C, 0x14F01, 0x43D, 0x15001, 0x43E, 0x15101, 0x43F, 0x15201,
  0x440, 0x15301, 0x441, 0x15401, 0x442, 0x15501, 0x443, 0x15601,
  0x444, 0x15701, 0x445, 0x15801, 0x446, 0x15901, 0x447, 0x15A01,
  0x448, 0x15B01, 0x449, 0x15C01, 0x44A, 0x15D01, 0x44B, 0x15E01,
  0x44C, 0x15F01, 0x44D, 0x16001, 0x44E, 0x16101, 0x44F, 0x16201,
  0x450, 0x16301, 0x451, 0x16401, 0x452, 0x16501, 0x453, 0x16601,
  0x454, 0x16701, 0x455, 0x16801, 0x456, 0x16901, 0x457, 0x16A01,
  0x458, 0x16B01, 0x459, 0x16C01, 0x45A, 0x16D01, 0x45B, 0x16E01,
  0x45C, 0x16F01, 0x45D, 0x17001, 0x45E, 0x17101, 0x45F, 0x17201,
  0x461, 0x17301, 0x463, 0x17401, 0x465, 0x17501, 0x467, 0x17601,
  0x469, 0x17701, 0x46B, 0x17801, 0x46D, 0x17901, 0x46F, 0x17A01,
  0x471, 0x17B01, 0x473, 0x17C01, 0x475, 0x17D01, 0x477, 0x17E01,
  0x479, 0x17F01, 0x47B, 0x18001, 0x47D, 0x18101, 0x47F, 0x18201,
  0x481, 0x18301, 0x48B, 0x18401, 0x48D, 0x18501, 0x48F, 0x18601,
  0x491, 0x18701, 0x493, 0x18801, 0x495, 0x18901, 0x497, 0x18A01,
  0x499, 0x18B01, 0x49B, 0x18C01, 0x49D, 0x18D01, 0x49F, 0x18E01,
  0x4A1, 0x18F01, 0x4A3, 0x19001, 0x4A5, 0x19101, 0x4A7, 0x19201,
  0x4A9, 0x19301, 0x4AB, 0x19401, 0x4AD, 0x19501, 0x4AF, 0x19601,
  0x4B1, 0x19701, 0x4B3, 0x19801, 0x4B5, 0x19901, 0x4B7, 0x19A01,
  0x4B9, 0x19B01, 0x4BB, 0x19C01, 0x4BD, 0x19D01, 0x4BF, 0x19E01,
  0x4C2, 0x19F01, 0x4C4, 0x1A001, 0x4C6, 0x1A101, 0x4C8, 0x1A201,
  0x4CA, 0x1A301, 0x4CC, 0x1A401, 0x4CE, 0x1A501, 0x4CF, 0x1A601,
  0x4D1, 0x1A701, 0x4D3, 0x1A801, 0x4D5, 0x1A901, 0x4D7, 0x1AA01,
  0x4D9, 0x1AB01, 0x4DB, 0x1AC01, 0x4DD, 0x1AD01, 0x4DF, 0x1AE01,
  0x4E1, 0x1AF01, 0x4E3, 0x1B001, 0x4E5, 0x1B101, 0x4E7, 0x1B201,
  0x4E9, 0x1B301, 0x4EB, 0x1B401, 0x4ED, 0x1B501, 0x4EF, 0x1B601,
  0x4F1, 0x1B701, 0x4F3, 0x1B801, 0x4F5, 0x1B901, 0x4F7, 0x1BA01,
  0x4F9, 0x1BB01, 0x4FB, 0x1BC01, 0x4FD, 0x1BD01, 0x4FF, 0x1BE01,
  0x501, 0x1BF01, 0x503, 0x1C001, 0x505, 0x1C101, 0x507, 0x1C201,
  0x509, 0x1C301, 0x50B, 0x1C401, 0x50D, 0x1C501, 0x50F, 0x1C601,
  0x511, 0x1C701, 0x513, 0x1C801, 0x515, 0x1C901, 0x517, 0x1CA01,
  0x519, 0x1CB01, 0x51B, 0x1CC01, 0x51D, 0x1CD01, 0x51F, 0x1CE01,
  0x521, 0x1CF01, 0x523, 0x1D001, 0x525, 0x1D101, 0x527, 0x1D201,
  0x529, 0x1D301, 0x52B, 0x1D401, 0x52D, 0x1D501, 0x52F, 0x1D601,
  0x561, 0x1D701, 0x562, 0x1D801, 0x563, 0x1D901, 0x564, 0x1DA01,
  0x565, 0x1DB01, 0x566, 0x1DC01, 0x567, 0x1DD01, 0x568, 0x1DE01,
  0x569, 0x1DF01, 0x56A, 0x1E001, 0x56B, 0x1E101, 0x56C, 0x1E201,
  0x56D, 0x1E301, 0x56E, 0x1E401, 0x56F, 0x1E501, 0x570, 0x1E601,
  0x571, 0x1E701, 0x572, 0x1E801, 0x573, 0x1E901, 0x574, 0x1EA01,
  0x575, 0x1EB01, 0x576, 0x1EC01, 0x577, 0x1ED01, 0x578, 0x1EE01,
  0x579, 0x1EF01, 0x57A, 0x1F001, 0x57B, 0x1F101, 0x57C, 0x1F201,
  0x57D, 0x1F301, 0x57E, 0x1F401, 0x57F, 0x1F501, 0x580, 0x1F601,
  0x581, 0x1F701, 0x582, 0x1F801, 0x583, 0x1F901, 0x584, 0x1FA01,
  0x585, 0x1FB01, 0x586, 0x1FC01, 0x587, 0x1FD02, 0x10D0, 0x1FF01,
  0x10D1, 0x20001, 0x10D2, 0x20101, 0x10D3, 0x20201, 0x10D4, 0x20301,
  0x10D5, 0x20401, 0x10D6, 0x20501, 0x10D7, 0x20601, 0x10D8, 0x20701,
  0x10D9, 0x20801, 0x10DA, 0x20901, 0x10DB, 0x20A01, 0x10DC, 0x20B01,
  0x10DD, 0x20C01, 0x10DE, 0x20D01, 0x10DF, 0x20E01, 0x10E0, 0x20F01,
  0x10E1, 0x21001, 0x10E2, 0x21101, 0x10E3, 0x21201, 0x10E4, 0x21301,
  0x10E5, 0x21401, 0x10E6, 0x21501, 0x10E7, 0x21601, 0x10E8, 0x21701,
  0x10E9, 0x21801, 0x10EA, 0x21901, 0x10EB, 0x21A01, 0x10EC, 0x21B01,
  0x10ED, 0x21C01, 0x10EE, 0x21D01, 0x10EF, 0x21E01, 0x10F0, 0x21F01,
  0x10F1, 0x22001, 0x10F2, 0x22101, 0x10F3, 0x22201, 0x10F4, 0x22301,
  0x10F5, 0x22401, 0x10F6, 0x22501, 0x10F7, 0x22601, 0x10F8, 0x22701,
  0x10F9, 0x22801, 0x10FA, 0x22901, 0x10FD, 0x22A01, 0x10FE, 0x22B01,
  0x10FF, 0x22C01, 0x13F8, 0x22D01, 0x13F9, 0x22E01, 0x13FA, 0x22F01,
  0x13FB, 0x23001, 0x13FC, 0x23101, 0x13FD, 0x23201, 0x1C80, 0x23301,
  0x1C81, 0x23401, 0x1C82, 0x23501, 0x1C83, 0x23601, 0x1C84, 0x23701,
  0x1C85, 0x23801, 0x1C86, 0x23901, 0x1C87, 0x23A01, 0x1C88, 0x23B01,
  0x1C8A, 0x23C01, 0x1D79, 0x23D01, 0x1D7D, 0x23E01, 0x1D8E, 0x23F01,
  0x1E01, 0x24001, 0x1E03, 0x24101, 0x1E05, 0x24201, 0x1E07, 0x24301,
  0x1E09, 0x24401, 0x1E0B, 0x24501, 0x1E0D, 0x24601, 0x1E0F, 0x24701,
  0x1E11, 0x24801, 0x1E13, 0x24901, 0x1E15, 0x24A01, 0x1E17, 0x24B01,
  0x1E19, 0x24C01, 0x1E1B, 0x24D01, 0x1E1D, 0x24E01, 0x1E1F, 0x24F01,
  0x1E21, 0x25001, 0x1E23, 0x25101, 0x1E25, 0x25201, 0x1E27, 0x25301,
  0x1E29, 0x25401, 0x1E2B, 0x25501, 0x1E2D, 0x25601, 0x1E2F, 0x25701,
  0x1E31, 0x25801, 0x1E33, 0x25901, 0x1E35, 0x25A01, 0x1E37, 0x25B01,
  0x1E39, 0x25C01, 0x1E3B, 0x25D01, 0x1E3D, 0x25E01, 0x1E3F, 0x25F01,
  0x1E41, 0x26001, 0x1E43, 0x26101, 0x1E45, 0x26201, 0x1E47, 0x26301,
  0x1E49, 0x26401, 0x1E4B, 0x26501, 0x1E4D, 0x26601, 0x1E4F, 0x26701,
  0x1E51, 0x26801, 0x1E53, 0x26901, 0x1E55, 0x26A01, 0x1E57, 0x26B01,
  0x1E59, 0x26C01, 0x1E5B, 0x26D01, 0x1E5D, 0x26E01, 0x1E5F, 0x26F01,
  0x1E61, 0x27001, 0x1E63, 0x27101, 0x1E65, 0x27201, 0x1E67, 0x27301,
  0x1E69, 0x27401, 0x1E6B, 0x27501, 0x1E6D, 0x27601, 0x1E6F, 0x27701,
  0x1E71, 0x27801, 0x1E73, 0x27901, 0x1E75, 0x27A01, 0x1E77, 0x27B01,
  0x1E79, 0x27C01, 0x1E7B, 0x27D01, 0x1E7D, 0x27E01, 0x1E7F, 0x27F01,
  0x1E81, 0x28001, 0x1E83, 0x28101, 0x1E85, 0x28201, 0x1E87, 0x28301,
  0x1E89, 0x28401, 0x1E8B, 0x28501, 0x1E8D, 0x28601, 0x1E8F, 0x28701,
  0x1E91, 0x28801, 0x1E93, 0x28901, 0x1E95, 0x28A01, 0x1E96, 0x28B02,
  0x1E97, 0x28D02, 0x1E98, 0x28F02, 0x1E99, 0x29102, 0x1E9A, 0x29302,
  0x1E9B, 0x29501, 0x1EA1, 0x29601, 0x1EA3, 0x29701, 0x1EA5, 0x29801,
  0x1EA7, 0x29901, 0x1EA9, 0x29A01, 0x1EAB, 0x29B01, 0x1EAD, 0x29C01,
  0x1EAF, 0x29D01, 0x1EB1, 0x29E01, 0x1EB3, 0x29F01, 0x1EB5, 0x2A001,
  0x1EB7, 0x2A101, 0x1EB9, 0x2A201, 0x1EBB, 0x2A301, 0x1EBD, 0x2A401,
  0x1EBF, 0x2A501, 0x1EC1, 0x2A601, 0x1EC3, 0x2A701, 0x1EC5, 0x2A801,
  0x1EC7, 0x2A901, 0x1EC9, 0x2AA01, 0x1ECB, 0x2AB01, 0x1ECD, 0x2AC01,
  0x1ECF, 0x2AD01, 0x1ED1, 0x2AE01, 0x1ED3, 0x2AF01, 0x1ED5, 0x2B001,
  0x1ED7, 0x2B101, 0x1ED9, 0x2B201, 0x1EDB, 0x2B301, 0x1EDD, 0x2B401,
  0x1EDF, 0x2B501, 0x1EE1, 0x2B601, 0x1EE3, 0x2B701, 0x1EE5, 0x2B801,
  0x1EE7, 0x2B901, 0x1EE9, 0x2BA01, 0x1EEB, 0x2BB01, 0x1EED, 0x2BC01,
  0x1EEF, 0x2BD01, 0x1EF1, 0x2BE01, 0x1EF3, 0x2BF01, 0x1EF5, 0x2C001,
  0x1EF7, 0x2C101, 0x1EF9, 0x2C201, 0x1EFB, 0x2C301, 0x1EFD, 0x2C401,
  0x1EFF, 0x2C501, 0x1F00, 0x2C601, 0x1F01, 0x2C701, 0x1F02, 0x2C801,
  0x1F03, 0x2C901, 0x1F04, 0x2CA01, 0x1F05, 0x2CB01, 0x1F06, 0x2CC01,
  0x1F07, 0x2CD01, 0x1F10, 0x2CE01, 0x1F11, 0x2CF01, 0x1F12, 0x2D001,
  0x1F13, 0x2D101, 0x1F14, 0x2D201, 0x1F15, 0x2D301, 0x1F20, 0x2D401,
  0x1F21, 0x2D501, 0x1F22, 0x2D601, 0x1F23, 0x2D701, 0x1F24, 0x2D801,
  0x1F25, 0x2D901, 0x1F26, 0x2DA01, 0x1F27, 0x2DB01, 0x1F30, 0x2DC01,
  0x1F31, 0x2DD01, 0x1F32, 0x2DE01, 0x1F33, 0x2DF01, 0x1F34, 0x2E001,
  0x1F35, 0x2E101, 0x1F36, 0x2E201, 0x1F37, 0x2E301, 0x1F40, 0x2E401,
  0x1F41, 0x2E501, 0x1F42, 0x2E601, 0x1F43, 0x2E701, 0x1F44, 0x2E801,
  0x1F45, 0x2E901, 0x1F50, 0x2EA02, 0x1F51, 0x2EC01, 0x1F52, 0x2ED03,
  0x1F53, 0x2F001, 0x1F54, 0x2F103, 0x1F55, 0x2F401, 0x1F56, 0x2F503,
  0x1F57, 0x2F801, 0x1F60, 0x2F901, 0x1F61, 0x2FA01, 0x1F62, 0x2FB01,
  0x1F63, 0x2FC01, 0x1F64, 0x2FD01, 0x1F65, 0x2FE01, 0x1F66, 0x2FF01,
  0x1F67, 0x30001, 0x1F70, 0x30101, 0x1F71, 0x30201, 0x1F72, 0x30301,
  0x1F73, 0x30401, 0x1F74, 0x30501, 0x1F75, 0x30601, 0x1F76, 0x30701,
  0x1F77, 0x30801, 0x1F78, 0x30901, 0x1F79, 0x30A01, 0x1F7A, 0x30B01,
  0x1F7B, 0x30C01, 0x1F7C, 0x30D01, 0x1F7D, 0x30E01, 0x1F80, 0x30F02,
  0x1F81, 0x31102, 0x1F82, 0x31302, 0x1F83, 0x31502, 0x1F84, 0x31702,
  0x1F85, 0x31902, 0x1F86, 0x31B02, 0x1F87, 0x31D02, 0x1F88, 0x31F02,
  0x1F89, 0x32102, 0x1F8A, 0x32302, 0x1F8B, 0x32502, 0x1F8C, 0x32702,
  0x1F8D, 0x32902, 0x1F8E, 0x32B02, 0x1F8F, 0x32D02, 0x1F90, 0x32F02,
  0x1F91, 0x33102, 0x1F92, 0x33302, 0x1F93, 0x33502, 0x1F94, 0x33702,
  0x1F95, 0x33902, 0x1F96, 0x33B02, 0x1F97, 0x33D02, 0x1F98, 0x33F02,
  0x1F99, 0x34102, 0x1F9A, 0x34302, 0x1F9B, 0x34502, 0x1F9C, 0x34702,
  0x1F9D, 0x34902, 0x1F9E, 0x34B02, 0x1F9F, 0x34D02, 0x1FA0, 0x34F02,
  0x1FA1, 0x35102, 0x1FA2, 0x35302, 0x1FA3, 0x35502, 0x1FA4, 0x35702,
  0x1FA5, 0x35902, 0x1FA6, 0x35B02, 0x1FA7, 0x35D02, 0x1FA8, 0x35F02,
  0x1FA9, 0x36102, 0x1FAA, 0x36302, 0x1FAB, 0x36502, 0x1FAC, 0x36702,
  0x1FAD, 0x36902, 0x1FAE, 0x36B02, 0x1FAF, 0x36D02, 0x1FB0, 0x36F01,
  0x1FB1, 0x37001, 0x1FB2, 0x37102, 0x1FB3, 0x37302, 0x1FB4, 0x37502,
  0x1FB6, 0x37702, 0x1FB7, 0x37903, 0x1FBC, 0x37C02, 0x1FBE, 0x37E01,
  0x1FC2, 0x37F02, 0x1FC3, 0x38102, 0x1FC4, 0x38302, 0x1FC6, 0x38502,
  0x1FC7, 0x38703, 0x1FCC, 0x38A02, 0x1FD0, 0x38C01, 0x1FD1, 0x38D01,
  0x1FD2, 0x38E03, 0x1FD3, 0x39103, 0x1FD6, 0x39402, 0x1FD7, 0x39603,
  0x1FE0, 0x39901, 0x1FE1, 0x39A01, 0x1FE2, 0x39B03, 0x1FE3, 0x39E03,
  0x1FE4, 0x3A102, 0x1FE5, 0x3A301, 0x1FE6, 0x3A402, 0x1FE7, 0x3A603,
  0x1FF2, 0x3A902, 0x1FF3, 0x3AB02, 0x1FF4, 0x3AD02, 0x1FF6, 0x3AF02,
  0x1FF7, 0x3B103, 0x1FFC, 0x3B402, 0x214E, 0x3B601, 0x2170, 0x3B701,
  0x2171, 0x3B801, 0x2172, 0x3B901, 0x2173, 0x3BA01, 0x2174, 0x3BB01,
  0x2175, 0x3BC01, 0x2176, 0x3BD01, 0x2177, 0x3BE01, 0x2178, 0x3BF01,
  0x2179, 0x3C001, 0x217A, 0x3C101, 0x217B, 0x3C201, 0x217C, 0x3C301,
  0x217D, 0x3C401, 0x217E, 0x3C501, 0x217F, 0x3C601, 0x2184, 0x3C701,
  0x24D0, 0x3C801, 0x24D1, 0x3C901, 0x24D2, 0x3CA01, 0x24D3, 0x3CB01,
  0x24D4, 0x3CC01, 0x24D5, 0x3CD01, 0x24D6, 0x3CE01, 0x24D7, 0x3CF01,
  0x24D8, 0x3D001, 0x24D9, 0x3D101, 0x24DA, 0x3D201, 0x24DB, 0x3D301,
  0x24DC, 0x3D401, 0x24DD, 0x3D501, 0x24DE, 0x3D601, 0x24DF, 0x3D701,
  0x24E0, 0x3D801, 0x24E1, 0x3D901, 0x24E2, 0x3DA01, 0x24E3, 0x3DB01,
  0x24E4, 0x3DC01, 0x24E5, 0x3DD01, 0x24E6, 0x3DE01, 0x24E7, 0x3DF01,
  0x24E8, 0x3E001, 0x24E9, 0x3E101, 0x2C30, 0x3E201, 0x2C31, 0x3E301,
  0x2C32, 0x3E401, 0x2C33, 0x3E501, 0x2C34, 0x3E601, 0x2C35, 0x3E701,
  0x2C36, 0x3E801, 0x2C37, 0x3E901, 0x2C38, 0x3EA01, 0x2C39, 0x3EB01,
  0x2C3A, 0x3EC01, 0x2C3B, 0x3ED01, 0x2C3C, 0x3EE01, 0x2C3D, 0x3EF01,
  0x2C3E, 0x3F001, 0x2C3F, 0x3F101, 0x2C40, 0x3F201, 0x2C41, 0x3F301,
  0x2C42, 0x3F401, 0x2C43, 0x3F501, 0x2C44, 0x3F601, 0x2C45, 0x3F701,
  0x2C46, 0x3F801, 0x2C47, 0x3F901, 0x2C48, 0x3FA01, 0x2C49, 0x3FB01,
  0x2C4A, 0x3FC01, 0x2C4B, 0x3FD01, 0x2C4C, 0x3FE01, 0x2C4D, 0x3FF01,
  0x2C4E, 0x40001, 0x2C4F, 0x40101, 0x2C50, 0x40201, 0x2C51, 0x40301,
  0x2C52, 0x40401, 0x2C53, 0x40501, 0x2C54, 0x40601, 0x2C55, 0x40701,
  0x2C56, 0x40801, 0x2C57, 0x40901, 0x2C58, 0x40A01, 0x2C59, 0x40B01,
  0x2C5A, 0x40C01, 0x2C5B, 0x40D01, 0x2C5C, 0x40E01, 0x2C5D, 0x40F01,
  0x2C5E, 0x41001, 0x2C5F, 0x41101, 0x2C61, 0x41201, 0x2C65, 0x41301,
  0x2C66, 0x41401, 0x2C68, 0x41501, 0x2C6A, 0x41601, 0x2C6C, 0x41701,
  0x2C73, 0x41801, 0x2C76, 0x41901, 0x2C81, 0x41A01, 0x2C83, 0x41B01,
  0x2C85, 0x41C01, 0x2C87, 0x41D01, 0x2C89, 0x41E01, 0x2C8B, 0x41F01,
  0x2C8D, 0x42001, 0x2C8F, 0x42101, 0x2C91, 0x42201, 0x2C93, 0x42301,
  0x2C95, 0x42401, 0x2C97, 0x42501, 0x2C99, 0x42601, 0x2C9B, 0x42701,
  0x2C9D, 0x42801, 0x2C9F, 0x42901, 0x2CA1, 0x42A01, 0x2CA3, 0x42B01,
  0x2CA5, 0x42C01, 0x2CA7, 0x42D01, 0x2CA9, 0x42E01, 0x2CAB, 0x42F01,
  0x2CAD, 0x43001, 0x2CAF, 0x43101, 0x2CB1, 0x43201, 0x2CB3, 0x43301,
  0x2CB5, 0x43401, 0x2CB7, 0x43501, 0x2CB9, 0x43601, 0x2CBB, 0x43701,
  0x2CBD, 0x43801, 0x2CBF, 0x43901, 0x2CC1, 0x43A01, 0x2CC3, 0x43B01,
  0x2CC5, 0x43C01, 0x2CC7, 0x43D01, 0x2CC9, 0x43E01, 0x2CCB, 0x43F01,
  0x2CCD, 0x44001, 0x2CCF, 0x44101, 0x2CD1, 0x44201, 0x2CD3, 0x44301,
  0x2CD5, 0x44401, 0x2CD7, 0x44501, 0x2CD9, 0x44601, 0x2CDB, 0x44701,
  0x2CDD, 0x44801, 0x2CDF, 0x44901, 0x2CE1, 0x44A01, 0x2CE3, 0x44B01,
  0x2CEC, 0x44C01, 0x2CEE, 0x44D01, 0x2CF3, 0x44E01, 0x2D00, 0x44F01,
  0x2D01, 0x45001, 0x2D02, 0x45101, 0x2D03, 0x45201, 0x2D04, 0x45301,
  0x2D05, 0x45401, 0x2D06, 0x45501, 0x2D07, 0x45601, 0x2D08, 0x45701,
  0x2D09, 0x45801, 0x2D0A, 0x45901, 0x2D0B, 0x45A01, 0x2D0C, 0x45B01,
  0x2D0D, 0x45C01, 0x2D0E, 0x45D01, 0x2D0F, 0x45E01, 0x2D10, 0x45F01,
  0x2D11, 0x46001, 0x2D12, 0x46101, 0x2D13, 0x46201, 0x2D14, 0x46301,
  0x2D15, 0x46401, 0x2D16, 0x46501, 0x2D17, 0x46601, 0x2D18, 0x46701,
  0x2D19, 0x46801, 0x2D1A, 0x46901, 0x2D1B, 0x46A01, 0x2D1C, 0x46B01,
  0x2D1D, 0x46C01, 0x2D1E, 0x46D01, 0x2D1F, 0x46E01, 0x2D20, 0x46F01,
  0x2D21, 0x47001, 0x2D22, 0x47101, 0x2D23, 0x47201, 0x2D24, 0x47301,
  0x2D25, 0x47401, 0x2D27, 0x47501, 0x2D2D, 0x47601, 0xA641, 0x47701,
  0xA643, 0x47801, 0xA645, 0x47901, 0xA647, 0x47A01, 0xA649, 0x47B01,
  0xA64B, 0x47C01, 0xA64D, 0x47D01, 0xA64F, 0x47E01, 0xA651, 0x47F01,
  0xA653, 0x48001, 0xA655, 0x48101, 0xA657, 0x48201, 0xA659, 0x48301,
  0xA65B, 0x48401, 0xA65D, 0x48501, 0xA65F, 0x48601, 0xA661, 0x48701,
  0xA663, 0x48801, 0xA665, 0x48901, 0xA667, 0x48A01, 0xA669, 0x48B01,
  0xA66B, 0x48C01, 0xA66D, 0x48D01, 0xA681, 0x48E01, 0xA683, 0x48F01,
  0xA685, 0x49001, 0xA687, 0x49101, 0xA689, 0x49201, 0xA68B, 0x49301,
  0xA68D, 0x49401, 0xA68F, 0x49501, 0xA691, 0x49601, 0xA693, 0x49701,
  0xA695, 0x49801, 0xA697, 0x49901, 0xA699, 0x49A01, 0xA69B, 0x49B01,
  0xA723, 0x49C01, 0xA725, 0x49D01, 0xA727, 0x49E01, 0xA729, 0x49F01,
  0xA72B, 0x4A001, 0xA72D, 0x4A101, 0xA72F, 0x4A201, 0xA733, 0x4A301,
  0xA735, 0x4A401, 0xA737, 0x4A501, 0xA739, 0x4A601, 0xA73B, 0x4A701,
  0xA73D, 0x4A801, 0xA73F, 0x4A901, 0xA741, 0x4AA01, 0xA743, 0x4AB01,
  0xA745, 0x4AC01, 0xA747, 0x4AD01, 0xA749, 0x4AE01, 0xA74B, 0x4AF01,
  0xA74D, 0x4B001, 0xA74F, 0x4B101, 0xA751, 0x4B201, 0xA753, 0x4B301,
  0xA755, 0x4B401, 0xA757, 0x4B501, 0xA759, 0x4B601, 0xA75B, 0x4B701,
  0xA75D, 0x4B801, 0xA75F, 0x4B901, 0xA761, 0x4BA01, 0xA763, 0x4BB01,
  0xA765, 0x4BC01, 0xA767, 0x4BD01, 0xA769, 0x4BE01, 0xA76B, 0x4BF01,
  0xA76D, 0x4C001, 0xA76F, 0x4C101, 0xA77A, 0x4C201, 0xA77C, 0x4C301,
  0xA77F, 0x4C401, 0xA781, 0x4C501, 0xA783, 0x4C601, 0xA785, 0x4C701,
  0xA787, 0x4C801, 0xA78C, 0x4C901, 0xA791, 0x4CA01, 0xA793, 0x4CB01,
  0xA794, 0x4CC01, 0xA797, 0x4CD01, 0xA799, 0x4CE01, 0xA79B, 0x4CF01,
  0xA79D, 0x4D001, 0xA79F, 0x4D101, 0xA7A1, 0x4D201, 0xA7A3, 0x4D301,
  0xA7A5, 0x4D401, 0xA7A7, 0x4D501, 0xA7A9, 0x4D601, 0xA7B5, 0x4D701,
  0xA7B7, 0x4D801, 0xA7B9, 0x4D901, 0xA7BB, 0x4DA01, 0xA7BD, 0x4DB01,
  0xA7BF, 0x4DC01, 0xA7C1, 0x4DD01, 0xA7C3, 0x4DE01, 0xA7C8, 0x4DF01,
  0xA7CA, 0x4E001, 0xA7CD, 0x4E101, 0xA7CF, 0x4E201, 0xA7D1, 0x4E301,
  0xA7D3, 0x4E401, 0xA7D5, 0x4E501, 0xA7D7, 0x4E601, 0xA7D9, 0x4E701,
  0xA7DB, 0x4E801, 0xA7F6, 0x4E901, 0xAB53, 0x4EA01, 0xAB70, 0x4EB01,
  0xAB71, 0x4EC01, 0xAB72, 0x4ED01, 0xAB73, 0x4EE01, 0xAB74, 0x4EF01,
  0xAB75, 0x4F001, 0xAB76, 0x4F101, 0xAB77, 0x4F201, 0xAB78, 0x4F301,
  0xAB79, 0x4F401, 0xAB7A, 0x4F501, 0xAB7B, 0x4F601, 0xAB7C, 0x4F701,
  0xAB7D, 0x4F801, 0xAB7E, 0x4F901, 0xAB7F, 0x4FA01, 0xAB80, 0x4FB01,
  0xAB81, 0x4FC01, 0xAB82, 0x4FD01, 0xAB83, 0x4FE01, 0xAB84, 0x4FF01,
  0xAB85, 0x50001, 0xAB86, 0x50101, 0xAB87, 0x50201, 0xAB88, 0x50301,
  0xAB89, 0x50401, 0xAB8A, 0x50501, 0xAB8B, 0x50601, 0xAB8C, 0x50701,
  0xAB8D, 0x50801, 0xAB8E, 0x50901, 0xAB8F, 0x50A01, 0xAB90, 0x50B01,
  0xAB91, 0x50C01, 0xAB92, 0x50D01, 0xAB93, 0x50E01, 0xAB94, 0x50F01,
  0xAB95, 0x51001, 0xAB96, 0x51101, 0xAB97, 0x51201, 0xAB98, 0x51301,
  0xAB99, 0x51401, 0xAB9A, 0x51501, 0xAB9B, 0x51601, 0xAB9C, 0x51701,
  0xAB9D, 0x51801, 0xAB9E, 0x51901, 0xAB9F, 0x51A01, 0xABA0, 0x51B01,
  0xABA1, 0x51C01, 0xABA2, 0x51D01, 0xABA3, 0x51E01, 0xABA4, 0x51F01,
  0xABA5, 0x52001, 0xABA6, 0x52101, 0xABA7, 0x52201, 0xABA8, 0x52301,
  0xABA9, 0x52401, 0xABAA, 0x52501, 0xABAB, 0x52601, 0xABAC, 0x52701,
  0xABAD, 0x52801, 0xABAE, 0x52901, 0xABAF, 0x52A01, 0xABB0, 0x52B01,
  0xABB1, 0x52C01, 0xABB2, 0x52D01, 0xABB3, 0x52E01, 0xABB4, 0x52F01,
  0xABB5, 0x53001, 0xABB6, 0x53101, 0xABB7, 0x53201, 0xABB8, 0x53301,
  0xABB9, 0x53401, 0xABBA, 0x53501, 0xABBB, 0x53601, 0xABBC, 0x53701,
  0xABBD, 0x53801, 0xABBE, 0x53901, 0xABBF, 0x53A01, 0xFB00, 0x53B02,
  0xFB01, 0x53D02, 0xFB02, 0x53F02, 0xFB03, 0x54103, 0xFB04, 0x54403,
  0xFB05, 0x54702, 0xFB06, 0x54902, 0xFB13, 0x54B02, 0xFB14, 0x54D02,
  0xFB15, 0x54F02, 0xFB16, 0x55102, 0xFB17, 0x55302, 0xFF41, 0x55501,
  0xFF42, 0x55601, 0xFF43, 0x55701, 0xFF44, 0x55801, 0xFF45, 0x55901,
  0xFF46, 0x55A01, 0xFF47, 0x55B01, 0xFF48, 0x55C01, 0xFF49, 0x55D01,
  0xFF4A, 0x55E01, 0xFF4B, 0x55F01, 0xFF4C, 0x56001, 0xFF4D, 0x56101,
  0xFF4E, 0x56201, 0xFF4F, 0x56301, 0xFF50, 0x56401, 0xFF51, 0x56501,
  0xFF52, 0x56601, 0xFF53, 0x56701, 0xFF54, 0x56801, 0xFF55, 0x56901,
  0xFF56, 0x56A01, 0xFF57, 0x56B01, 0xFF58, 0x56C01, 0xFF59, 0x56D01,
  0xFF5A, 0x56E01, 0x10428, 0x56F01, 0x10429, 0x57001, 0x1042A, 0x57101,
  0x1042B, 0x57201, 0x1042C, 0x57301, 0x1042D, 0x57401, 0x1042E, 0x57501,
  0x1042F, 0x57601, 0x10430, 0x57701, 0x10431, 0x57801, 0x10432, 0x57901,
  0x10433, 0x57A01, 0x10434, 0x57B01, 0x10435, 0x57C01, 0x10436, 0x57D01,
  0x10437, 0x57E01, 0x10438, 0x57F01, 0x10439, 0x58001, 0x1043A, 0x58101,
  0x1043B, 0x58201, 0x1043C, 0x58301, 0x1043D, 0x58401, 0x1043E, 0x58501,
  0x1043F, 0x58601, 0x10440, 0x58701, 0x10441, 0x58801, 0x10442, 0x58901,
  0x10443, 0x58A01, 0x10444, 0x58B01, 0x10445, 0x58C01, 0x10446, 0x58D01,
  0x10447, 0x58E01, 0x10448, 0x58F01, 0x10449, 0x59001, 0x1044A, 0x59101,
  0x1044B, 0x59201, 0x1044C, 0x59301, 0x1044D, 0x59401, 0x1044E, 0x59501,
  0x1044F, 0x59601, 0x104D8, 0x59701, 0x104D9, 0x59801, 0x104DA, 0x59901,
  0x104DB, 0x59A01, 0x104DC, 0x59B01, 0x104DD, 0x59C01, 0x104DE, 0x59D01,
  0x104DF, 0x59E01, 0x104E0, 0x59F01, 0x104E1, 0x5A001, 0x104E2, 0x5A101,
  0x104E3, 0x5A201, 0x104E4, 0x5A301, 0x104E5, 0x5A401, 0x104E6, 0x5A501,
  0x104E7, 0x5A601, 0x104E8, 0x5A701, 0x104E9, 0x5A801, 0x104EA, 0x5A901,
  0x104EB, 0x5AA01, 0x104EC, 0x5AB01, 0x104ED, 0x5AC01, 0x104EE, 0x5AD01,
  0x104EF, 0x5AE01, 0x104F0, 0x5AF01, 0x104F1, 0x5B001, 0x104F2, 0x5B101,
  0x104F3, 0x5B201, 0x104F4, 0x5B301, 0x104F5, 0x5B401, 0x104F6, 0x5B501,
  0x104F7, 0x5B601, 0x104F8, 0x5B701, 0x104F9, 0x5B801, 0x104FA, 0x5B901,
  0x104FB, 0x5BA01, 0x10597, 0x5BB01, 0x10598, 0x5BC01, 0x10599, 0x5BD01,
  0x1059A, 0x5BE01, 0x1059B, 0x5BF01, 0x1059C, 0x5C001, 0x1059D, 0x5C101,
  0x1059E, 0x5C201, 0x1059F, 0x5C301, 0x105A0, 0x5C401, 0x105A1, 0x5C501,
  0x105A3, 0x5C601, 0x105A4, 0x5C701, 0x105A5, 0x5C801, 0x105A6, 0x5C901,
  0x105A7, 0x5CA01, 0x105A8, 0x5CB01, 0x105A9, 0x5CC01, 0x105AA, 0x5CD01,
  0x105AB, 0x5CE01, 0x105AC, 0x5CF01, 0x105AD, 0x5D001, 0x105AE, 0x5D101,
  0x105AF, 0x5D201, 0x105B0, 0x5D301, 0x105B1, 0x5D401, 0x105B3, 0x5D501,
  0x105B4, 0x5D601, 0x105B5, 0x5D701, 0x105B6, 0x5D801, 0x105B7, 0x5D901,
  0x105B8, 0x5DA01, 0x105B9, 0x5DB01, 0x105BB, 0x5DC01, 0x105BC, 0x5DD01,
  0x10CC0, 0x5DE01, 0x10CC1, 0x5DF01, 0x10CC2, 0x5E001, 0x10CC3, 0x5E101,
  0x10CC4, 0x5E201, 0x10CC5, 0x5E301, 0x10CC6, 0x5E401, 0x10CC7, 0x5E501,
  0x10CC8, 0x5E601, 0x10CC9, 0x5E701, 0x10CCA, 0x5E801, 0x10CCB, 0x5E901,
  0x10CCC, 0x5EA01, 0x10CCD, 0x5EB01, 0x10CCE, 0x5EC01, 0x10CCF, 0x5ED01,
  0x10CD0, 0x5EE01, 0x10CD1, 0x5EF01, 0x10CD2, 0x5F001, 0x10CD3, 0x5F101,
  0x10CD4, 0x5F201, 0x10CD5, 0x5F301, 0x10CD6, 0x5F401, 0x10CD7, 0x5F501,
  0x10CD8, 0x5F601, 0x10CD9, 0x5F701, 0x10CDA, 0x5F801, 0x10CDB, 0x5F901,
  0x10CDC, 0x5FA01, 0x10CDD, 0x5FB01, 0x10CDE, 0x5FC01, 0x10CDF, 0x5FD01,
  0x10CE0, 0x5FE01, 0x10CE1, 0x5FF01, 0x10CE2, 0x60001, 0x10CE3, 0x60101,
  0x10CE4, 0x60201, 0x10CE5, 0x60301, 0x10CE6, 0x60401, 0x10CE7, 0x60501,
  0x10CE8, 0x60601, 0x10CE9, 0x60701, 0x10CEA, 0x60801, 0x10CEB, 0x60901,
  0x10CEC, 0x60A01, 0x10CED, 0x60B01, 0x10CEE, 0x60C01, 0x10CEF, 0x60D01,
  0x10CF0, 0x60E01, 0x10CF1, 0x60F01, 0x10CF2, 0x61001, 0x10D70, 0x61101,
  0x10D71, 0x61201, 0x10D72, 0x61301, 0x10D73, 0x61401, 0x10D74, 0x61501,
  0x10D75, 0x61601, 0x10D76, 0x61701, 0x10D77, 0x61801, 0x10D78, 0x61901,
  0x10D79, 0x61A01, 0x10D7A, 0x61B01, 0x10D7B, 0x61C01, 0x10D7C, 0x61D01,
  0x10D7D, 0x61E01, 0x10D7E, 0x61F01, 0x10D7F, 0x62001, 0x10D80, 0x62101,
  0x10D81, 0x62201, 0x10D82, 0x62301, 0x10D83, 0x62401, 0x10D84, 0x62501,
  0x10D85, 0x62601, 0x118C0, 0x62701, 0x118C1, 0x62801, 0x118C2, 0x62901,
  0x118C3, 0x62A01, 0x118C4, 0x62B01, 0x118C5, 0x62C01, 0x118C6, 0x62D01,
  0x118C7, 0x62E01, 0x118C8, 0x62F01, 0x118C9, 0x63001, 0x118CA, 0x63101,
  0x118CB, 0x63201, 0x118CC, 0x63301, 0x118CD, 0x63401, 0x118CE, 0x63501,
  0x118CF, 0x63601, 0x118D0, 0x63701, 0x118D1, 0x63801, 0x118D2, 0x63901,
  0x118D3, 0x63A01, 0x118D4, 0x63B01, 0x118D5, 0x63C01, 0x118D6, 0x63D01,
  0x118D7, 0x63E01, 0x118D8, 0x63F01, 0x118D9, 0x64001, 0x118DA, 0x64101,
  0x118DB, 0x64201, 0x118DC, 0x64301, 0x118DD, 0x64401, 0x118DE, 0x64501,
  0x118DF, 0x64601, 0x16E60, 0x64701, 0x16E61, 0x64801, 0x16E62, 0x64901,
  0x16E63, 0x64A01, 0x16E64, 0x64B01, 0x16E65, 0x64C01, 0x16E66, 0x64D01,
  0x16E67, 0x64E01, 0x16E68, 0x64F01, 0x16E69, 0x65001, 0x16E6A, 0x65101,
  0x16E6B, 0x65201, 0x16E6C, 0x65301, 0x16E6D, 0x65401, 0x16E6E, 0x65501,
  0x16E6F, 0x65601, 0x16E70, 0x65701, 0x16E71, 0x65801, 0x16E72, 0x65901,
  0x16E73, 0x65A01, 0x16E74, 0x65B01, 0x16E75, 0x65C01, 0x16E76, 0x65D01,
  0x16E77, 0x65E01, 0x16E78, 0x65F01, 0x16E79, 0x66001, 0x16E7A, 0x66101,
  0x16E7B, 0x66201, 0x16E7C, 0x66301, 0x16E7D, 0x66401, 0x16E7E, 0x66501,
  0x16E7F, 0x66601, 0x16EBB, 0x66701, 0x16EBC, 0x66801, 0x16EBD, 0x66901,
  0x16EBE, 0x66A01, 0x16EBF, 0x66B01, 0x16EC0, 0x66C01, 0x16EC1, 0x66D01,
  0x16EC2, 0x66E01, 0x16EC3, 0x66F01, 0x16EC4, 0x67001, 0x16EC5, 0x67101,
  0x16EC6, 0x67201, 0x16EC7, 0x67301, 0x16EC8, 0x67401, 0x16EC9, 0x67501,
  0x16ECA, 0x67601, 0x16ECB, 0x67701, 0x16ECC, 0x67801, 0x16ECD, 0x67901,
  0x16ECE, 0x67A01, 0x16ECF, 0x67B01, 0x16ED0, 0x67C01, 0x16ED1, 0x67D01,
  0x16ED2, 0x67E01, 0x16ED3, 0x67F01, 0x1E922, 0x68001, 0x1E923, 0x68101,
  0x1E924, 0x68201, 0x1E925, 0x68301, 0x1E926, 0x68401, 0x1E927, 0x68501,
  0x1E928, 0x68601, 0x1E929, 0x68701, 0x1E92A, 0x68801, 0x1E92B, 0x68901,
  0x1E92C, 0x68A01, 0x1E92D, 0x68B01, 0x1E92E, 0x68C01, 0x1E92F, 0x68D01,
  0x1E930, 0x68E01, 0x1E931, 0x68F01, 0x1E932, 0x69001, 0x1E933, 0x69101,
  0x1E934, 0x69201, 0x1E935, 0x69301, 0x1E936, 0x69401, 0x1E937, 0x69501,
  0x1E938, 0x69601, 0x1E939, 0x69701, 0x1E93A, 0x69801, 0x1E93B, 0x69901,
  0x1E93C, 0x69A01, 0x1E93D, 0x69B01, 0x1E93E, 0x69C01, 0x1E93F, 0x69D01,
  0x1E940, 0x69E01, 0x1E941, 0x69F01, 0x1E942, 0x6A001, 0x1E943, 0x6A101,
};

inline constexpr u32 lowercaseMappingsCount = 2976;
static const u32 lowercaseMappings[2976] = {
  0x41, 0x6A201, 0x42, 0x6A301, 0x43, 0x6A401, 0x44, 0x6A501,
  0x45, 0x6A601, 0x46, 0x6A701, 0x47, 0x6A801, 0x48, 0x6A901,
  0x49, 0x6AA01, 0x4A, 0x6AB01, 0x4B, 0x6AC01, 0x4C, 0x6AD01,
  0x4D, 0x6AE01, 0x4E, 0x6AF01, 0x4F, 0x6B001, 0x50, 0x6B101,
  0x51, 0x6B201, 0x52, 0x6B301, 0x53, 0x6B401, 0x54, 0x6B501,
  0x55, 0x6B601, 0x56, 0x6B701, 0x57, 0x6B801, 0x58, 0x6B901,
  0x59, 0x6BA01, 0x5A, 0x6BB01, 0xC0, 0x6BC01, 0xC1, 0x6BD01,
  0xC2, 0x6BE01, 0xC3, 0x6BF01, 0xC4, 0x6C001, 0xC5, 0x6C101,
  0xC6, 0x6C201, 0xC7, 0x6C301, 0xC8, 0x6C401, 0xC9, 0x6C501,
  0xCA, 0x6C601, 0xCB, 0x6C701, 0xCC, 0x6C801, 0xCD, 0x6C901,
  0xCE, 0x6CA01, 0xCF, 0x6CB01, 0xD0, 0x6CC01, 0xD1, 0x6CD01,
  0xD2, 0x6CE01, 0xD3, 0x6CF01, 0xD4, 0x6D001, 0xD5, 0x6D101,
  0xD6, 0x6D201, 0xD8, 0x6D301, 0xD9, 0x6D401, 0xDA, 0x6D501,
  0xDB, 0x6D601, 0xDC, 0x6D701, 0xDD, 0x6D801, 0xDE, 0x6D901,
  0x100, 0x6DA01, 0x102, 0x6DB01, 0x104, 0x6DC01, 0x106, 0x6DD01,
  0x108, 0x6DE01, 0x10A, 0x6DF01, 0x10C, 0x6E001, 0x10E, 0x6E101,
  0x110, 0x6E201, 0x112, 0x6E301, 0x114, 0x6E401, 0x116, 0x6E501,
  0x118, 0x6E601, 0x11A, 0x6E701, 0x11C, 0x6E801, 0x11E, 0x6E901,
  0x120, 0x6EA01, 0x122, 0x6EB01, 0x124, 0x6EC01, 0x126, 0x6ED01,
  0x128, 0x6EE01, 0x12A, 0x6EF01, 0x12C, 0x6F001, 0x12E, 0x6F101,
  0x130, 0x6F202, 0x132, 0x6F401, 0x134, 0x6F501, 0x136, 0x6F601,
  0x139, 0x6F701, 0x13B, 0x6F801, 0x13D, 0x6F901, 0x13F, 0x6FA01,
  0x141, 0x6FB01, 0x143, 0x6FC01, 0x145, 0x6FD01, 0x147, 0x6FE01,
  0x14A, 0x6FF01, 0x14C, 0x70001, 0x14E, 0x70101, 0x150, 0x70201,
  0x152, 0x70301, 0x154, 0x70401, 0x156, 0x70501, 0x158, 0x70601,
  0x15A, 0x70701, 0x15C, 0x70801, 0x15E, 0x70901, 0x160, 0x70A01,
  0x162, 0x70B01, 0x164, 0x70C01, 0x166, 0x70D01, 0x168, 0x70E01,
  0x16A, 0x70F01, 0x16C, 0x71001, 0x16E, 0x71101, 0x170, 0x71201,
  0x172, 0x71301, 0x174, 0x71401, 0x176, 0x71501, 0x178, 0x71601,
  0x179, 0x71701, 0x17B, 0x71801, 0x17D, 0x71901, 0x181, 0x71A01,
  0x182, 0x71B01, 0x184, 0x71C01, 0x186, 0x71D01, 0x187, 0x71E01,
  0x189, 0x71F01, 0x18A, 0x72001, 0x18B, 0x72101, 0x18E, 0x72201,
  0x18F, 0x72301, 0x190, 0x72401, 0x191, 0x72501, 0x193, 0x72601,
  0x194, 0x72701, 0x196, 0x72801, 0x197, 0x72901, 0x198, 0x72A01,
  0x19C, 0x72B01, 0x19D, 0x72C01, 0x19F, 0x72D01, 0x1A0, 0x72E01,
  0x1A2, 0x72F01, 0x1A4, 0x73001, 0x1A6, 0x73101, 0x1A7, 0x73201,
  0x1A9, 0x73301, 0x1AC, 0x73401, 0x1AE, 0x73501, 0x1AF, 0x73601,
  0x1B1, 0x73701, 0x1B2, 0x73801, 0x1B3, 0x73901, 0x1B5, 0x73A01,
  0x1B7, 0x73B01, 0x1B8, 0x73C01, 0x1BC, 0x73D01, 0x1C4, 0x73E01,
  0x1C5, 0x73F01, 0x1C7, 0x74001, 0x1C8, 0x74101, 0x1CA, 0x74201,
  0x1CB, 0x74301, 0x1CD, 0x74401, 0x1CF, 0x74501, 0x1D1, 0x74601,
  0x1D3, 0x74701, 0x1D5, 0x74801, 0x1D7, 0x74901, 0x1D9, 0x74A01,
  0x1DB, 0x74B01, 0x1DE, 0x74C01, 0x1E0, 0x74D01, 0x1E2, 0x74E01,
  0x1E4, 0x74F01, 0x1E6, 0x75001, 0x1E8, 0x75101, 0x1EA, 0x75201,
  0x1EC, 0x75301, 0x1EE, 0x75401, 0x1F1, 0x75501, 0x1F2, 0x75601,
  0x1F4, 0x75701, 0x1F6, 0x75801, 0x1F7, 0x75901, 0x1F8, 0x75A01,
  0x1FA, 0x75B01, 0x1FC, 0x75C01, 0x1FE, 0x75D01, 0x200, 0x75E01,
  0x202, 0x75F01, 0x204, 0x76001, 0x206, 0x76101, 0x208, 0x76201,
  0x20A, 0x76301, 0x20C, 0x76401, 0x20E, 0x76501, 0x210, 0x76601,
  0x212, 0x76701, 0x214, 0x76801, 0x216, 0x76901, 0x218, 0x76A01,
  0x21A, 0x76B01, 0x21C, 0x76C01, 0x21E, 0x76D01, 0x220, 0x76E01,
  0x222, 0x76F01, 0x224, 0x77001, 0x226, 0x77101, 0x228, 0x77201,
  0x22A, 0x77301, 0x22C, 0x77401, 0x22E, 0x77501, 0x230, 0x77601,
  0x232, 0x77701, 0x23A, 0x77801, 0x23B, 0x77901, 0x23D, 0x77A01,
  0x23E, 0x77B01, 0x241, 0x77C01, 0x243, 0x77D01, 0x244, 0x77E01,
  0x245, 0x77F01, 0x246, 0x78001, 0x248, 0x78101, 0x24A, 0x78201,
  0x24C, 0x78301, 0x24E, 0x78401, 0x370, 0x78501, 0x372, 0x78601,
  0x376, 0x78701, 0x37F, 0x78801, 0x386, 0x78901, 0x388, 0x78A01,
  0x389, 0x78B01, 0x38A, 0x78C01, 0x38C, 0x78D01, 0x38E, 0x78E01,
  0x38F, 0x78F01, 0x391, 0x79001, 0x392, 0x79101, 0x393, 0x79201,
  0x394, 0x79301, 0x395, 0x79401, 0x396, 0x79501, 0x397, 0x79601,
  0x398, 0x79701, 0x399, 0x79801, 0x39A, 0x79901, 0x39B, 0x79A01,
  0x39C, 0x79B01, 0x39D, 0x79C01, 0x39E, 0x79D01, 0x39F, 0x79E01,
  0x3A0, 0x79F01, 0x3A1, 0x7A001, 0x3A3, 0x7A101, 0x3A4, 0x7A201,
  0x3A5, 0x7A301, 0x3A6, 0x7A401, 0x3A7, 0x7A501, 0x3A8, 0x7A601,
  0x3A9, 0x7A701, 0x3AA, 0x7A801, 0x3AB, 0x7A901, 0x3CF, 0x7AA01,
  0x3D8, 0x7AB01, 0x3DA, 0x7AC01, 0x3DC, 0x7AD01, 0x3DE, 0x7AE01,
  0x3E0, 0x7AF01, 0x3E2, 0x7B001, 0x3E4, 0x7B101, 0x3E6, 0x7B201,
  0x3E8, 0x7B301, 0x3EA, 0x7B401, 0x3EC, 0x7B501, 0x3EE, 0x7B601,
  0x3F4, 0x7B701, 0x3F7, 0x7B801, 0x3F9, 0x7B901, 0x3FA, 0x7BA01,
  0x3FD, 0x7BB01, 0x3FE, 0x7BC01, 0x3FF, 0x7BD01, 0x400, 0x7BE01,
  0x401, 0x7BF01, 0x402, 0x7C001, 0x403, 0x7C101, 0x404, 0x7C201,
  0x405, 0x7C301, 0x406, 0x7C401, 0x407, 0x7C501, 0x408, 0x7C601,
  0x409, 0x7C701, 0x40A, 0x7C801, 0x40B, 0x7C901, 0x40C, 0x7CA01,
  0x40D, 0x7CB01, 0x40E, 0x7CC01, 0x40F, 0x7CD01, 0x410, 0x7CE01,
  0x411, 0x7CF01, 0x412, 0x7D001, 0x413, 0x7D101, 0x414, 0x7D201,
  0x415, 0x7D301, 0x416, 0x7D401, 0x417, 0x7D501, 0x418, 0x7D601,
  0x419, 0x7D701, 0x41A, 0x7D801, 0x41B, 0x7D901, 0x41C, 0x7DA01,
  0x41D, 0x7DB01, 0x41E, 0x7DC01, 0x41F, 0x7DD01, 0x420, 0x7DE01,
  0x421, 0x7DF01, 0x422, 0x7E001, 0x423, 0x7E101, 0x424, 0x7E201,
  0x425, 0x7E301, 0x426, 0x7E401, 0x427, 0x7E501, 0x428, 0x7E601,
  0x429, 0x7E701, 0x42A, 0x7E801, 0x42B, 0x7E901, 0x42C, 0x7EA01,
  0x42D, 0x7EB01, 0x42E, 0x7EC01, 0x42F, 0x7ED01, 0x460, 0x7EE01,
  0x462, 0x7EF01, 0x464, 0x7F001, 0x466, 0x7F101, 0x468, 0x7F201,
  0x46A, 0x7F301, 0x46C, 0x7F401, 0x46E, 0x7F501, 0x470, 0x7F601,
  0x472, 0x7F701, 0x474, 0x7F801, 0x476, 0x7F901, 0x478, 0x7FA01,
  0x47A, 0x7FB01, 0x47C, 0x7FC01, 0x47E, 0x7FD01, 0x480, 0x7FE01,
  0x48A, 0x7FF01, 0x48C, 0x80001, 0x48E, 0x80101, 0x490, 0x80201,
  0x492, 0x80301, 0x494, 0x80401, 0x496, 0x80501, 0x498, 0x80601,
  0x49A, 0x80701, 0x49C, 0x80801, 0x49E, 0x80901, 0x4A0, 0x80A01,
  0x4A2, 0x80B01, 0x4A4, 0x80C01, 0x4A6, 0x80D01, 0x4A8, 0x80E01,
  0x4AA, 0x80F01, 0x4AC, 0x81001, 0x4AE, 0x81101, 0x4B0, 0x81201,
  0x4B2, 0x81301, 0x4B4, 0x81401, 0x4B6, 0x81501, 0x4B8, 0x81601,
  0x4BA, 0x81701, 0x4BC, 0x81801, 0x4BE, 0x81901, 0x4C0, 0x81A01,
  0x4C1, 0x81B01, 0x4C3, 0x81C01, 0x4C5, 0x81D01, 0x4C7, 0x81E01,
  0x4C9, 0x81F01, 0x4CB, 0x82001, 0x4CD, 0x82101, 0x4D0, 0x82201,
  0x4D2, 0x82301, 0x4D4, 0x82401, 0x4D6, 0x82501, 0x4D8, 0x82601,
  0x4DA, 0x82701, 0x4DC, 0x82801, 0x4DE, 0x82901, 0x4E0, 0x82A01,
  0x4E2, 0x82B01, 0x4E4, 0x82C01, 0x4E6, 0x82D01, 0x4E8, 0x82E01,
  0x4EA, 0x82F01, 0x4EC, 0x83001, 0x4EE, 0x83101, 0x4F0, 0x83201,
  0x4F2, 0x83301, 0x4F4, 0x83401, 0x4F6, 0x83501, 0x4F8, 0x83601,
  0x4FA, 0x83701, 0x4FC, 0x83801, 0x4FE, 0x83901, 0x500, 0x83A01,
  0x502, 0x83B01, 0x504, 0x83C01, 0x506, 0x83D01, 0x508, 0x83E01,
  0x50A, 0x83F01, 0x50C, 0x84001, 0x50E, 0x84101, 0x510, 0x84201,
  0x512, 0x84301, 0x514, 0x84401, 0x516, 0x84501, 0x518, 0x84601,
  0x51A, 0x84701, 0x51C, 0x84801, 0x51E, 0x84901, 0x520, 0x84A01,
  0x522, 0x84B01, 0x524, 0x84C01, 0x526, 0x84D01, 0x528, 0x84E01,
  0x52A, 0x84F01, 0x52C, 0x85001, 0x52E, 0x85101, 0x531, 0x85201,
  0x532, 0x85301, 0x533, 0x85401, 0x534, 0x85501, 0x535, 0x85601,
  0x536, 0x85701, 0x537, 0x85801, 0x538, 0x85901, 0x539, 0x85A01,
  0x53A, 0x85B01, 0x53B, 0x85C01, 0x53C, 0x85D01, 0x53D, 0x85E01,
  0x53E, 0x85F01, 0x53F, 0x86001, 0x540, 0x86101, 0x541, 0x86201,
  0x542, 0x86301, 0x543, 0x86401, 0x544, 0x86501, 0x545, 0x86601,
  0x546, 0x86701, 0x547, 0x86801, 0x548, 0x86901, 0x549, 0x86A01,
  0x54A, 0x86B01, 0x54B, 0x86C01, 0x54C, 0x86D01, 0x54D, 0x86E01,
  0x54E, 0x86F01, 0x54F, 0x87001, 0x550, 0x87101, 0x551, 0x87201,
  0x552, 0x87301, 0x553, 0x87401, 0x554, 0x87501, 0x555, 0x87601,
  0x556, 0x87701, 0x10A0, 0x87801, 0x10A1, 0x87901, 0x10A2, 0x87A01,
  0x10A3, 0x87B01, 0x10A4, 0x87C01, 0x10A5, 0x87D01, 0x10A6, 0x87E01,
  0x10A7, 0x87F01, 0x10A8, 0x88001, 0x10A9, 0x88101, 0x10AA, 0x88201,
  0x10AB, 0x88301, 0x10AC, 0x88401, 0x10AD, 0x88501, 0x10AE, 0x88601,
  0x10AF, 0x88701, 0x10B0, 0x88801, 0x10B1, 0x88901, 0x10B2, 0x88A01,
  0x10B3, 0x88B01, 0x10B4, 0x88C01, 0x10B5, 0x88D01, 0x10B6, 0x88E01,
  0x10B7, 0x88F01, 0x10B8, 0x89001, 0x10B9, 0x89101, 0x10BA, 0x89201,
  0x10BB, 0x89301, 0x10BC, 0x89401, 0x10BD, 0x89501, 0x10BE, 0x89601,
  0x10BF, 0x89701, 0x10C0, 0x89801, 0x10C1, 0x89901, 0x10C2, 0x89A01,
  0x10C3, 0x89B01, 0x10C4, 0x89C01, 0x10C5, 0x89D01, 0x10C7, 0x89E01,
  0x10CD, 0x89F01, 0x13A0, 0x8A001, 0x13A1, 0x8A101, 0x13A2, 0x8A201,
  0x13A3, 0x8A301, 0x13A4, 0x8A401, 0x13A5, 0x8A501, 0x13A6, 0x8A601,
  0x13A7, 0x8A701, 0x13A8, 0x8A801, 0x13A9, 0x8A901, 0x13AA, 0x8AA01,
  0x13AB, 0x8AB01, 0x13AC, 0x8AC01, 0x13AD, 0x8AD01, 0x13AE, 0x8AE01,
  0x13AF, 0x8AF01, 0x13B0, 0x8B001, 0x13B1, 0x8B101, 0x13B2, 0x8B201,
  0x13B3, 0x8B301, 0x13B4, 0x8B401, 0x13B5, 0x8B501, 0x13B6, 0x8B601,
  0x13B7, 0x8B701, 0x13B8, 0x8B801, 0x13B9, 0x8B901, 0x13BA, 0x8BA01,
  0x13BB, 0x8BB01, 0x13BC, 0x8BC01, 0x13BD, 0x8BD01, 0x13BE, 0x8BE01,
  0x13BF, 0x8BF01, 0x13C0, 0x8C001, 0x13C1, 0x8C101, 0x13C2, 0x8C201,
  0x13C3, 0x8C301, 0x13C4, 0x8C401, 0x13C5, 0x8C501, 0x13C6, 0x8C601,
  0x13C7, 0x8C701, 0x13C8, 0x8C801, 0x13C9, 0x8C901, 0x13CA, 0x8CA01,
  0x13CB, 0x8CB01, 0x13CC, 0x8CC01, 0x13CD, 0x8CD01, 0x13CE, 0x8CE01,
  0x13CF, 0x8CF01, 0x13D0, 0x8D001, 0x13D1, 0x8D101, 0x13D2, 0x8D201,
  0x13D3, 0x8D301, 0x13D4, 0x8D401, 0x13D5, 0x8D501, 0x13D6, 0x8D601,
  0x13D7, 0x8D701, 0x13D8, 0x8D801, 0x13D9, 0x8D901, 0x13DA, 0x8DA01,
  0x13DB, 0x8DB01, 0x13DC, 0x8DC01, 0x13DD, 0x8DD01, 0x13DE, 0x8DE01,
  0x13DF, 0x8DF01, 0x13E0, 0x8E001, 0x13E1, 0x8E101, 0x13E2, 0x8E201,
  0x13E3, 0x8E301, 0x13E4, 0x8E401, 0x13E5, 0x8E501, 0x13E6, 0x8E601,
  0x13E7, 0x8E701, 0x13E8, 0x8E801, 0x13E9, 0x8E901, 0x13EA, 0x8EA01,
  0x13EB, 0x8EB01, 0x13EC, 0x8EC01, 0x13ED, 0x8ED01, 0x13EE, 0x8EE01,
  0x13EF, 0x8EF01, 0x13F0, 0x8F001, 0x13F1, 0x8F101, 0x13F2, 0x8F201,
  0x13F3, 0x8F301, 0x13F4, 0x8F401, 0x13F5, 0x8F501, 0x1C89, 0x8F601,
  0x1C90, 0x8F701, 0x1C91, 0x8F801, 0x1C92, 0x8F901, 0x1C93, 0x8FA01,
  0x1C94, 0x8FB01, 0x1C95, 0x8FC01, 0x1C96, 0x8FD01, 0x1C97, 0x8FE01,
  0x1C98, 0x8FF01, 0x1C99, 0x90001, 0x1C9A, 0x90101, 0x1C9B, 0x90201,
  0x1C9C, 0x90301, 0x1C9D, 0x90401, 0x1C9E, 0x90501, 0x1C9F, 0x90601,
  0x1CA0, 0x90701, 0x1CA1, 0x90801, 0x1CA2, 0x90901, 0x1CA3, 0x90A01,
  0x1CA4, 0x90B01, 0x1CA5, 0x90C01, 0x1CA6, 0x90D01, 0x1CA7, 0x90E01,
  0x1CA8, 0x90F01, 0x1CA9, 0x91001, 0x1CAA, 0x91101, 0x1CAB, 0x91201,
  0x1CAC, 0x91301, 0x1CAD, 0x91401, 0x1CAE, 0x91501, 0x1CAF, 0x91601,
  0x1CB0, 0x91701, 0x1CB1, 0x91801, 0x1CB2, 0x91901, 0x1CB3, 0x91A01,
  0x1CB4, 0x91B01, 0x1CB5, 0x91C01, 0x1CB6, 0x91D01, 0x1CB7, 0x91E01,
  0x1CB8, 0x91F01, 0x1CB9, 0x92001, 0x1CBA, 0x92101, 0x1CBD, 0x92201,
  0x1CBE, 0x92301, 0x1CBF, 0x92401, 0x1E00, 0x92501, 0x1E02, 0x92601,
  0x1E04, 0x92701, 0x1E06, 0x92801, 0x1E08, 0x92901, 0x1E0A, 0x92A01,
  0x1E0C, 0x92B01, 0x1E0E, 0x92C01, 0x1E10, 0x92D01, 0x1E12, 0x92E01,
  0x1E14, 0x92F01, 0x1E16, 0x93001, 0x1E18, 0x93101, 0x1E1A, 0x93201,
  0x1E1C, 0x93301, 0x1E1E, 0x93401, 0x1E20, 0x93501, 0x1E22, 0x93601,
  0x1E24, 0x93701, 0x1E26, 0x93801, 0x1E28, 0x93901, 0x1E2A, 0x93A01,
  0x1E2C, 0x93B01, 0x1E2E, 0x93C01, 0x1E30, 0x93D01, 0x1E32, 0x93E01,
  0x1E34, 0x93F01, 0x1E36, 0x94001, 0x1E38, 0x94101, 0x1E3A, 0x94201,
  0x1E3C, 0x94301, 0x1E3E, 0x94401, 0x1E40, 0x94501, 0x1E42, 0x94601,
  0x1E44, 0x94701, 0x1E46, 0x94801, 0x1E48, 0x94901, 0x1E4A, 0x94A01,
  0x1E4C, 0x94B01, 0x1E4E, 0x94C01, 0x1E50, 0x94D01, 0x1E52, 0x94E01,
  0x1E54, 0x94F01, 0x1E56, 0x95001, 0x1E58, 0x95101, 0x1E5A, 0x95201,
  0x1E5C, 0x95301, 0x1E5E, 0x95401, 0x1E60, 0x95501, 0x1E62, 0x95601,
  0x1E64, 0x95701, 0x1E66, 0x95801, 0x1E68, 0x95901, 0x1E6A, 0x95A01,
  0x1E6C, 0x95B01, 0x1E6E, 0x95C01, 0x1E70, 0x95D01, 0x1E72, 0x95E01,
  0x1E74, 0x95F01, 0x1E76, 0x96001, 0x1E78, 0x96101, 0x1E7A, 0x96201,
  0x1E7C, 0x96301, 0x1E7E, 0x96401, 0x1E80, 0x96501, 0x1E82, 0x96601,
  0x1E84, 0x96701, 0x1E86, 0x96801, 0x1E88, 0x96901, 0x1E8A, 0x96A01,
  0x1E8C, 0x96B01, 0x1E8E, 0x96C01, 0x1E90, 0x96D01, 0x1E92, 0x96E01,
  0x1E94, 0x96F01, 0x1E9E, 0x97001, 0x1EA0, 0x97101, 0x1EA2, 0x97201,
  0x1EA4, 0x97301, 0x1EA6, 0x97401, 0x1EA8, 0x97501, 0x1EAA, 0x97601,
  0x1EAC, 0x97701, 0x1EAE, 0x97801, 0x1EB0, 0x97901, 0x1EB2, 0x97A01,
  0x1EB4, 0x97B01, 0x1EB6, 0x97C01, 0x1EB8, 0x97D01, 0x1EBA, 0x97E01,
  0x1EBC, 0x97F01, 0x1EBE, 0x98001, 0x1EC0, 0x98101, 0x1EC2, 0x98201,
  0x1EC4, 0x98301, 0x1EC6, 0x98401, 0x1EC8, 0x98501, 0x1ECA, 0x98601,
  0x1ECC, 0x98701, 0x1ECE, 0x98801, 0x1ED0, 0x98901, 0x1ED2, 0x98A01,
  0x1ED4, 0x98B01, 0x1ED6, 0x98C01, 0x1ED8, 0x98D01, 0x1EDA, 0x98E01,
  0x1EDC, 0x98F01, 0x1EDE, 0x99001, 0x1EE0, 0x99101, 0x1EE2, 0x99201,
  0x1EE4, 0x99301, 0x1EE6, 0x99401, 0x1EE8, 0x99501, 0x1EEA, 0x99601,
  0x1EEC, 0x99701, 0x1EEE, 0x99801, 0x1EF0, 0x99901, 0x1EF2, 0x99A01,
  0x1EF4, 0x99B01, 0x1EF6, 0x99C01, 0x1EF8, 0x99D01, 0x1EFA, 0x99E01,
  0x1EFC, 0x99F01, 0x1EFE, 0x9A001, 0x1F08, 0x9A101, 0x1F09, 0x9A201,
  0x1F0A, 0x9A301, 0x1F0B, 0x9A401, 0x1F0C, 0x9A501, 0x1F0D, 0x9A601,
  0x1F0E, 0x9A701, 0x1F0F, 0x9A801, 0x1F18, 0x9A901, 0x1F19, 0x9AA01,
  0x1F1A, 0x9AB01, 0x1F1B, 0x9AC01, 0x1F1C, 0x9AD01, 0x1F1D, 0x9AE01,
  0x1F28, 0x9AF01, 0x1F29, 0x9B001, 0x1F2A, 0x9B101, 0x1F2B, 0x9B201,
  0x1F2C, 0x9B301, 0x1F2D, 0x9B401, 0x1F2E, 0x9B501, 0x1F2F, 0x9B601,
  0x1F38, 0x9B701, 0x1F39, 0x9B801, 0x1F3A, 0x9B901, 0x1F3B, 0x9BA01,
  0x1F3C, 0x9BB01, 0x1F3D, 0x9BC01, 0x1F3E, 0x9BD01, 0x1F3F, 0x9BE01,
  0x1F48, 0x9BF01, 0x1F49, 0x9C001, 0x1F4A, 0x9C101, 0x1F4B, 0x9C201,
  0x1F4C, 0x9C301, 0x1F4D, 0x9C401, 0x1F59, 0x9C501, 0x1F5B, 0x9C601,
  0x1F5D, 0x9C701, 0x1F5F, 0x9C801, 0x1F68, 0x9C901, 0x1F69, 0x9CA01,
  0x1F6A, 0x9CB01, 0x1F6B, 0x9CC01, 0x1F6C, 0x9CD01, 0x1F6D, 0x9CE01,
  0x1F6E, 0x9CF01, 0x1F6F, 0x9D001, 0x1F88, 0x9D101, 0x1F89, 0x9D201,
  0x1F8A, 0x9D301, 0x1F8B, 0x9D401, 0x1F8C, 0x9D501, 0x1F8D, 0x9D601,
  0x1F8E, 0x9D701, 0x1F8F, 0x9D801, 0x1F98, 0x9D901, 0x1F99, 0x9DA01,
  0x1F9A, 0x9DB01, 0x1F9B, 0x9DC01, 0x1F9C, 0x9DD01, 0x1F9D, 0x9DE01,
  0x1F9E, 0x9DF01, 0x1F9F, 0x9E001, 0x1FA8, 0x9E101, 0x1FA9, 0x9E201,
  0x1FAA, 0x9E301, 0x1FAB, 0x9E401, 0x1FAC, 0x9E501, 0x1FAD, 0x9E601,
  0x1FAE, 0x9E701, 0x1FAF, 0x9E801, 0x1FB8, 0x9E901, 0x1FB9, 0x9EA01,
  0x1FBA, 0x9EB01, 0x1FBB, 0x9EC01, 0x1FBC, 0x9ED01, 0x1FC8, 0x9EE01,
  0x1FC9, 0x9EF01, 0x1FCA, 0x9F001, 0x1FCB, 0x9F101, 0x1FCC, 0x9F201,
  0x1FD8, 0x9F301, 0x1FD9, 0x9F401, 0x1FDA, 0x9F501, 0x1FDB, 0x9F601,
  0x1FE8, 0x9F701, 0x1FE9, 0x9F801, 0x1FEA, 0x9F901, 0x1FEB, 0x9FA01,
  0x1FEC, 0x9FB01, 0x1FF8, 0x9FC01, 0x1FF9, 0x9FD01, 0x1FFA, 0x9FE01,
  0x1FFB, 0x9FF01, 0x1FFC, 0xA0001, 0x2126, 0xA0101, 0x212A, 0xA0201,
  0x212B, 0xA0301, 0x2132, 0xA0401, 0x2160, 0xA0501, 0x2161, 0xA0601,
  0x2162, 0xA0701, 0x2163, 0xA0801, 0x2164, 0xA0901, 0x2165, 0xA0A01,
  0x2166, 0xA0B01, 0x2167, 0xA0C01, 0x2168, 0xA0D01, 0x2169, 0xA0E01,
  0x216A, 0xA0F01, 0x216B, 0xA1001, 0x216C, 0xA1101, 0x216D, 0xA1201,
  0x216E, 0xA1301, 0x216F, 0xA1401, 0x2183, 0xA1501, 0x24B6, 0xA1601,
  0x24B7, 0xA1701, 0x24B8, 0xA1801, 0x24B9, 0xA1901, 0x24BA, 0xA1A01,
  0x24BB, 0xA1B01, 0x24BC, 0xA1C01, 0x24BD, 0xA1D01, 0x24BE, 0xA1E01,
  0x24BF, 0xA1F01, 0x24C0, 0xA2001, 0x24C1, 0xA2101, 0x24C2, 0xA2201,
  0x24C3, 0xA2301, 0x24C4, 0xA2401, 0x24C5, 0xA2501, 0x24C6, 0xA2601,
  0x24C7, 0xA2701, 0x24C8, 0xA2801, 0x24C9, 0xA2901, 0x24CA, 0xA2A01,
  0x24CB, 0xA2B01, 0x24CC, 0xA2C01, 0x24CD, 0xA2D01, 0x24CE, 0xA2E01,
  0x24CF, 0xA2F01, 0x2C00, 0xA3001, 0x2C01, 0xA3101, 0x2C02, 0xA3201,
  0x2C03, 0xA3301, 0x2C04, 0xA3401, 0x2C05, 0xA3501, 0x2C06, 0xA3601,
  0x2C07, 0xA3701, 0x2C08, 0xA3801, 0x2C09, 0xA3901, 0x2C0A, 0xA3A01,
  0x2C0B, 0xA3B01, 0x2C0C, 0xA3C01, 0x2C0D, 0xA3D01, 0x2C0E, 0xA3E01,
  0x2C0F, 0xA3F01, 0x2C10, 0xA4001, 0x2C11, 0xA4101, 0x2C12, 0xA4201,
  0x2C13, 0xA4301, 0x2C14, 0xA4401, 0x2C15, 0xA4501, 0x2C16, 0xA4601,
  0x2C17, 0xA4701, 0x2C18, 0xA4801, 0x2C19, 0xA4901, 0x2C1A, 0xA4A01,
  0x2C1B, 0xA4B01, 0x2C1C, 0xA4C01, 0x2C1D, 0xA4D01, 0x2C1E, 0xA4E01,
  0x2C1F, 0xA4F01, 0x2C20, 0xA5001, 0x2C21, 0xA5101, 0x2C22, 0xA5201,
  0x2C23, 0xA5301, 0x2C24, 0xA5401, 0x2C25, 0xA5501, 0x2C26, 0xA5601,
  0x2C27, 0xA5701, 0x2C28, 0xA5801, 0x2C29, 0xA5901, 0x2C2A, 0xA5A01,
  0x2C2B, 0xA5B01, 0x2C2C, 0xA5C01, 0x2C2D, 0xA5D01, 0x2C2E, 0xA5E01,
  0x2C2F, 0xA5F01, 0x2C60, 0xA6001, 0x2C62, 0xA6101, 0x2C63, 0xA6201,
  0x2C64, 0xA6301, 0x2C67, 0xA6401, 0x2C69, 0xA6501, 0x2C6B, 0xA6601,
  0x2C6D, 0xA6701, 0x2C6E, 0xA6801, 0x2C6F, 0xA6901, 0x2C70, 0xA6A01,
  0x2C72, 0xA6B01, 0x2C75, 0xA6C01, 0x2C7E, 0xA6D01, 0x2C7F, 0xA6E01,
  0x2C80, 0xA6F01, 0x2C82, 0xA7001, 0x2C84, 0xA7101, 0x2C86, 0xA7201,
  0x2C88, 0xA7301, 0x2C8A, 0xA7401, 0x2C8C, 0xA7501, 0x2C8E, 0xA7601,
  0x2C90, 0xA7701, 0x2C92, 0xA7801, 0x2C94, 0xA7901, 0x2C96, 0xA7A01,
  0x2C98, 0xA7B01, 0x2C9A, 0xA7C01, 0x2C9C, 0xA7D01, 0x2C9E, 0xA7E01,
  0x2CA0, 0xA7F01, 0x2CA2, 0xA8001, 0x2CA4, 0xA8101, 0x2CA6, 0xA8201,
  0x2CA8, 0xA8301, 0x2CAA, 0xA8401, 0x2CAC, 0xA8501, 0x2CAE, 0xA8601,
  0x2CB0, 0xA8701, 0x2CB2, 0xA8801, 0x2CB4, 0xA8901, 0x2CB6, 0xA8A01,
  0x2CB8, 0xA8B01, 0x2CBA, 0xA8C01, 0x2CBC, 0xA8D01, 0x2CBE, 0xA8E01,
  0x2CC0, 0xA8F01, 0x2CC2, 0xA9001, 0x2CC4, 0xA9101, 0x2CC6, 0xA9201,
  0x2CC8, 0xA9301, 0x2CCA, 0xA9401, 0x2CCC, 0xA9501, 0x2CCE, 0xA9601,
  0x2CD0, 0xA9701, 0x2CD2, 0xA9801, 0x2CD4, 0xA9901, 0x2CD6, 0xA9A01,
  0x2CD8, 0xA9B01, 0x2CDA, 0xA9C01, 0x2CDC, 0xA9D01, 0x2CDE, 0xA9E01,
  0x2CE0, 0xA9F01, 0x2CE2, 0xAA001, 0x2CEB, 0xAA101, 0x2CED, 0xAA201,
  0x2CF2, 0xAA301, 0xA640, 0xAA401, 0xA642, 0xAA501, 0xA644, 0xAA601,
  0xA646, 0xAA701, 0xA648, 0xAA801, 0xA64A, 0xAA901, 0xA64C, 0xAAA01,
  0xA64E, 0xAAB01, 0xA650, 0xAAC01, 0xA652, 0xAAD01, 0xA654, 0xAAE01,
  0xA656, 0xAAF01, 0xA658, 0xAB001, 0xA65A, 0xAB101, 0xA65C, 0xAB201,
  0xA65E, 0xAB301, 0xA660, 0xAB401, 0xA662, 0xAB501, 0xA664, 0xAB601,
  0xA666, 0xAB701, 0xA668, 0xAB801, 0xA66A, 0xAB901, 0xA66C, 0xABA01,
  0xA680, 0xABB01, 0xA682, 0xABC01, 0xA684, 0xABD01, 0xA686, 0xABE01,
  0xA688, 0xABF01, 0xA68A, 0xAC001, 0xA68C, 0xAC101, 0xA68E, 0xAC201,
  0xA690, 0xAC301, 0xA692, 0xAC401, 0xA694, 0xAC501, 0xA696, 0xAC601,
  0xA698, 0xAC701, 0xA69A, 0xAC801, 0xA722, 0xAC901, 0xA724, 0xACA01,
  0xA726, 0xACB01, 0xA728, 0xACC01, 0xA72A, 0xACD01, 0xA72C, 0xACE01,
  0xA72E, 0xACF01, 0xA732, 0xAD001, 0xA734, 0xAD101, 0xA736, 0xAD201,
  0xA738, 0xAD301, 0xA73A, 0xAD401, 0xA73C, 0xAD501, 0xA73E, 0xAD601,
  0xA740, 0xAD701, 0xA742, 0xAD801, 0xA744, 0xAD901, 0xA746, 0xADA01,
  0xA748, 0xADB01, 0xA74A, 0xADC01, 0xA74C, 0xADD01, 0xA74E, 0xADE01,
  0xA750, 0xADF01, 0xA752, 0xAE001, 0xA754, 0xAE101, 0xA756, 0xAE201,
  0xA758, 0xAE301, 0xA75A, 0xAE401, 0xA75C, 0xAE501, 0xA75E, 0xAE601,
  0xA760, 0xAE701, 0xA762, 0xAE801, 0xA764, 0xAE901, 0xA766, 0xAEA01,
  0xA768, 0xAEB01, 0xA76A, 0xAEC01, 0xA76C, 0xAED01, 0xA76E, 0xAEE01,
  0xA779, 0xAEF01, 0xA77B, 0xAF001, 0xA77D, 0xAF101, 0xA77E, 0xAF201,
  0xA780, 0xAF301, 0xA782, 0xAF401, 0xA784, 0xAF501, 0xA786, 0xAF601,
  0xA78B, 0xAF701, 0xA78D, 0xAF801, 0xA790, 0xAF901, 0xA792, 0xAFA01,
  0xA796, 0xAFB01, 0xA798, 0xAFC01, 0xA79A, 0xAFD01, 0xA79C, 0xAFE01,
  0xA79E, 0xAFF01, 0xA7A0, 0xB0001, 0xA7A2, 0xB0101, 0xA7A4, 0xB0201,
  0xA7A6, 0xB0301, 0xA7A8, 0xB0401, 0xA7AA, 0xB0501, 0xA7AB, 0xB0601,
  0xA7AC, 0xB0701, 0xA7AD, 0xB0801, 0xA7AE, 0xB0901, 0xA7B0, 0xB0A01,
  0xA7B1, 0xB0B01, 0xA7B2, 0xB0C01, 0xA7B3, 0xB0D01, 0xA7B4, 0xB0E01,
  0xA7B6, 0xB0F01, 0xA7B8, 0xB1001, 0xA7BA, 0xB1101, 0xA7BC, 0xB1201,
  0xA7BE, 0xB1301, 0xA7C0, 0xB1401, 0xA7C2, 0xB1501, 0xA7C4, 0xB1601,
  0xA7C5, 0xB1701, 0xA7C6, 0xB1801, 0xA7C7, 0xB1901, 0xA7C9, 0xB1A01,
  0xA7CB, 0xB1B01, 0xA7CC, 0xB1C01, 0xA7CE, 0xB1D01, 0xA7D0, 0xB1E01,
  0xA7D2, 0xB1F01, 0xA7D4, 0xB2001, 0xA7D6, 0xB2101, 0xA7D8, 0xB2201,
  0xA7DA, 0xB2301, 0xA7DC, 0xB2401, 0xA7F5, 0xB2501, 0xFF21, 0xB2601,
  0xFF22, 0xB2701, 0xFF23, 0xB2801, 0xFF24, 0xB2901, 0xFF25, 0xB2A01,
  0xFF26, 0xB2B01, 0xFF27, 0xB2C01, 0xFF28, 0xB2D01, 0xFF29, 0xB2E01,
  0xFF2A, 0xB2F01, 0xFF2B, 0xB3001, 0xFF2C, 0xB3101, 0xFF2D, 0xB3201,
  0xFF2E, 0xB3301, 0xFF2F, 0xB3401, 0xFF30, 0xB3501, 0xFF31, 0xB3601,
  0xFF32, 0xB3701, 0xFF33, 0xB3801, 0xFF34, 0xB3901, 0xFF35, 0xB3A01,
  0xFF36, 0xB3B01, 0xFF37, 0xB3C01, 0xFF38, 0xB3D01, 0xFF39, 0xB3E01,
  0xFF3A, 0xB3F01, 0x10400, 0xB4001, 0x10401, 0xB4101, 0x10402, 0xB4201,
  0x10403, 0xB4301, 0x10404, 0xB4401, 0x10405, 0xB4501, 0x10406, 0xB4601,
  0x10407, 0xB4701, 0x10408, 0xB4801, 0x10409, 0xB4901, 0x1040A, 0xB4A01,
  0x1040B, 0xB4B01, 0x1040C, 0xB4C01, 0x1040D, 0xB4D01, 0x1040E, 0xB4E01,
  0x1040F, 0xB4F01, 0x10410, 0xB5001, 0x10411, 0xB5101, 0x10412, 0xB5201,
  0x10413, 0xB5301, 0x10414, 0xB5401, 0x10415, 0xB5501, 0x10416, 0xB5601,
  0x10417, 0xB5701, 0x10418, 0xB5801, 0x10419, 0xB5901, 0x1041A, 0xB5A01,
  0x1041B, 0xB5B01, 0x1041C, 0xB5C01, 0x1041D, 0xB5D01, 0x1041E, 0xB5E01,
  0x1041F, 0xB5F01, 0x10420, 0xB6001, 0x10421, 0xB6101, 0x10422, 0xB6201,
  0x10423, 0xB6301, 0x10424, 0xB6401, 0x10425, 0xB6501, 0x10426, 0xB6601,
  0x10427, 0xB6701, 0x104B0, 0xB6801, 0x104B1, 0xB6901, 0x104B2, 0xB6A01,
  0x104B3, 0xB6B01, 0x104B4, 0xB6C01, 0x104B5, 0xB6D01, 0x104B6, 0xB6E01,
  0x104B7, 0xB6F01, 0x104B8, 0xB7001, 0x104B9, 0xB7101, 0x104BA, 0xB7201,
  0x104BB, 0xB7301, 0x104BC, 0xB7401, 0x104BD, 0xB7501, 0x104BE, 0xB7601,
  0x104BF, 0xB7701, 0x104C0, 0xB7801, 0x104C1, 0xB7901, 0x104C2, 0xB7A01,
  0x104C3, 0xB7B01, 0x104C4, 0xB7C01, 0x104C5, 0xB7D01, 0x104C6, 0xB7E01,
  0x104C7, 0xB7F01, 0x104C8, 0xB8001, 0x104C9, 0xB8101, 0x104CA, 0xB8201,
  0x104CB, 0xB8301, 0x104CC, 0xB8401, 0x104CD, 0xB8501, 0x104CE, 0xB8601,
  0x104CF, 0xB8701, 0x104D0, 0xB8801, 0x104D1, 0xB8901, 0x104D2, 0xB8A01,
  0x104D3, 0xB8B01, 0x10570, 0xB8C01, 0x10571, 0xB8D01, 0x10572, 0xB8E01,
  0x10573, 0xB8F01, 0x10574, 0xB9001, 0x10575, 0xB9101, 0x10576, 0xB9201,
  0x10577, 0xB9301, 0x10578, 0xB9401, 0x10579, 0xB9501, 0x1057A, 0xB9601,
  0x1057C, 0xB9701, 0x1057D, 0xB9801, 0x1057E, 0xB9901, 0x1057F, 0xB9A01,
  0x10580, 0xB9B01, 0x10581, 0xB9C01, 0x10582, 0xB9D01, 0x10583, 0xB9E01,
  0x10584, 0xB9F01, 0x10585, 0xBA001, 0x10586, 0xBA101, 0x10587, 0xBA201,
  0x10588, 0xBA301, 0x10589, 0xBA401, 0x1058A, 0xBA501, 0x1058C, 0xBA601,
  0x1058D, 0xBA701, 0x1058E, 0xBA801, 0x1058F, 0xBA901, 0x10590, 0xBAA01,
  0x10591, 0xBAB01, 0x10592, 0xBAC01, 0x10594, 0xBAD01, 0x10595, 0xBAE01,
  0x10C80, 0xBAF01, 0x10C81, 0xBB001, 0x10C82, 0xBB101, 0x10C83, 0xBB201,
  0x10C84, 0xBB301, 0x10C85, 0xBB401, 0x10C86, 0xBB501, 0x10C87, 0xBB601,
  0x10C88, 0xBB701, 0x10C89, 0xBB801, 0x10C8A, 0xBB901, 0x10C8B, 0xBBA01,
  0x10C8C, 0xBBB01, 0x10C8D, 0xBBC01, 0x10C8E, 0xBBD01, 0x10C8F, 0xBBE01,
  0x10C90, 0xBBF01, 0x10C91, 0xBC001, 0x10C92, 0xBC101, 0x10C93, 0xBC201,
  0x10C94, 0xBC301, 0x10C95, 0xBC401, 0x10C96, 0xBC501, 0x10C97, 0xBC601,
  0x10C98, 0xBC701, 0x10C99, 0xBC801, 0x10C9A, 0xBC901, 0x10C9B, 0xBCA01,
  0x10C9C, 0xBCB01, 0x10C9D, 0xBCC01, 0x10C9E, 0xBCD01, 0x10C9F, 0xBCE01,
  0x10CA0, 0xBCF01, 0x10CA1, 0xBD001, 0x10CA2, 0xBD101, 0x10CA3, 0xBD201,
  0x10CA4, 0xBD301, 0x10CA5, 0xBD401, 0x10CA6, 0xBD501, 0x10CA7, 0xBD601,
  0x10CA8, 0xBD701, 0x10CA9, 0xBD801, 0x10CAA, 0xBD901, 0x10CAB, 0xBDA01,
  0x10CAC, 0xBDB01, 0x10CAD, 0xBDC01, 0x10CAE, 0xBDD01, 0x10CAF, 0xBDE01,
  0x10CB0, 0xBDF01, 0x10CB1, 0xBE001, 0x10CB2, 0xBE101, 0x10D50, 0xBE201,
  0x10D51, 0xBE301, 0x10D52, 0xBE401, 0x10D53, 0xBE501, 0x10D54, 0xBE601,
  0x10D55, 0xBE701, 0x10D56, 0xBE801, 0x10D57, 0xBE901, 0x10D58, 0xBEA01,
  0x10D59, 0xBEB01, 0x10D5A, 0xBEC01, 0x10D5B, 0xBED01, 0x10D5C, 0xBEE01,
  0x10D5D, 0xBEF01, 0x10D5E, 0xBF001, 0x10D5F, 0xBF101, 0x10D60, 0xBF201,
  0x10D61, 0xBF301, 0x10D62, 0xBF401, 0x10D63, 0xBF501, 0x10D64, 0xBF601,
  0x10D65, 0xBF701, 0x118A0, 0xBF801, 0x118A1, 0xBF901, 0x118A2, 0xBFA01,
  0x118A3, 0xBFB01, 0x118A4, 0xBFC01, 0x118A5, 0xBFD01, 0x118A6, 0xBFE01,
  0x118A7, 0xBFF01, 0x118A8, 0xC0001, 0x118A9, 0xC0101, 0x118AA, 0xC0201,
  0x118AB, 0xC0301, 0x118AC, 0xC0401, 0x118AD, 0xC0501, 0x118AE, 0xC0601,
  0x118AF, 0xC0701, 0x118B0, 0xC0801, 0x118B1, 0xC0901, 0x118B2, 0xC0A01,
  0x118B3, 0xC0B01, 0x118B4, 0xC0C01, 0x118B5, 0xC0D01, 0x118B6, 0xC0E01,
  0x118B7, 0xC0F01, 0x118B8, 0xC1001, 0x118B9, 0xC1101, 0x118BA, 0xC1201,
  0x118BB, 0xC1301, 0x118BC, 0xC1401, 0x118BD, 0xC1501, 0x118BE, 0xC1601,
  0x118BF, 0xC1701, 0x16E40, 0xC1801, 0x16E41, 0xC1901, 0x16E42, 0xC1A01,
  0x16E43, 0xC1B01, 0x16E44, 0xC1C01, 0x16E45, 0xC1D01, 0x16E46, 0xC1E01,
  0x16E47, 0xC1F01, 0x16E48, 0xC2001, 0x16E49, 0xC2101, 0x16E4A, 0xC2201,
  0x16E4B, 0xC2301, 0x16E4C, 0xC2401, 0x16E4D, 0xC2501, 0x16E4E, 0xC2601,
  0x16E4F, 0xC2701, 0x16E50, 0xC2801, 0x16E51, 0xC2901, 0x16E52, 0xC2A01,
  0x16E53, 0xC2B01, 0x16E54, 0xC2C01, 0x16E55, 0xC2D01, 0x16E56, 0xC2E01,
  0x16E57, 0xC2F01, 0x16E58, 0xC3001, 0x16E59, 0xC3101, 0x16E5A, 0xC3201,
  0x16E5B, 0xC3301, 0x16E5C, 0xC3401, 0x16E5D, 0xC3501, 0x16E5E, 0xC3601,
  0x16E5F, 0xC3701, 0x16EA0, 0xC3801, 0x16EA1, 0xC3901, 0x16EA2, 0xC3A01,
  0x16EA3, 0xC3B01, 0x16EA4, 0xC3C01, 0x16EA5, 0xC3D01, 0x16EA6, 0xC3E01,
  0x16EA7, 0xC3F01, 0x16EA8, 0xC4001, 0x16EA9, 0xC4101, 0x16EAA, 0xC4201,
  0x16EAB, 0xC4301, 0x16EAC, 0xC4401, 0x16EAD, 0xC4501, 0x16EAE, 0xC4601,
  0x16EAF, 0xC4701, 0x16EB0, 0xC4801, 0x16EB1, 0xC4901, 0x16EB2, 0xC4A01,
  0x16EB3, 0xC4B01, 0x16EB4, 0xC4C01, 0x16EB5, 0xC4D01, 0x16EB6, 0xC4E01,
  0x16EB7, 0xC4F01, 0x16EB8, 0xC5001, 0x1E900, 0xC5101, 0x1E901, 0xC5201,
  0x1E902, 0xC5301, 0x1E903, 0xC5401, 0x1E904, 0xC5501, 0x1E905, 0xC5601,
  0x1E906, 0xC5701, 0x1E907, 0xC5801, 0x1E908, 0xC5901, 0x1E909, 0xC5A01,
  0x1E90A, 0xC5B01, 0x1E90B, 0xC5C01, 0x1E90C, 0xC5D01, 0x1E90D, 0xC5E01,
  0x1E90E, 0xC5F01, 0x1E90F, 0xC6001, 0x1E910, 0xC6101, 0x1E911, 0xC6201,
  0x1E912, 0xC6301, 0x1E913, 0xC6401, 0x1E914, 0xC6501, 0x1E915, 0xC6601,
  0x1E916, 0xC6701, 0x1E917, 0xC6801, 0x1E918, 0xC6901, 0x1E919, 0xC6A01,
  0x1E91A, 0xC6B01, 0x1E91B, 0xC6C01, 0x1E91C, 0xC6D01, 0x1E91D, 0xC6E01,
  0x1E91E, 0xC6F01, 0x1E91F, 0xC7001, 0x1E920, 0xC7101, 0x1E921, 0xC7201,
};

inline constexpr u32 casePoolCount = 3187;
static const u32 casePool[3187] = {
  0x41, 0x42, 0x43, 0x44, 0x45, 0x46, 0x47, 0x48,
  0x49, 0x4A, 0x4B, 0x4C, 0x4D, 0x4E, 0x4F, 0x50,
  0x51, 0x52, 0x53, 0x54, 0x55, 0x56, 0x57, 0x58,
  0x59, 0x5A, 0x39C, 0x53, 0x53, 0xC0, 0xC1, 0xC2,
  0xC3, 0xC4, 0xC5, 0xC6, 0xC7, 0xC8, 0xC9, 0xCA,
  0xCB, 0xCC, 0xCD, 0xCE, 0xCF, 0xD0, 0xD1, 0xD2,
  0xD3, 0xD4, 0xD5, 0xD6, 0xD8, 0xD9, 0xDA, 0xDB,
  0xDC, 0xDD, 0xDE, 0x178, 0x100, 0x102, 0x104, 0x106,
  0x108, 0x10A, 0x10C, 0x10E, 0x110, 0x112, 0x114, 0x116,
  0x118, 0x11A, 0x11C, 0x11E, 0x120, 0x122, 0x124, 0x126,
  0x128, 0x12A, 0x12C, 0x12E, 0x49, 0x132, 0x134, 0x136,
  0x139, 0x13B, 0x13D, 0x13F, 0x141, 0x143, 0x145, 0x147,
  0x2BC, 0x4E, 0x14A, 0x14C, 0x14E, 0x150, 0x152, 0x154,
  0x156, 0x158, 0x15A, 0x15C, 0x15E, 0x160, 0x162, 0x164,
  0x166, 0x168, 0x16A, 0x16C, 0x16E, 0x170, 0x172, 0x174,
  0x176, 0x179, 0x17B, 0x17D, 0x53, 0x243, 0x182, 0x184,
  0x187, 0x18B, 0x191, 0x1F6, 0x198, 0x23D, 0xA7DC, 0x220,
  0x1A0, 0x1A2, 0x1A4, 0x1A7, 0x1AC, 0x1AF, 0x1B3, 0x1B5,
  0x1B8, 0x1BC, 0x1F7, 0x1C4, 0x1C4, 0x1C7, 0x1C7, 0x1CA,
  0x1CA, 0x1CD, 0x1CF, 0x1D1, 0x1D3, 0x1D5, 0x1D7, 0x1D9,
  0x1DB, 0x18E, 0x1DE, 0x1E0, 0x1E2, 0x1E4, 0x1E6, 0x1E8,
  0x1EA, 0x1EC, 0x1EE, 0x4A, 0x30C, 0x1F1, 0x1F1, 0x1F4,
  0x1F8, 0x1FA, 0x1FC, 0x1FE, 0x200, 0x202, 0x204, 0x206,
  0x208, 0x20A, 0x20C, 0x20E, 0x210, 0x212, 0x214, 0x216,
  0x218, 0x21A, 0x21C, 0x21E, 0x222, 0x224, 0x226, 0x228,
  0x22A, 0x22C, 0x22E, 0x230, 0x232, 0x23B, 0x2C7E, 0x2C7F,
  0x241, 0x246, 0x248, 0x24A, 0x24C, 0x24E, 0x2C6F, 0x2C6D,
  0x2C70, 0x181, 0x186, 0x189, 0x18A, 0x18F, 0x190, 0xA7AB,
  0x193, 0xA7AC, 0x194, 0xA7CB, 0xA78D, 0xA7AA, 0x197, 0x196,
  0xA7AE, 0x2C62, 0xA7AD, 0x19C, 0x2C6E, 0x19D, 0x19F, 0x2C64,
  0x1A6, 0xA7C5, 0x1A9, 0xA7B1, 0x1AE, 0x244, 0x1B1, 0x1B2,
  0x245, 0x1B7, 0xA7B2, 0xA7B0, 0x399, 0x370, 0x372, 0x376,
  0x3FD, 0x3FE, 0x3FF, 0x399, 0x308, 0x301, 0x386, 0x388,
  0x389, 0x38A, 0x3A5, 0x308, 0x301, 0x391, 0x392, 0x393,
  0x394, 0x395, 0x396, 0x397, 0x398, 0x399, 0x39A, 0x39B,
  0x39C, 0x39D, 0x39E, 0x39F, 0x3A0, 0x3A1, 0x3A3, 0x3A3,
  0x3A4, 0x3A5, 0x3A6, 0x3A7, 0x3A8, 0x3A9, 0x3AA, 0x3AB,
  0x38C, 0x38E, 0x38F, 0x392, 0x398, 0x3A6, 0x3A0, 0x3CF,
  0x3D8, 0x3DA, 0x3DC, 0x3DE, 0x3E0, 0x3E2, 0x3E4, 0x3E6,
  0x3E8, 0x3EA, 0x3EC, 0x3EE, 0x39A, 0x3A1, 0x3F9, 0x37F,
  0x395, 0x3F7, 0x3FA, 0x410, 0x411, 0x412, 0x413, 0x414,
  0x415, 0x416, 0x417, 0x418, 0x419, 0x41A, 0x41B, 0x41C,
  0x41D, 0x41E, 0x41F, 0x420, 0x421, 0x422, 0x423, 0x424,
  0x425, 0x426, 0x427, 0x428, 0x429, 0x42A, 0x42B, 0x42C,
  0x42D, 0x42E, 0x42F, 0x400, 0x401, 0x402, 0x403, 0x404,
  0x405, 0x406, 0x407, 0x408, 0x409, 0x40A, 0x40B, 0x40C,
  0x40D, 0x40E, 0x40F, 0x460, 0x462, 0x464, 0x466, 0x468,
  0x46A, 0x46C, 0x46E, 0x470, 0x472, 0x474, 0x476, 0x478,
  0x47A, 0x47C, 0x47E, 0x480, 0x48A, 0x48C, 0x48E, 0x490,
  0x492, 0x494, 0x496, 0x498, 0x49A, 0x49C, 0x49E, 0x4A0,
  0x4A2, 0x4A4, 0x4A6, 0x4A8, 0x4AA, 0x4AC, 0x4AE, 0x4B0,
  0x4B2, 0x4B4, 0x4B6, 0x4B8, 0x4BA, 0x4BC, 0x4BE, 0x4C1,
  0x4C3, 0x4C5, 0x4C7, 0x4C9, 0x4CB, 0x4CD, 0x4C0, 0x4D0,
  0x4D2, 0x4D4, 0x4D6, 0x4D8, 0x4DA, 0x4DC, 0x4DE, 0x4E0,
  0x4E2, 0x4E4, 0x4E6, 0x4E8, 0x4EA, 0x4EC, 0x4EE, 0x4F0,
  0x4F2, 0x4F4, 0x4F6, 0x4F8, 0x4FA, 0x4FC, 0x4FE, 0x500,
  0x502, 0x504, 0x506, 0x508, 0x50A, 0x50C, 0x50E, 0x510,
  0x512, 0x514, 0x516, 0x518, 0x51A, 0x51C, 0x51E, 0x520,
  0x522, 0x524, 0x526, 0x528, 0x52A, 0x52C, 0x52E, 0x531,
  0x532, 0x533, 0x534, 0x535, 0x536, 0x537, 0x538, 0x539,
  0x53A, 0x53B, 0x53C, 0x53D, 0x53E, 0x53F, 0x540, 0x541,
  0x542, 0x543, 0x544, 0x545, 0x546, 0x547, 0x548, 0x549,
  0x54A, 0x54B, 0x54C, 0x54D, 0x54E, 0x54F, 0x550, 0x551,
  0x552, 0x553, 0x554, 0x555, 0x556, 0x535, 0x552, 0x1C90,
  0x1C91, 0x1C92, 0x1C93, 0x1C94, 0x1C95, 0x1C96, 0x1C97, 0x1C98,
  0x1C99, 0x1C9A, 0x1C9B, 0x1C9C, 0x1C9D, 0x1C9E, 0x1C9F, 0x1CA0,
  0x1CA1, 0x1CA2, 0x1CA3, 0x1CA4, 0x1CA5, 0x1CA6, 0x1CA7, 0x1CA8,
  0x1CA9, 0x1CAA, 0x1CAB, 0x1CAC, 0x1CAD, 0x1CAE, 0x1CAF, 0x1CB0,
  0x1CB1, 0x1CB2, 0x1CB3, 0x1CB4, 0x1CB5, 0x1CB6, 0x1CB7, 0x1CB8,
  0x1CB9, 0x1CBA, 0x1CBD, 0x1CBE, 0x1CBF, 0x13F0, 0x13F1, 0x13F2,
  0x13F3, 0x13F4, 0x13F5, 0x412, 0x414, 0x41E, 0x421, 0x422,
  0x422, 0x42A, 0x462, 0xA64A, 0x1C89, 0xA77D, 0x2C63, 0xA7C6,
  0x1E00, 0x1E02, 0x1E04, 0x1E06, 0x1E08, 0x1E0A, 0x1E0C, 0x1E0E,
  0x1E10, 0x1E12, 0x1E14, 0x1E16, 0x1E18, 0x1E1A, 0x1E1C, 0x1E1E,
  0x1E20, 0x1E22, 0x1E24, 0x1E26, 0x1E28, 0x1E2A, 0x1E2C, 0x1E2E,
  0x1E30, 0x1E32, 0x1E34, 0x1E36, 0x1E38, 0x1E3A, 0x1E3C, 0x1E3E,
  0x1E40, 0x1E42, 0x1E44, 0x1E46, 0x1E48, 0x1E4A, 0x1E4C, 0x1E4E,
  0x1E50, 0x1E52, 0x1E54, 0x1E56, 0x1E58, 0x1E5A, 0x1E5C, 0x1E5E,
  0x1E60, 0x1E62, 0x1E64, 0x1E66, 0x1E68, 0x1E6A, 0x1E6C, 0x1E6E,
  0x1E70, 0x1E72, 0x1E74, 0x1E76, 0x1E78, 0x1E7A, 0x1E7C, 0x1E7E,
  0x1E80, 0x1E82, 0x1E84, 0x1E86, 0x1E88, 0x1E8A, 0x1E8C, 0x1E8E,
  0x1E90, 0x1E92, 0x1E94, 0x48, 0x331, 0x54, 0x308, 0x57,
  0x30A, 0x59, 0x30A, 0x41, 0x2BE, 0x1E60, 0x1EA0, 0x1EA2,
  0x1EA4, 0x1EA6, 0x1EA8, 0x1EAA, 0x1EAC, 0x1EAE, 0x1EB0, 0x1EB2,
  0x1EB4, 0x1EB6, 0x1EB8, 0x1EBA, 0x1EBC, 0x1EBE, 0x1EC0, 0x1EC2,
  0x1EC4, 0x1EC6, 0x1EC8, 0x1ECA, 0x1ECC, 0x1ECE, 0x1ED0, 0x1ED2,
  0x1ED4, 0x1ED6, 0x1ED8, 0x1EDA, 0x1EDC, 0x1EDE, 0x1EE0, 0x1EE2,
  0x1EE4, 0x1EE6, 0x1EE8, 0x1EEA, 0x1EEC, 0x1EEE, 0x1EF0, 0x1EF2,
  0x1EF4, 0x1EF6, 0x1EF8, 0x1EFA, 0x1EFC, 0x1EFE, 0x1F08, 0x1F09,
  0x1F0A, 0x1F0B, 0x1F0C, 0x1F0D, 0x1F0E, 0x1F0F, 0x1F18, 0x1F19,
  0x1F1A, 0x1F1B, 0x1F1C, 0x1F1D, 0x1F28, 0x1F29, 0x1F2A, 0x1F2B,
  0x1F2C, 0x1F2D, 0x1F2E, 0x1F2F, 0x1F38, 0x1F39, 0x1F3A, 0x1F3B,
  0x1F3C, 0x1F3D, 0x1F3E, 0x1F3F, 0x1F48, 0x1F49, 0x1F4A, 0x1F4B,
  0x1F4C, 0x1F4D, 0x3A5, 0x313, 0x1F59, 0x3A5, 0x313, 0x300,
  0x1F5B, 0x3A5, 0x313, 0x301, 0x1F5D, 0x3A5, 0x313, 0x342,
  0x1F5F, 0x1F68, 0x1F69, 0x1F6A, 0x1F6B, 0x1F6C, 0x1F6D, 0x1F6E,
  0x1F6F, 0x1FBA, 0x1FBB, 0x1FC8, 0x1FC9, 0x1FCA, 0x1FCB, 0x1FDA,
  0x1FDB, 0x1FF8, 0x1FF9, 0x1FEA, 0x1FEB, 0x1FFA, 0x1FFB, 0x1F08,
  0x399, 0x1F09, 0x399, 0x1F0A, 0x399, 0x1F0B, 0x399, 0x1F0C,
  0x399, 0x1F0D, 0x399, 0x1F0E, 0x399, 0x1F0F, 0x399, 0x1F08,
  0x399, 0x1F09, 0x399, 0x1F0A, 0x399, 0x1F0B, 0x399, 0x1F0C,
  0x399, 0x1F0D, 0x399, 0x1F0E, 0x399, 0x1F0F, 0x399, 0x1F28,
  0x399, 0x1F29, 0x399, 0x1F2A, 0x399, 0x1F2B, 0x399, 0x1F2C,
  0x399, 0x1F2D, 0x399, 0x1F2E, 0x399, 0x1F2F, 0x399, 0x1F28,
  0x399, 0x1F29, 0x399, 0x1F2A, 0x399, 0x1F2B, 0x399, 0x1F2C,
  0x399, 0x1F2D, 0x399, 0x1F2E, 0x399, 0x1F2F, 0x399, 0x1F68,
  0x399, 0x1F69, 0x399, 0x1F6A, 0x399, 0x1F6B, 0x399, 0x1F6C,
  0x399, 0x1F6D, 0x399, 0x1F6E, 0x399, 0x1F6F, 0x399, 0x1F68,
  0x399, 0x1F69, 0x399, 0x1F6A, 0x399, 0x1F6B, 0x399, 0x1F6C,
  0x399, 0x1F6D, 0x399, 0x1F6E, 0x399, 0x1F6F, 0x399, 0x1FB8,
  0x1FB9, 0x1FBA, 0x399, 0x391, 0x399, 0x386, 0x399, 0x391,
  0x342, 0x391, 0x342, 0x399, 0x391, 0x399, 0x399, 0x1FCA,
  0x399, 0x397, 0x399, 0x389, 0x399, 0x397, 0x342, 0x397,
  0x342, 0x399, 0x397, 0x399, 0x1FD8, 0x1FD9, 0x399, 0x308,
  0x300, 0x399, 0x308, 0x301, 0x399, 0x342, 0x399, 0x308,
  0x342, 0x1FE8, 0x1FE9, 0x3A5, 0x308, 0x300, 0x3A5, 0x308,
  0x301, 0x3A1, 0x313, 0x1FEC, 0x3A5, 0x342, 0x3A5, 0x308,
  0x342, 0x1FFA, 0x399, 0x3A9, 0x399, 0x38F, 0x399, 0x3A9,
  0x342, 0x3A9, 0x342, 0x399, 0x3A9, 0x399, 0x2132, 0x2160,
  0x2161, 0x2162, 0x2163, 0x2164, 0x2165, 0x2166, 0x2167, 0x2168,
  0x2169, 0x216A, 0x216B, 0x216C, 0x216D, 0x216E, 0x216F, 0x2183,
  0x24B6, 0x24B7, 0x24B8, 0x24B9, 0x24BA, 0x24BB, 0x24BC, 0x24BD,
  0x24BE, 0x24BF, 0x24C0, 0x24C1, 0x24C2, 0x24C3, 0x24C4, 0x24C5,
  0x24C6, 0x24C7, 0x24C8, 0x24C9, 0x24CA, 0x24CB, 0x24CC, 0x24CD,
  0x24CE, 0x24CF, 0x2C00, 0x2C01, 0x2C02, 0x2C03, 0x2C04, 0x2C05,
  0x2C06, 0x2C07, 0x2C08, 0x2C09, 0x2C0A, 0x2C0B, 0x2C0C, 0x2C0D,
  0x2C0E, 0x2C0F, 0x2C10, 0x2C11, 0x2C12, 0x2C13, 0x2C14, 0x2C15,
  0x2C16, 0x2C17, 0x2C18, 0x2C19, 0x2C1A, 0x2C1B, 0x2C1C, 0x2C1D,
  0x2C1E, 0x2C1F, 0x2C20, 0x2C21, 0x2C22, 0x2C23, 0x2C24, 0x2C25,
  0x2C26, 0x2C27, 0x2C28, 0x2C29, 0x2C2A, 0x2C2B, 0x2C2C, 0x2C2D,
  0x2C2E, 0x2C2F, 0x2C60, 0x23A, 0x23E, 0x2C67, 0x2C69, 0x2C6B,
  0x2C72, 0x2C75, 0x2C80, 0x2C82, 0x2C84, 0x2C86, 0x2C88, 0x2C8A,
  0x2C8C, 0x2C8E, 0x2C90, 0x2C92, 0x2C94, 0x2C96, 0x2C98, 0x2C9A,
  0x2C9C, 0x2C9E, 0x2CA0, 0x2CA2, 0x2CA4, 0x2CA6, 0x2CA8, 0x2CAA,
  0x2CAC, 0x2CAE, 0x2CB0, 0x2CB2, 0x2CB4, 0x2CB6, 0x2CB8, 0x2CBA,
  0x2CBC, 0x2CBE, 0x2CC0, 0x2CC2, 0x2CC4, 0x2CC6, 0x2CC8, 0x2CCA,
  0x2CCC, 0x2CCE, 0x2CD0, 0x2CD2, 0x2CD4, 0x2CD6, 0x2CD8, 0x2CDA,
  0x2CDC, 0x2CDE, 0x2CE0, 0x2CE2, 0x2CEB, 0x2CED, 0x2CF2, 0x10A0,
  0x10A1, 0x10A2, 0x10A3, 0x10A4, 0x10A5, 0x10A6, 0x10A7, 0x10A8,
  0x10A9, 0x10AA, 0x10AB, 0x10AC, 0x10AD, 0x10AE, 0x10AF, 0x10B0,
  0x10B1, 0x10B2, 0x10B3, 0x10B4, 0x10B5, 0x10B6, 0x10B7, 0x10B8,
  0x10B9, 0x10BA, 0x10BB, 0x10BC, 0x10BD, 0x10BE, 0x10BF, 0x10C0,
  0x10C1, 0x10C2, 0x10C3, 0x10C4, 0x10C5, 0x10C7, 0x10CD, 0xA640,
  0xA642, 0xA644, 0xA646, 0xA648, 0xA64A, 0xA64C, 0xA64E, 0xA650,
  0xA652, 0xA654, 0xA656, 0xA658, 0xA65A, 0xA65C, 0xA65E, 0xA660,
  0xA662, 0xA664, 0xA666, 0xA668, 0xA66A, 0xA66C, 0xA680, 0xA682,
  0xA684, 0xA686, 0xA688, 0xA68A, 0xA68C, 0xA68E, 0xA690, 0xA692,
  0xA694, 0xA696, 0xA698, 0xA69A, 0xA722, 0xA724, 0xA726, 0xA728,
  0xA72A, 0xA72C, 0xA72E, 0xA732, 0xA734, 0xA736, 0xA738, 0xA73A,
  0xA73C, 0xA73E, 0xA740, 0xA742, 0xA744, 0xA746, 0xA748, 0xA74A,
  0xA74C, 0xA74E, 0xA750, 0xA752, 0xA754, 0xA756, 0xA758, 0xA75A,
  0xA75C, 0xA75E, 0xA760, 0xA762, 0xA764, 0xA766, 0xA768, 0xA76A,
  0xA76C, 0xA76E, 0xA779, 0xA77B, 0xA77E, 0xA780, 0xA782, 0xA784,
  0xA786, 0xA78B, 0xA790, 0xA792, 0xA7C4, 0xA796, 0xA798, 0xA79A,
  0xA79C, 0xA79E, 0xA7A0, 0xA7A2, 0xA7A4, 0xA7A6, 0xA7A8, 0xA7B4,
  0xA7B6, 0xA7B8, 0xA7BA, 0xA7BC, 0xA7BE, 0xA7C0, 0xA7C2, 0xA7C7,
  0xA7C9, 0xA7CC, 0xA7CE, 0xA7D0, 0xA7D2, 0xA7D4, 0xA7D6, 0xA7D8,
  0xA7DA, 0xA7F5, 0xA7B3, 0x13A0, 0x13A1, 0x13A2, 0x13A3, 0x13A4,
  0x13A5, 0x13A6, 0x13A7, 0x13A8, 0x13A9, 0x13AA, 0x13AB, 0x13AC,
  0x13AD, 0x13AE, 0x13AF, 0x13B0, 0x13B1, 0x13B2, 0x13B3, 0x13B4,
  0x13B5, 0x13B6, 0x13B7, 0x13B8, 0x13B9, 0x13BA, 0x13BB, 0x13BC,
  0x13BD, 0x13BE, 0x13BF, 0x13C0, 0x13C1, 0x13C2, 0x13C3, 0x13C4,
  0x13C5, 0x13C6, 0x13C7, 0x13C8, 0x13C9, 0x13CA, 0x13CB, 0x13CC,
  0x13CD, 0x13CE, 0x13CF, 0x13D0, 0x13D1, 0x13D2, 0x13D3, 0x13D4,
  0x13D5, 0x13D6, 0x13D7, 0x13D8, 0x13D9, 0x13DA, 0x13DB, 0x13DC,
  0x13DD, 0x13DE, 0x13DF, 0x13E0, 0x13E1, 0x13E2, 0x13E3, 0x13E4,
  0x13E5, 0x13E6, 0x13E7, 0x13E8, 0x13E9, 0x13EA, 0x13EB, 0x13EC,
  0x13ED, 0x13EE, 0x13EF, 0x46, 0x46, 0x46, 0x49, 0x46,
  0x4C, 0x46, 0x46, 0x49, 0x46, 0x46, 0x4C, 0x53,
  0x54, 0x53, 0x54, 0x544, 0x546, 0x544, 0x535, 0x544,
  0x53B, 0x54E, 0x546, 0x544, 0x53D, 0xFF21, 0xFF22, 0xFF23,
  0xFF24, 0xFF25, 0xFF26, 0xFF27, 0xFF28, 0xFF29, 0xFF2A, 0xFF2B,
  0xFF2C, 0xFF2D, 0xFF2E, 0xFF2F, 0xFF30, 0xFF31, 0xFF32, 0xFF33,
  0xFF34, 0xFF35, 0xFF36, 0xFF37, 0xFF38, 0xFF39, 0xFF3A, 0x10400,
  0x10401, 0x10402, 0x10403, 0x10404, 0x10405, 0x10406, 0x10407, 0x10408,
  0x10409, 0x1040A, 0x1040B, 0x1040C, 0x1040D, 0x1040E, 0x1040F, 0x10410,
  0x10411, 0x10412, 0x10413, 0x10414, 0x10415, 0x10416, 0x10417, 0x10418,
  0x10419, 0x1041A, 0x1041B, 0x1041C, 0x1041D, 0x1041E, 0x1041F, 0x10420,
  0x10421, 0x10422, 0x10423, 0x10424, 0x10425, 0x10426, 0x10427, 0x104B0,
  0x104B1, 0x104B2, 0x104B3, 0x104B4, 0x104B5, 0x104B6, 0x104B7, 0x104B8,
  0x104B9, 0x104BA, 0x104BB, 0x104BC, 0x104BD, 0x104BE, 0x104BF, 0x104C0,
  0x104C1, 0x104C2, 0x104C3, 0x104C4, 0x104C5, 0x104C6, 0x104C7, 0x104C8,
  0x104C9, 0x104CA, 0x104CB, 0x104CC, 0x104CD, 0x104CE, 0x104CF, 0x104D0,
  0x104D1, 0x104D2, 0x104D3, 0x10570, 0x10571, 0x10572, 0x10573, 0x10574,
  0x10575, 0x10576, 0x10577, 0x10578, 0x10579, 0x1057A, 0x1057C, 0x1057D,
  0x1057E, 0x1057F, 0x10580, 0x10581, 0x10582, 0x10583, 0x10584, 0x10585,
  0x10586, 0x10587, 0x10588, 0x10589, 0x1058A, 0x1058C, 0x1058D, 0x1058E,
  0x1058F, 0x10590, 0x10591, 0x10592, 0x10594, 0x10595, 0x10C80, 0x10C81,
  0x10C82, 0x10C83, 0x10C84, 0x10C85, 0x10C86, 0x10C87, 0x10C88, 0x10C89,
  0x10C8A, 0x10C8B, 0x10C8C, 0x10C8D, 0x10C8E, 0x10C8F, 0x10C90, 0x10C91,
  0x10C92, 0x10C93, 0x10C94, 0x10C95, 0x10C96, 0x10C97, 0x10C98, 0x10C99,
  0x10C9A, 0x10C9B, 0x10C9C, 0x10C9D, 0x10C9E, 0x10C9F, 0x10CA0, 0x10CA1,
  0x10CA2, 0x10CA3, 0x10CA4, 0x10CA5, 0x10CA6, 0x10CA7, 0x10CA8, 0x10CA9,
  0x10CAA, 0x10CAB, 0x10CAC, 0x10CAD, 0x10CAE, 0x10CAF, 0x10CB0, 0x10CB1,
  0x10CB2, 0x10D50, 0x10D51, 0x10D52, 0x10D53, 0x10D54, 0x10D55, 0x10D56,
  0x10D57, 0x10D58, 0x10D59, 0x10D5A, 0x10D5B, 0x10D5C, 0x10D5D, 0x10D5E,
  0x10D5F, 0x10D60, 0x10D61, 0x10D62, 0x10D63, 0x10D64, 0x10D65, 0x118A0,
  0x118A1, 0x118A2, 0x118A3, 0x118A4, 0x118A5, 0x118A6, 0x118A7, 0x118A8,
  0x118A9, 0x118AA, 0x118AB, 0x118AC, 0x118AD, 0x118AE, 0x118AF, 0x118B0,
  0x118B1, 0x118B2, 0x118B3, 0x118B4, 0x118B5, 0x118B6, 0x118B7, 0x118B8,
  0x118B9, 0x118BA, 0x118BB, 0x118BC, 0x118BD, 0x118BE, 0x118BF, 0x16E40,
  0x16E41, 0x16E42, 0x16E43, 0x16E44, 0x16E45, 0x16E46, 0x16E47, 0x16E48,
  0x16E49, 0x16E4A, 0x16E4B, 0x16E4C, 0x16E4D, 0x16E4E, 0x16E4F, 0x16E50,
  0x16E51, 0x16E52, 0x16E53, 0x16E54, 0x16E55, 0x16E56, 0x16E57, 0x16E58,
  0x16E59, 0x16E5A, 0x16E5B, 0x16E5C, 0x16E5D, 0x16E5E, 0x16E5F, 0x16EA0,
  0x16EA1, 0x16EA2, 0x16EA3, 0x16EA4, 0x16EA5, 0x16EA6, 0x16EA7, 0x16EA8,
  0x16EA9, 0x16EAA, 0x16EAB, 0x16EAC, 0x16EAD, 0x16EAE, 0x16EAF, 0x16EB0,
  0x16EB1, 0x16EB2, 0x16EB3, 0x16EB4, 0x16EB5, 0x16EB6, 0x16EB7, 0x16EB8,
  0x1E900, 0x1E901, 0x1E902, 0x1E903, 0x1E904, 0x1E905, 0x1E906, 0x1E907,
  0x1E908, 0x1E909, 0x1E90A, 0x1E90B, 0x1E90C, 0x1E90D, 0x1E90E, 0x1E90F,
  0x1E910, 0x1E911, 0x1E912, 0x1E913, 0x1E914, 0x1E915, 0x1E916, 0x1E917,
  0x1E918, 0x1E919, 0x1E91A, 0x1E91B, 0x1E91C, 0x1E91D, 0x1E91E, 0x1E91F,
  0x1E920, 0x1E921, 0x61, 0x62, 0x63, 0x64, 0x65, 0x66,
  0x67, 0x68, 0x69, 0x6A, 0x6B, 0x6C, 0x6D, 0x6E,
  0x6F, 0x70, 0x71, 0x72, 0x73, 0x74, 0x75, 0x76,
  0x77, 0x78, 0x79, 0x7A, 0xE0, 0xE1, 0xE2, 0xE3,
  0xE4, 0xE5, 0xE6, 0xE7, 0xE8, 0xE9, 0xEA, 0xEB,
  0xEC, 0xED, 0xEE, 0xEF, 0xF0, 0xF1, 0xF2, 0xF3,
  0xF4, 0xF5, 0xF6, 0xF8, 0xF9, 0xFA, 0xFB, 0xFC,
  0xFD, 0xFE, 0x101, 0x103, 0x105, 0x107, 0x109, 0x10B,
  0x10D, 0x10F, 0x111, 0x113, 0x115, 0x117, 0x119, 0x11B,
  0x11D, 0x11F, 0x121, 0x123, 0x125, 0x127, 0x129, 0x12B,
  0x12D, 0x12F, 0x69, 0x307, 0x133, 0x135, 0x137, 0x13A,
  0x13C, 0x13E, 0x140, 0x142, 0x144, 0x146, 0x148, 0x14B,
  0x14D, 0x14F, 0x151, 0x153, 0x155, 0x157, 0x159, 0x15B,
  0x15D, 0x15F, 0x161, 0x163, 0x165, 0x167, 0x169, 0x16B,
  0x16D, 0x16F, 0x171, 0x173, 0x175, 0x177, 0xFF, 0x17A,
  0x17C, 0x17E, 0x253, 0x183, 0x185, 0x254, 0x188, 0x256,
  0x257, 0x18C, 0x1DD, 0x259, 0x25B, 0x192, 0x260, 0x263,
  0x269, 0x268, 0x199, 0x26F, 0x272, 0x275, 0x1A1, 0x1A3,
  0x1A5, 0x280, 0x1A8, 0x283, 0x1AD, 0x288, 0x1B0, 0x28A,
  0x28B, 0x1B4, 0x1B6, 0x292, 0x1B9, 0x1BD, 0x1C6, 0x1C6,
  0x1C9, 0x1C9, 0x1CC, 0x1CC, 0x1CE, 0x1D0, 0x1D2, 0x1D4,
  0x1D6, 0x1D8, 0x1DA, 0x1DC, 0x1DF, 0x1E1, 0x1E3, 0x1E5,
  0x1E7, 0x1E9, 0x1EB, 0x1ED, 0x1EF, 0x1F3, 0x1F3, 0x1F5,
  0x195, 0x1BF, 0x1F9, 0x1FB, 0x1FD, 0x1FF, 0x201, 0x203,
  0x205, 0x207, 0x209, 0x20B, 0x20D, 0x20F, 0x211, 0x213,
  0x215, 0x217, 0x219, 0x21B, 0x21D, 0x21F, 0x19E, 0x223,
  0x225, 0x227, 0x229, 0x22B, 0x22D, 0x22F, 0x231, 0x233,
  0x2C65, 0x23C, 0x19A, 0x2C66, 0x242, 0x180, 0x289, 0x28C,
  0x247, 0x249, 0x24B, 0x24D, 0x24F, 0x371, 0x373, 0x377,
  0x3F3, 0x3AC, 0x3AD, 0x3AE, 0x3AF, 0x3CC, 0x3CD, 0x3CE,
  0x3B1, 0x3B2, 0x3B3, 0x3B4, 0x3B5, 0x3B6, 0x3B7, 0x3B8,
  0x3B9, 0x3BA, 0x3BB, 0x3BC, 0x3BD, 0x3BE, 0x3BF, 0x3C0,
  0x3C1, 0x3C3, 0x3C4, 0x3C5, 0x3C6, 0x3C7, 0x3C8, 0x3C9,
  0x3CA, 0x3CB, 0x3D7, 0x3D9, 0x3DB, 0x3DD, 0x3DF, 0x3E1,
  0x3E3, 0x3E5, 0x3E7, 0x3E9, 0x3EB, 0x3ED, 0x3EF, 0x3B8,
  0x3F8, 0x3F2, 0x3FB, 0x37B, 0x37C, 0x37D, 0x450, 0x451,
  0x452, 0x453, 0x454, 0x455, 0x456, 0x457, 0x458, 0x459,
  0x45A, 0x45B, 0x45C, 0x45D, 0x45E, 0x45F, 0x430, 0x431,
  0x432, 0x433, 0x434, 0x435, 0x436, 0x437, 0x438, 0x439,
  0x43A, 0x43B, 0x43C, 0x43D, 0x43E, 0x43F, 0x440, 0x441,
  0x442, 0x443, 0x444, 0x445, 0x446, 0x447, 0x448, 0x449,
  0x44A, 0x44B, 0x44C, 0x44D, 0x44E, 0x44F, 0x461, 0x463,
  0x465, 0x467, 0x469, 0x46B, 0x46D, 0x46F, 0x471, 0x473,
  0x475, 0x477, 0x479, 0x47B, 0x47D, 0x47F, 0x481, 0x48B,
  0x48D, 0x48F, 0x491, 0x493, 0x495, 0x497, 0x499, 0x49B,
  0x49D, 0x49F, 0x4A1, 0x4A3, 0x4A5, 0x4A7, 0x4A9, 0x4AB,
  0x4AD, 0x4AF, 0x4B1, 0x4B3, 0x4B5, 0x4B7, 0x4B9, 0x4BB,
  0x4BD, 0x4BF, 0x4CF, 0x4C2, 0x4C4, 0x4C6, 0x4C8, 0x4CA,
  0x4CC, 0x4CE, 0x4D1, 0x4D3, 0x4D5, 0x4D7, 0x4D9, 0x4DB,
  0x4DD, 0x4DF, 0x4E1, 0x4E3, 0x4E5, 0x4E7, 0x4E9, 0x4EB,
  0x4ED, 0x4EF, 0x4F1, 0x4F3, 0x4F5, 0x4F7, 0x4F9, 0x4FB,
  0x4FD, 0x4FF, 0x501, 0x503, 0x505, 0x507, 0x509, 0x50B,
  0x50D, 0x50F, 0x511, 0x513, 0x515, 0x517, 0x519, 0x51B,
  0x51D, 0x51F, 0x521, 0x523, 0x525, 0x527, 0x529, 0x52B,
  0x52D, 0x52F, 0x561, 0x562, 0x563, 0x564, 0x565, 0x566,
  0x567, 0x568, 0x569, 0x56A, 0x56B, 0x56C, 0x56D, 0x56E,
  0x56F, 0x570, 0x571, 0x572, 0x573, 0x574, 0x575, 0x576,
  0x577, 0x578, 0x579, 0x57A, 0x57B, 0x57C, 0x57D, 0x57E,
  0x57F, 0x580, 0x581, 0x582, 0x583, 0x584, 0x585, 0x586,
  0x2D00, 0x2D01, 0x2D02, 0x2D03, 0x2D04, 0x2D05, 0x2D06, 0x2D07,
  0x2D08, 0x2D09, 0x2D0A, 0x2D0B, 0x2D0C, 0x2D0D, 0x2D0E, 0x2D0F,
  0x2D10, 0x2D11, 0x2D12, 0x2D13, 0x2D14, 0x2D15, 0x2D16, 0x2D17,
  0x2D18, 0x2D19, 0x2D1A, 0x2D1B, 0x2D1C, 0x2D1D, 0x2D1E, 0x2D1F,
  0x2D20, 0x2D21, 0x2D22, 0x2D23, 0x2D24, 0x2D25, 0x2D27, 0x2D2D,
  0xAB70, 0xAB71, 0xAB72, 0xAB73, 0xAB74, 0xAB75, 0xAB76, 0xAB77,
  0xAB78, 0xAB79, 0xAB7A, 0xAB7B, 0xAB7C, 0xAB7D, 0xAB7E, 0xAB7F,
  0xAB80, 0xAB81, 0xAB82, 0xAB83, 0xAB84, 0xAB85, 0xAB86, 0xAB87,
  0xAB88, 0xAB89, 0xAB8A, 0xAB8B, 0xAB8C, 0xAB8D, 0xAB8E, 0xAB8F,
  0xAB90, 0xAB91, 0xAB92, 0xAB93, 0xAB94, 0xAB95, 0xAB96, 0xAB97,
  0xAB98, 0xAB99, 0xAB9A, 0xAB9B, 0xAB9C, 0xAB9D, 0xAB9E, 0xAB9F,
  0xABA0, 0xABA1, 0xABA2, 0xABA3, 0xABA4, 0xABA5, 0xABA6, 0xABA7,
  0xABA8, 0xABA9, 0xABAA, 0xABAB, 0xABAC, 0xABAD, 0xABAE, 0xABAF,
  0xABB0, 0xABB1, 0xABB2, 0xABB3, 0xABB4, 0xABB5, 0xABB6, 0xABB7,
  0xABB8, 0xABB9, 0xABBA, 0xABBB, 0xABBC, 0xABBD, 0xABBE, 0xABBF,
  0x13F8, 0x13F9, 0x13FA, 0x13FB, 0x13FC, 0x13FD, 0x1C8A, 0x10D0,
  0x10D1, 0x10D2, 0x10D3, 0x10D4, 0x10D5, 0x10D6, 0x10D7, 0x10D8,
  0x10D9, 0x10DA, 0x10DB, 0x10DC, 0x10DD, 0x10DE, 0x10DF, 0x10E0,
  0x10E1, 0x10E2, 0x10E3, 0x10E4, 0x10E5, 0x10E6, 0x10E7, 0x10E8,
  0x10E9, 0x10EA, 0x10EB, 0x10EC, 0x10ED, 0x10EE, 0x10EF, 0x10F0,
  0x10F1, 0x10F2, 0x10F3, 0x10F4, 0x10F5, 0x10F6, 0x10F7, 0x10F8,
  0x10F9, 0x10FA, 0x10FD, 0x10FE, 0x10FF, 0x1E01, 0x1E03, 0x1E05,
  0x1E07, 0x1E09, 0x1E0B, 0x1E0D, 0x1E0F, 0x1E11, 0x1E13, 0x1E15,
  0x1E17, 0x1E19, 0x1E1B, 0x1E1D, 0x1E1F, 0x1E21, 0x1E23, 0x1E25,
  0x1E27, 0x1E29, 0x1E2B, 0x1E2D, 0x1E2F, 0x1E31, 0x1E33, 0x1E35,
  0x1E37, 0x1E39, 0x1E3B, 0x1E3D, 0x1E3F, 0x1E41, 0x1E43, 0x1E45,
  0x1E47, 0x1E49, 0x1E4B, 0x1E4D, 0x1E4F, 0x1E51, 0x1E53, 0x1E55,
  0x1E57, 0x1E59, 0x1E5B, 0x1E5D, 0x1E5F, 0x1E61, 0x1E63, 0x1E65,
  0x1E67, 0x1E69, 0x1E6B, 0x1E6D, 0x1E6F, 0x1E71, 0x1E73, 0x1E75,
  0x1E77, 0x1E79, 0x1E7B, 0x1E7D, 0x1E7F, 0x1E81, 0x1E83, 0x1E85,
  0x1E87, 0x1E89, 0x1E8B, 0x1E8D, 0x1E8F, 0x1E91, 0x1E93, 0x1E95,
  0xDF, 0x1EA1, 0x1EA3, 0x1EA5, 0x1EA7, 0x1EA9, 0x1EAB, 0x1EAD,
  0x1EAF, 0x1EB1, 0x1EB3, 0x1EB5, 0x1EB7, 0x1EB9, 0x1EBB, 0x1EBD,
  0x1EBF, 0x1EC1, 0x1EC3, 0x1EC5, 0x1EC7, 0x1EC9, 0x1ECB, 0x1ECD,
  0x1ECF, 0x1ED1, 0x1ED3, 0x1ED5, 0x1ED7, 0x1ED9, 0x1EDB, 0x1EDD,
  0x1EDF, 0x1EE1, 0x1EE3, 0x1EE5, 0x1EE7, 0x1EE9, 0x1EEB, 0x1EED,
  0x1EEF, 0x1EF1, 0x1EF3, 0x1EF5, 0x1EF7, 0x1EF9, 0x1EFB, 0x1EFD,
  0x1EFF, 0x1F00, 0x1F01, 0x1F02, 0x1F03, 0x1F04, 0x1F05, 0x1F06,
  0x1F07, 0x1F10, 0x1F11, 0x1F12, 0x1F13, 0x1F14, 0x1F15, 0x1F20,
  0x1F21, 0x1F22, 0x1F23, 0x1F24, 0x1F25, 0x1F26, 0x1F27, 0x1F30,
  0x1F31, 0x1F32, 0x1F33, 0x1F34, 0x1F35, 0x1F36, 0x1F37, 0x1F40,
  0x1F41, 0x1F42, 0x1F43, 0x1F44, 0x1F45, 0x1F51, 0x1F53, 0x1F55,
  0x1F57, 0x1F60, 0x1F61, 0x1F62, 0x1F63, 0x1F64, 0x1F65, 0x1F66,
  0x1F67, 0x1F80, 0x1F81, 0x1F82, 0x1F83, 0x1F84, 0x1F85, 0x1F86,
  0x1F87, 0x1F90, 0x1F91, 0x1F92, 0x1F93, 0x1F94, 0x1F95, 0x1F96,
  0x1F97, 0x1FA0, 0x1FA1, 0x1FA2, 0x1FA3, 0x1FA4, 0x1FA5, 0x1FA6,
  0x1FA7, 0x1FB0, 0x1FB1, 0x1F70, 0x1F71, 0x1FB3, 0x1F72, 0x1F73,
  0x1F74, 0x1F75, 0x1FC3, 0x1FD0, 0x1FD1, 0x1F76, 0x1F77, 0x1FE0,
  0x1FE1, 0x1F7A, 0x1F7B, 0x1FE5, 0x1F78, 0x1F79, 0x1F7C, 0x1F7D,
  0x1FF3, 0x3C9, 0x6B, 0xE5, 0x214E, 0x2170, 0x2171, 0x2172,
  0x2173, 0x2174, 0x2175, 0x2176, 0x2177, 0x2178, 0x2179, 0x217A,
  0x217B, 0x217C, 0x217D, 0x217E, 0x217F, 0x2184, 0x24D0, 0x24D1,
  0x24D2, 0x24D3, 0x24D4, 0x24D5, 0x24D6, 0x24D7, 0x24D8, 0x24D9,
  0x24DA, 0x24DB, 0x24DC, 0x24DD, 0x24DE, 0x24DF, 0x24E0, 0x24E1,
  0x24E2, 0x24E3, 0x24E4, 0x24E5, 0x24E6, 0x24E7, 0x24E8, 0x24E9,
  0x2C30, 0x2C31, 0x2C32, 0x2C33, 0x2C34, 0x2C35, 0x2C36, 0x2C37,
  0x2C38, 0x2C39, 0x2C3A, 0x2C3B, 0x2C3C, 0x2C3D, 0x2C3E, 0x2C3F,
  0x2C40, 0x2C41, 0x2C42, 0x2C43, 0x2C44, 0x2C45, 0x2C46, 0x2C47,
  0x2C48, 0x2C49, 0x2C4A, 0x2C4B, 0x2C4C, 0x2C4D, 0x2C4E, 0x2C4F,
  0x2C50, 0x2C51, 0x2C52, 0x2C53, 0x2C54, 0x2C55, 0x2C56, 0x2C57,
  0x2C58, 0x2C59, 0x2C5A, 0x2C5B, 0x2C5C, 0x2C5D, 0x2C5E, 0x2C5F,
  0x2C61, 0x26B, 0x1D7D, 0x27D, 0x2C68, 0x2C6A, 0x2C6C, 0x251,
  0x271, 0x250, 0x252, 0x2C73, 0x2C76, 0x23F, 0x240, 0x2C81,
  0x2C83, 0x2C85, 0x2C87, 0x2C89, 0x2C8B, 0x2C8D, 0x2C8F, 0x2C91,
  0x2C93, 0x2C95, 0x2C97, 0x2C99, 0x2C9B, 0x2C9D, 0x2C9F, 0x2CA1,
  0x2CA3, 0x2CA5, 0x2CA7, 0x2CA9, 0x2CAB, 0x2CAD, 0x2CAF, 0x2CB1,
  0x2CB3, 0x2CB5, 0x2CB7, 0x2CB9, 0x2CBB, 0x2CBD, 0x2CBF, 0x2CC1,
  0x2CC3, 0x2CC5, 0x2CC7, 0x2CC9, 0x2CCB, 0x2CCD, 0x2CCF, 0x2CD1,
  0x2CD3, 0x2CD5, 0x2CD7, 0x2CD9, 0x2CDB, 0x2CDD, 0x2CDF, 0x2CE1,
  0x2CE3, 0x2CEC, 0x2CEE, 0x2CF3, 0xA641, 0xA643, 0xA645, 0xA647,
  0xA649, 0xA64B, 0xA64D, 0xA64F, 0xA651, 0xA653, 0xA655, 0xA657,
  0xA659, 0xA65B, 0xA65D, 0xA65F, 0xA661, 0xA663, 0xA665, 0xA667,
  0xA669, 0xA66B, 0xA66D, 0xA681, 0xA683, 0xA685, 0xA687, 0xA689,
  0xA68B, 0xA68D, 0xA68F, 0xA691, 0xA693, 0xA695, 0xA697, 0xA699,
  0xA69B, 0xA723, 0xA725, 0xA727, 0xA729, 0xA72B, 0xA72D, 0xA72F,
  0xA733, 0xA735, 0xA737, 0xA739, 0xA73B, 0xA73D, 0xA73F, 0xA741,
  0xA743, 0xA745, 0xA747, 0xA749, 0xA74B, 0xA74D, 0xA74F, 0xA751,
  0xA753, 0xA755, 0xA757, 0xA759, 0xA75B, 0xA75D, 0xA75F, 0xA761,
  0xA763, 0xA765, 0xA767, 0xA769, 0xA76B, 0xA76D, 0xA76F, 0xA77A,
  0xA77C, 0x1D79, 0xA77F, 0xA781, 0xA783, 0xA785, 0xA787, 0xA78C,
  0x265, 0xA791, 0xA793, 0xA797, 0xA799, 0xA79B, 0xA79D, 0xA79F,
  0xA7A1, 0xA7A3, 0xA7A5, 0xA7A7, 0xA7A9, 0x266, 0x25C, 0x261,
  0x26C, 0x26A, 0x29E, 0x287, 0x29D, 0xAB53, 0xA7B5, 0xA7B7,
  0xA7B9, 0xA7BB, 0xA7BD, 0xA7BF, 0xA7C1, 0xA7C3, 0xA794, 0x282,
  0x1D8E, 0xA7C8, 0xA7CA, 0x264, 0xA7CD, 0xA7CF, 0xA7D1, 0xA7D3,
  0xA7D5, 0xA7D7, 0xA7D9, 0xA7DB, 0x19B, 0xA7F6, 0xFF41, 0xFF42,
  0xFF43, 0xFF44, 0xFF45, 0xFF46, 0xFF47, 0xFF48, 0xFF49, 0xFF4A,
  0xFF4B, 0xFF4C, 0xFF4D, 0xFF4E, 0xFF4F, 0xFF50, 0xFF51, 0xFF52,
  0xFF53, 0xFF54, 0xFF55, 0xFF56, 0xFF57, 0xFF58, 0xFF59, 0xFF5A,
  0x10428, 0x10429, 0x1042A, 0x1042B, 0x1042C, 0x1042D, 0x1042E, 0x1042F,
  0x10430, 0x10431, 0x10432, 0x10433, 0x10434, 0x10435, 0x10436, 0x10437,
  0x10438, 0x10439, 0x1043A, 0x1043B, 0x1043C, 0x1043D, 0x1043E, 0x1043F,
  0x10440, 0x10441, 0x10442, 0x10443, 0x10444, 0x10445, 0x10446, 0x10447,
  0x10448, 0x10449, 0x1044A, 0x1044B, 0x1044C, 0x1044D, 0x1044E, 0x1044F,
  0x104D8, 0x104D9, 0x104DA, 0x104DB, 0x104DC, 0x104DD, 0x104DE, 0x104DF,
  0x104E0, 0x104E1, 0x104E2, 0x104E3, 0x104E4, 0x104E5, 0x104E6, 0x104E7,
  0x104E8, 0x104E9, 0x104EA, 0x104EB, 0x104EC, 0x104ED, 0x104EE, 0x104EF,
  0x104F0, 0x104F1, 0x104F2, 0x104F3, 0x104F4, 0x104F5, 0x104F6, 0x104F7,
  0x104F8, 0x104F9, 0x104FA, 0x104FB, 0x10597, 0x10598, 0x10599, 0x1059A,
  0x1059B, 0x1059C, 0x1059D, 0x1059E, 0x1059F, 0x105A0, 0x105A1, 0x105A3,
  0x105A4, 0x105A5, 0x105A6, 0x105A7, 0x105A8, 0x105A9, 0x105AA, 0x105AB,
  0x105AC, 0x105AD, 0x105AE, 0x105AF, 0x105B0, 0x105B1, 0x105B3, 0x105B4,
  0x105B5, 0x105B6, 0x105B7, 0x105B8, 0x105B9, 0x105BB, 0x105BC, 0x10CC0,
  0x10CC1, 0x10CC2, 0x10CC3, 0x10CC4, 0x10CC5, 0x10CC6, 0x10CC7, 0x10CC8,
  0x10CC9, 0x10CCA, 0x10CCB, 0x10CCC, 0x10CCD, 0x10CCE, 0x10CCF, 0x10CD0,
  0x10CD1, 0x10CD2, 0x10CD3, 0x10CD4, 0x10CD5, 0x10CD6, 0x10CD7, 0x10CD8,
  0x10CD9, 0x10CDA, 0x10CDB, 0x10CDC, 0x10CDD, 0x10CDE, 0x10CDF, 0x10CE0,
  0x10CE1, 0x10CE2, 0x10CE3, 0x10CE4, 0x10CE5, 0x10CE6, 0x10CE7, 0x10CE8,
  0x10CE9, 0x10CEA, 0x10CEB, 0x10CEC, 0x10CED, 0x10CEE, 0x10CEF, 0x10CF0,
  0x10CF1, 0x10CF2, 0x10D70, 0x10D71, 0x10D72, 0x10D73, 0x10D74, 0x10D75,
  0x10D76, 0x10D77, 0x10D78, 0x10D79, 0x10D7A, 0x10D7B, 0x10D7C, 0x10D7D,
  0x10D7E, 0x10D7F, 0x10D80, 0x10D81, 0x10D82, 0x10D83, 0x10D84, 0x10D85,
  0x118C0, 0x118C1, 0x118C2, 0x118C3, 0x118C4, 0x118C5, 0x118C6, 0x118C7,
  0x118C8, 0x118C9, 0x118CA, 0x118CB, 0x118CC, 0x118CD, 0x118CE, 0x118CF,
  0x118D0, 0x118D1, 0x118D2, 0x118D3, 0x118D4, 0x118D5, 0x118D6, 0x118D7,
  0x118D8, 0x118D9, 0x118DA, 0x118DB, 0x118DC, 0x118DD, 0x118DE, 0x118DF,
  0x16E60, 0x16E61, 0x16E62, 0x16E63, 0x16E64, 0x16E65, 0x16E66, 0x16E67,
  0x16E68, 0x16E69, 0x16E6A, 0x16E6B, 0x16E6C, 0x16E6D, 0x16E6E, 0x16E6F,
  0x16E70, 0x16E71, 0x16E72, 0x16E73, 0x16E74, 0x16E75, 0x16E76, 0x16E77,
  0x16E78, 0x16E79, 0x16E7A, 0x16E7B, 0x16E7C, 0x16E7D, 0x16E7E, 0x16E7F,
  0x16EBB, 0x16EBC, 0x16EBD, 0x16EBE, 0x16EBF, 0x16EC0, 0x16EC1, 0x16EC2,
  0x16EC3, 0x16EC4, 0x16EC5, 0x16EC6, 0x16EC7, 0x16EC8, 0x16EC9, 0x16ECA,
  0x16ECB, 0x16ECC, 0x16ECD, 0x16ECE, 0x16ECF, 0x16ED0, 0x16ED1, 0x16ED2,
  0x16ED3, 0x1E922, 0x1E923, 0x1E924, 0x1E925, 0x1E926, 0x1E927, 0x1E928,
  0x1E929, 0x1E92A, 0x1E92B, 0x1E92C, 0x1E92D, 0x1E92E, 0x1E92F, 0x1E930,
  0x1E931, 0x1E932, 0x1E933, 0x1E934, 0x1E935, 0x1E936, 0x1E937, 0x1E938,
  0x1E939, 0x1E93A, 0x1E93B, 0x1E93C, 0x1E93D, 0x1E93E, 0x1E93F, 0x1E940,
  0x1E941, 0x1E942, 0x1E943,
};

inline constexpr u32 scalarFlagsCount = 4174;
static const u32 scalarFlags[4174] = {
  0x9, 0xD10, 0x20, 0x2010, 0x2B, 0x2B20, 0x3C, 0x3E20,
  0x41, 0x5A0B, 0x5E, 0x5E20, 0x61, 0x7A0D, 0x7C, 0x7C20,
  0x7E, 0x7E20, 0x85, 0x8510, 0xA0, 0xA010, 0xAA, 0xAA0D,
  0xAC, 0xAC20, 0xB1, 0xB120, 0xB5, 0xB50D, 0xBA, 0xBA0D,
  0xC0, 0xD60B, 0xD7, 0xD720, 0xD8, 0xDE0B, 0xDF, 0xF60D,
  0xF7, 0xF720, 0xF8, 0xFF0D, 0x100, 0x1000B, 0x101, 0x1010D,
  0x102, 0x1020B, 0x103, 0x1030D, 0x104, 0x1040B, 0x105, 0x1050D,
  0x106, 0x1060B, 0x107, 0x1070D, 0x108, 0x1080B, 0x109, 0x1090D,
  0x10A, 0x10A0B, 0x10B, 0x10B0D, 0x10C, 0x10C0B, 0x10D, 0x10D0D,
  0x10E, 0x10E0B, 0x10F, 0x10F0D, 0x110, 0x1100B, 0x111, 0x1110D,
  0x112, 0x1120B, 0x113, 0x1130D, 0x114, 0x1140B, 0x115, 0x1150D,
  0x116, 0x1160B, 0x117, 0x1170D, 0x118, 0x1180B, 0x119, 0x1190D,
  0x11A, 0x11A0B, 0x11B, 0x11B0D, 0x11C, 0x11C0B, 0x11D, 0x11D0D,
  0x11E, 0x11E0B, 0x11F, 0x11F0D, 0x120, 0x1200B, 0x121, 0x1210D,
  0x122, 0x1220B, 0x123, 0x1230D, 0x124, 0x1240B, 0x125, 0x1250D,
  0x126, 0x1260B, 0x127, 0x1270D, 0x128, 0x1280B, 0x129, 0x1290D,
  0x12A, 0x12A0B, 0x12B, 0x12B0D, 0x12C, 0x12C0B, 0x12D, 0x12D0D,
  0x12E, 0x12E0B, 0x12F, 0x12F0D, 0x130, 0x1300B, 0x131, 0x1310D,
  0x132, 0x1320B, 0x133, 0x1330D, 0x134, 0x1340B, 0x135, 0x1350D,
  0x136, 0x1360B, 0x137, 0x1380D, 0x139, 0x1390B, 0x13A, 0x13A0D,
  0x13B, 0x13B0B, 0x13C, 0x13C0D, 0x13D, 0x13D0B, 0x13E, 0x13E0D,
  0x13F, 0x13F0B, 0x140, 0x1400D, 0x141, 0x1410B, 0x142, 0x1420D,
  0x143, 0x1430B, 0x144, 0x1440D, 0x145, 0x1450B, 0x146, 0x1460D,
  0x147, 0x1470B, 0x148, 0x1490D, 0x14A, 0x14A0B, 0x14B, 0x14B0D,
  0x14C, 0x14C0B, 0x14D, 0x14D0D, 0x14E, 0x14E0B, 0x14F, 0x14F0D,
  0x150, 0x1500B, 0x151, 0x1510D, 0x152, 0x1520B, 0x153, 0x1530D,
  0x154, 0x1540B, 0x155, 0x1550D, 0x156, 0x1560B, 0x157, 0x1570D,
  0x158, 0x1580B, 0x159, 0x1590D, 0x15A, 0x15A0B, 0x15B, 0x15B0D,
  0x15C, 0x15C0B, 0x15D, 0x15D0D, 0x15E, 0x15E0B, 0x15F, 0x15F0D,
  0x160, 0x1600B, 0x161, 0x1610D, 0x162, 0x1620B, 0x163, 0x1630D,
  0x164, 0x1640B, 0x165, 0x1650D, 0x166, 0x1660B, 0x167, 0x1670D,
  0x168, 0x1680B, 0x169, 0x1690D, 0x16A, 0x16A0B, 0x16B, 0x16B0D,
  0x16C, 0x16C0B, 0x16D, 0x16D0D, 0x16E, 0x16E0B, 0x16F, 0x16F0D,
  0x170, 0x1700B, 0x171, 0x1710D, 0x172, 0x1720B, 0x173, 0x1730D,
  0x174, 0x1740B, 0x175, 0x1750D, 0x176, 0x1760B, 0x177, 0x1770D,
  0x178, 0x1790B, 0x17A, 0x17A0D, 0x17B, 0x17B0B, 0x17C, 0x17C0D,
  0x17D, 0x17D0B, 0x17E, 0x1800D, 0x181, 0x1820B, 0x183, 0x1830D,
  0x184, 0x1840B, 0x185, 0x1850D, 0x186, 0x1870B, 0x188, 0x1880D,
  0x189, 0x18B0B, 0x18C, 0x18D0D, 0x18E, 0x1910B, 0x192, 0x1920D,
  0x193, 0x1940B, 0x195, 0x1950D, 0x196, 0x1980B, 0x199, 0x19B0D,
  0x19C, 0x19D0B, 0x19E, 0x19E0D, 0x19F, 0x1A00B, 0x1A1, 0x1A10D,
  0x1A2, 0x1A20B, 0x1A3, 0x1A30D, 0x1A4, 0x1A40B, 0x1A5, 0x1A50D,
  0x1A6, 0x1A70B, 0x1A8, 0x1A80D, 0x1A9, 0x1A90B, 0x1AA, 0x1AB0D,
  0x1AC, 0x1AC0B, 0x1AD, 0x1AD0D, 0x1AE, 0x1AF0B, 0x1B0, 0x1B00D,
  0x1B1, 0x1B30B, 0x1B4, 0x1B40D, 0x1B5, 0x1B50B, 0x1B6, 0x1B60D,
  0x1B7, 0x1B80B, 0x1B9, 0x1BA0D, 0x1BB, 0x1BB01, 0x1BC, 0x1BC0B,
  0x1BD, 0x1BF0D, 0x1C0, 0x1C301, 0x1C4, 0x1C40B, 0x1C5, 0x1C509,
  0x1C6, 0x1C60D, 0x1C7, 0x1C70B, 0x1C8, 0x1C809, 0x1C9, 0x1C90D,
  0x1CA, 0x1CA0B, 0x1CB, 0x1CB09, 0x1CC, 0x1CC0D, 0x1CD, 0x1CD0B,
  0x1CE, 0x1CE0D, 0x1CF, 0x1CF0B, 0x1D0, 0x1D00D, 0x1D1, 0x1D10B,
  0x1D2, 0x1D20D, 0x1D3, 0x1D30B, 0x1D4, 0x1D40D, 0x1D5, 0x1D50B,
  0x1D6, 0x1D60D, 0x1D7, 0x1D70B, 0x1D8, 0x1D80D, 0x1D9, 0x1D90B,
  0x1DA, 0x1DA0D, 0x1DB, 0x1DB0B, 0x1DC, 0x1DD0D, 0x1DE, 0x1DE0B,
  0x1DF, 0x1DF0D, 0x1E0, 0x1E00B, 0x1E1, 0x1E10D, 0x1E2, 0x1E20B,
  0x1E3, 0x1E30D, 0x1E4, 0x1E40B, 0x1E5, 0x1E50D, 0x1E6, 0x1E60B,
  0x1E7, 0x1E70D, 0x1E8, 0x1E80B, 0x1E9, 0x1E90D, 0x1EA, 0x1EA0B,
  0x1EB, 0x1EB0D, 0x1EC, 0x1EC0B, 0x1ED, 0x1ED0D, 0x1EE, 0x1EE0B,
  0x1EF, 0x1F00D, 0x1F1, 0x1F10B, 0x1F2, 0x1F209, 0x1F3, 0x1F30D,
  0x1F4, 0x1F40B, 0x1F5, 0x1F50D, 0x1F6, 0x1F80B, 0x1F9, 0x1F90D,
  0x1FA, 0x1FA0B, 0x1FB, 0x1FB0D, 0x1FC, 0x1FC0B, 0x1FD, 0x1FD0D,
  0x1FE, 0x1FE0B, 0x1FF, 0x1FF0D, 0x200, 0x2000B, 0x201, 0x2010D,
  0x202, 0x2020B, 0x203, 0x2030D, 0x204, 0x2040B, 0x205, 0x2050D,
  0x206, 0x2060B, 0x207, 0x2070D, 0x208, 0x2080B, 0x209, 0x2090D,
  0x20A, 0x20A0B, 0x20B, 0x20B0D, 0x20C, 0x20C0B, 0x20D, 0x20D0D,
  0x20E, 0x20E0B, 0x20F, 0x20F0D, 0x210, 0x2100B, 0x211, 0x2110D,
  0x212, 0x2120B, 0x213, 0x2130D, 0x214, 0x2140B, 0x215, 0x2150D,
  0x216, 0x2160B, 0x217, 0x2170D, 0x218, 0x2180B, 0x219, 0x2190D,
  0x21A, 0x21A0B, 0x21B, 0x21B0D, 0x21C, 0x21C0B, 0x21D, 0x21D0D,
  0x21E, 0x21E0B, 0x21F, 0x21F0D, 0x220, 0x2200B, 0x221, 0x2210D,
  0x222, 0x2220B, 0x223, 0x2230D, 0x224, 0x2240B, 0x225, 0x2250D,
  0x226, 0x2260B, 0x227, 0x2270D, 0x228, 0x2280B, 0x229, 0x2290D,
  0x22A, 0x22A0B, 0x22B, 0x22B0D, 0x22C, 0x22C0B, 0x22D, 0x22D0D,
  0x22E, 0x22E0B, 0x22F, 0x22F0D, 0x230, 0x2300B, 0x231, 0x2310D,
  0x232, 0x2320B, 0x233, 0x2390D, 0x23A, 0x23B0B, 0x23C, 0x23C0D,
  0x23D, 0x23E0B, 0x23F, 0x2400D, 0x241, 0x2410B, 0x242, 0x2420D,
  0x243, 0x2460B, 0x247, 0x2470D, 0x248, 0x2480B, 0x249, 0x2490D,
  0x24A, 0x24A0B, 0x24B, 0x24B0D, 0x24C, 0x24C0B, 0x24D, 0x24D0D,
  0x24E, 0x24E0B, 0x24F, 0x2930D, 0x294, 0x29501, 0x296, 0x2B80D,
  0x2B9, 0x2BF01, 0x2C0, 0x2C10D, 0x2C6, 0x2D101, 0x2E0, 0x2E40D,
  0x2EC, 0x2EC01, 0x2EE, 0x2EE01, 0x345, 0x3450D, 0x363, 0x36F01,
  0x370, 0x3700B, 0x371, 0x3710D, 0x372, 0x3720B, 0x373, 0x3730D,
  0x374, 0x37401, 0x376, 0x3760B, 0x377, 0x3770D, 0x37A, 0x37D0D,
  0x37F, 0x37F0B, 0x386, 0x3860B, 0x388, 0x38A0B, 0x38C, 0x38C0B,
  0x38E, 0x38F0B, 0x390, 0x3900D, 0x391, 0x3A10B, 0x3A3, 0x3AB0B,
  0x3AC, 0x3CE0D, 0x3CF, 0x3CF0B, 0x3D0, 0x3D12D, 0x3D2, 0x3D22B,
  0x3D3, 0x3D40B, 0x3D5, 0x3D52D, 0x3D6, 0x3D70D, 0x3D8, 0x3D80B,
  0x3D9, 0x3D90D, 0x3DA, 0x3DA0B, 0x3DB, 0x3DB0D, 0x3DC, 0x3DC0B,
  0x3DD, 0x3DD0D, 0x3DE, 0x3DE0B, 0x3DF, 0x3DF0D, 0x3E0, 0x3E00B,
  0x3E1, 0x3E10D, 0x3E2, 0x3E20B, 0x3E3, 0x3E30D, 0x3E4, 0x3E40B,
  0x3E5, 0x3E50D, 0x3E6, 0x3E60B, 0x3E7, 0x3E70D, 0x3E8, 0x3E80B,
  0x3E9, 0x3E90D, 0x3EA, 0x3EA0B, 0x3EB, 0x3EB0D, 0x3EC, 0x3EC0B,
  0x3ED, 0x3ED0D, 0x3EE, 0x3EE0B, 0x3EF, 0x3EF0D, 0x3F0, 0x3F12D,
  0x3F2, 0x3F30D, 0x3F4, 0x3F42B, 0x3F5, 0x3F52D, 0x3F6, 0x3F620,
  0x3F7, 0x3F70B, 0x3F8, 0x3F80D, 0x3F9, 0x3FA0B, 0x3FB, 0x3FC0D,
  0x3FD, 0x42F0B, 0x430, 0x45F0D, 0x460, 0x4600B, 0x461, 0x4610D,
  0x462, 0x4620B, 0x463, 0x4630D, 0x464, 0x4640B, 0x465, 0x4650D,
  0x466, 0x4660B, 0x467, 0x4670D, 0x468, 0x4680B, 0x469, 0x4690D,
  0x46A, 0x46A0B, 0x46B, 0x46B0D, 0x46C, 0x46C0B, 0x46D, 0x46D0D,
  0x46E, 0x46E0B, 0x46F, 0x46F0D, 0x470, 0x4700B, 0x471, 0x4710D,
  0x472, 0x4720B, 0x473, 0x4730D, 0x474, 0x4740B, 0x475, 0x4750D,
  0x476, 0x4760B, 0x477, 0x4770D, 0x478, 0x4780B, 0x479, 0x4790D,
  0x47A, 0x47A0B, 0x47B, 0x47B0D, 0x47C, 0x47C0B, 0x47D, 0x47D0D,
  0x47E, 0x47E0B, 0x47F, 0x47F0D, 0x480, 0x4800B, 0x481, 0x4810D,
  0x48A, 0x48A0B, 0x48B, 0x48B0D, 0x48C, 0x48C0B, 0x48D, 0x48D0D,
  0x48E, 0x48E0B, 0x48F, 0x48F0D, 0x490, 0x4900B, 0x491, 0x4910D,
  0x492, 0x4920B, 0x493, 0x4930D, 0x494, 0x4940B, 0x495, 0x4950D,
  0x496, 0x4960B, 0x497, 0x4970D, 0x498, 0x4980B, 0x499, 0x4990D,
  0x49A, 0x49A0B, 0x49B, 0x49B0D, 0x49C, 0x49C0B, 0x49D, 0x49D0D,
  0x49E, 0x49E0B, 0x49F, 0x49F0D, 0x4A0, 0x4A00B, 0x4A1, 0x4A10D,
  0x4A2, 0x4A20B, 0x4A3, 0x4A30D, 0x4A4, 0x4A40B, 0x4A5, 0x4A50D,
  0x4A6, 0x4A60B, 0x4A7, 0x4A70D, 0x4A8, 0x4A80B, 0x4A9, 0x4A90D,
  0x4AA, 0x4AA0B, 0x4AB, 0x4AB0D, 0x4AC, 0x4AC0B, 0x4AD, 0x4AD0D,
  0x4AE, 0x4AE0B, 0x4AF, 0x4AF0D, 0x4B0, 0x4B00B, 0x4B1, 0x4B10D,
  0x4B2, 0x4B20B, 0x4B3, 0x4B30D, 0x4B4, 0x4B40B, 0x4B5, 0x4B50D,
  0x4B6, 0x4B60B, 0x4B7, 0x4B70D, 0x4B8, 0x4B80B, 0x4B9, 0x4B90D,
  0x4BA, 0x4BA0B, 0x4BB, 0x4BB0D, 0x4BC, 0x4BC0B, 0x4BD, 0x4BD0D,
  0x4BE, 0x4BE0B, 0x4BF, 0x4BF0D, 0x4C0, 0x4C10B, 0x4C2, 0x4C20D,
  0x4C3, 0x4C30B, 0x4C4, 0x4C40D, 0x4C5, 0x4C50B, 0x4C6, 0x4C60D,
  0x4C7, 0x4C70B, 0x4C8, 0x4C80D, 0x4C9, 0x4C90B, 0x4CA, 0x4CA0D,
  0x4CB, 0x4CB0B, 0x4CC, 0x4CC0D, 0x4CD, 0x4CD0B, 0x4CE, 0x4CF0D,
  0x4D0, 0x4D00B, 0x4D1, 0x4D10D, 0x4D2, 0x4D20B, 0x4D3, 0x4D30D,
  0x4D4, 0x4D40B, 0x4D5, 0x4D50D, 0x4D6, 0x4D60B, 0x4D7, 0x4D70D,
  0x4D8, 0x4D80B, 0x4D9, 0x4D90D, 0x4DA, 0x4DA0B, 0x4DB, 0x4DB0D,
  0x4DC, 0x4DC0B, 0x4DD, 0x4DD0D, 0x4DE, 0x4DE0B, 0x4DF, 0x4DF0D,
  0x4E0, 0x4E00B, 0x4E1, 0x4E10D, 0x4E2, 0x4E20B, 0x4E3, 0x4E30D,
  0x4E4, 0x4E40B, 0x4E5, 0x4E50D, 0x4E6, 0x4E60B, 0x4E7, 0x4E70D,
  0x4E8, 0x4E80B, 0x4E9, 0x4E90D, 0x4EA, 0x4EA0B, 0x4EB, 0x4EB0D,
  0x4EC, 0x4EC0B, 0x4ED, 0x4ED0D, 0x4EE, 0x4EE0B, 0x4EF, 0x4EF0D,
  0x4F0, 0x4F00B, 0x4F1, 0x4F10D, 0x4F2, 0x4F20B, 0x4F3, 0x4F30D,
  0x4F4, 0x4F40B, 0x4F5, 0x4F50D, 0x4F6, 0x4F60B, 0x4F7, 0x4F70D,
  0x4F8, 0x4F80B, 0x4F9, 0x4F90D, 0x4FA, 0x4FA0B, 0x4FB, 0x4FB0D,
  0x4FC, 0x4FC0B, 0x4FD, 0x4FD0D, 0x4FE, 0x4FE0B, 0x4FF, 0x4FF0D,
  0x500, 0x5000B, 0x501, 0x5010D, 0x502, 0x5020B, 0x503, 0x5030D,
  0x504, 0x5040B, 0x505, 0x5050D, 0x506, 0x5060B, 0x507, 0x5070D,
  0x508, 0x5080B, 0x509, 0x5090D, 0x50A, 0x50A0B, 0x50B, 0x50B0D,
  0x50C, 0x50C0B, 0x50D, 0x50D0D, 0x50E, 0x50E0B, 0x50F, 0x50F0D,
  0x510, 0x5100B, 0x511, 0x5110D, 0x512, 0x5120B, 0x513, 0x5130D,
  0x514, 0x5140B, 0x515, 0x5150D, 0x516, 0x5160B, 0x517, 0x5170D,
  0x518, 0x5180B, 0x519, 0x5190D, 0x51A, 0x51A0B, 0x51B, 0x51B0D,
  0x51C, 0x51C0B, 0x51D, 0x51D0D, 0x51E, 0x51E0B, 0x51F, 0x51F0D,
  0x520, 0x5200B, 0x521, 0x5210D, 0x522, 0x5220B, 0x523, 0x5230D,
  0x524, 0x5240B, 0x525, 0x5250D, 0x526, 0x5260B, 0x527, 0x5270D,
  0x528, 0x5280B, 0x529, 0x5290D, 0x52A, 0x52A0B, 0x52B, 0x52B0D,
  0x52C, 0x52C0B, 0x52D, 0x52D0D, 0x52E, 0x52E0B, 0x52F, 0x52F0D,
  0x531, 0x5560B, 0x559, 0x55901, 0x560, 0x5880D, 0x5B0, 0x5BD01,
  0x5BF, 0x5BF01, 0x5C1, 0x5C201, 0x5C4, 0x5C501, 0x5C7, 0x5C701,
  0x5D0, 0x5EA01, 0x5EF, 0x5F201, 0x606, 0x60820, 0x610, 0x61A01,
  0x620, 0x65701, 0x659, 0x65F01, 0x66E, 0x6D301, 0x6D5, 0x6DC01,
  0x6E1, 0x6E801, 0x6ED, 0x6EF01, 0x6FA, 0x6FC01, 0x6FF, 0x6FF01,
  0x710, 0x73F01, 0x74D, 0x7B101, 0x7CA, 0x7EA01, 0x7F4, 0x7F501,
  0x7FA, 0x7FA01, 0x800, 0x81701, 0x81A, 0x82C01, 0x840, 0x85801,
  0x860, 0x86A01, 0x870, 0x88701, 0x889, 0x88F01, 0x897, 0x89701,
  0x8A0, 0x8C901, 0x8D4, 0x8DF01, 0x8E3, 0x8E901, 0x8F0, 0x93B01,
  0x93D, 0x94C01, 0x94E, 0x95001, 0x955, 0x96301, 0x971, 0x98301,
  0x985, 0x98C01, 0x98F, 0x99001, 0x993, 0x9A801, 0x9AA, 0x9B001,
  0x9B2, 0x9B201, 0x9B6, 0x9B901, 0x9BD, 0x9C401, 0x9C7, 0x9C801,
  0x9CB, 0x9CC01, 0x9CE, 0x9CE01, 0x9D7, 0x9D701, 0x9DC, 0x9DD01,
  0x9DF, 0x9E301, 0x9F0, 0x9F101, 0x9FC, 0x9FC01, 0xA01, 0xA0301,
  0xA05, 0xA0A01, 0xA0F, 0xA1001, 0xA13, 0xA2801, 0xA2A, 0xA3001,
  0xA32, 0xA3301, 0xA35, 0xA3601, 0xA38, 0xA3901, 0xA3E, 0xA4201,
  0xA47, 0xA4801, 0xA4B, 0xA4C01, 0xA51, 0xA5101, 0xA59, 0xA5C01,
  0xA5E, 0xA5E01, 0xA70, 0xA7501, 0xA81, 0xA8301, 0xA85, 0xA8D01,
  0xA8F, 0xA9101, 0xA93, 0xAA801, 0xAAA, 0xAB001, 0xAB2, 0xAB301,
  0xAB5, 0xAB901, 0xABD, 0xAC501, 0xAC7, 0xAC901, 0xACB, 0xACC01,
  0xAD0, 0xAD001, 0xAE0, 0xAE301, 0xAF9, 0xAFC01, 0xB01, 0xB0301,
  0xB05, 0xB0C01, 0xB0F, 0xB1001, 0xB13, 0xB2801, 0xB2A, 0xB3001,
  0xB32, 0xB3301, 0xB35, 0xB3901, 0xB3D, 0xB4401, 0xB47, 0xB4801,
  0xB4B, 0xB4C01, 0xB56, 0xB5701, 0xB5C, 0xB5D01, 0xB5F, 0xB6301,
  0xB71, 0xB7101, 0xB82, 0xB8301, 0xB85, 0xB8A01, 0xB8E, 0xB9001,
  0xB92, 0xB9501, 0xB99, 0xB9A01, 0xB9C, 0xB9C01, 0xB9E, 0xB9F01,
  0xBA3, 0xBA401, 0xBA8, 0xBAA01, 0xBAE, 0xBB901, 0xBBE, 0xBC201,
  0xBC6, 0xBC801, 0xBCA, 0xBCC01, 0xBD0, 0xBD001, 0xBD7, 0xBD701,
  0xC00, 0xC0C01, 0xC0E, 0xC1001, 0xC12, 0xC2801, 0xC2A, 0xC3901,
  0xC3D, 0xC4401, 0xC46, 0xC4801, 0xC4A, 0xC4C01, 0xC55, 0xC5601,
  0xC58, 0xC5A01, 0xC5C, 0xC5D01, 0xC60, 0xC6301, 0xC80, 0xC8301,
  0xC85, 0xC8C01, 0xC8E, 0xC9001, 0xC92, 0xCA801, 0xCAA, 0xCB301,
  0xCB5, 0xCB901, 0xCBD, 0xCC401, 0xCC6, 0xCC801, 0xCCA, 0xCCC01,
  0xCD5, 0xCD601, 0xCDC, 0xCDE01, 0xCE0, 0xCE301, 0xCF1, 0xCF301,
  0xD00, 0xD0C01, 0xD0E, 0xD1001, 0xD12, 0xD3A01, 0xD3D, 0xD4401,
  0xD46, 0xD4801, 0xD4A, 0xD4C01, 0xD4E, 0xD4E01, 0xD54, 0xD5701,
  0xD5F, 0xD6301, 0xD7A, 0xD7F01, 0xD81, 0xD8301, 0xD85, 0xD9601,
  0xD9A, 0xDB101, 0xDB3, 0xDBB01, 0xDBD, 0xDBD01, 0xDC0, 0xDC601,
  0xDCF, 0xDD401, 0xDD6, 0xDD601, 0xDD8, 0xDDF01, 0xDF2, 0xDF301,
  0xE01, 0xE3A01, 0xE40, 0xE4601, 0xE4D, 0xE4D01, 0xE81, 0xE8201,
  0xE84, 0xE8401, 0xE86, 0xE8A01, 0xE8C, 0xEA301, 0xEA5, 0xEA501,
  0xEA7, 0xEB901, 0xEBB, 0xEBD01, 0xEC0, 0xEC401, 0xEC6, 0xEC601,
  0xECD, 0xECD01, 0xEDC, 0xEDF01, 0xF00, 0xF0001, 0xF40, 0xF4701,
  0xF49, 0xF6C01, 0xF71, 0xF8301, 0xF88, 0xF9701, 0xF99, 0xFBC01,
  0x1000, 0x103601, 0x1038, 0x103801, 0x103B, 0x103F01, 0x1050, 0x108F01,
  0x109A, 0x109D01, 0x10A0, 0x10C50B, 0x10C7, 0x10C70B, 0x10CD, 0x10CD0B,
  0x10D0, 0x10FA0D, 0x10FC, 0x10FF0D, 0x1100, 0x124801, 0x124A, 0x124D01,
  0x1250, 0x125601, 0x1258, 0x125801, 0x125A, 0x125D01, 0x1260, 0x128801,
  0x128A, 0x128D01, 0x1290, 0x12B001, 0x12B2, 0x12B501, 0x12B8, 0x12BE01,
  0x12C0, 0x12C001, 0x12C2, 0x12C501, 0x12C8, 0x12D601, 0x12D8, 0x131001,
  0x1312, 0x131501, 0x1318, 0x135A01, 0x1380, 0x138F01, 0x13A0, 0x13F50B,
  0x13F8, 0x13FD0D, 0x1401, 0x166C01, 0x166F, 0x167F01, 0x1680, 0x168010,
  0x1681, 0x169A01, 0x16A0, 0x16EA01, 0x16EE, 0x16F801, 0x1700, 0x171301,
  0x171F, 0x173301, 0x1740, 0x175301, 0x1760, 0x176C01, 0x176E, 0x177001,
  0x1772, 0x177301, 0x1780, 0x17B301, 0x17B6, 0x17C801, 0x17D7, 0x17D701,
  0x17DC, 0x17DC01, 0x1820, 0x187801, 0x1880, 0x18AA01, 0x18B0, 0x18F501,
  0x1900, 0x191E01, 0x1920, 0x192B01, 0x1930, 0x193801, 0x1950, 0x196D01,
  0x1970, 0x197401, 0x1980, 0x19AB01, 0x19B0, 0x19C901, 0x1A00, 0x1A1B01,
  0x1A20, 0x1A5E01, 0x1A61, 0x1A7401, 0x1AA7, 0x1AA701, 0x1ABF, 0x1AC001,
  0x1ACC, 0x1ACE01, 0x1B00, 0x1B3301, 0x1B35, 0x1B4301, 0x1B45, 0x1B4C01,
  0x1B80, 0x1BA901, 0x1BAC, 0x1BAF01, 0x1BBA, 0x1BE501, 0x1BE7, 0x1BF101,
  0x1C00, 0x1C3601, 0x1C4D, 0x1C4F01, 0x1C5A, 0x1C7D01, 0x1C80, 0x1C880D,
  0x1C89, 0x1C890B, 0x1C8A, 0x1C8A0D, 0x1C90, 0x1CBA0B, 0x1CBD, 0x1CBF0B,
  0x1CE9, 0x1CEC01, 0x1CEE, 0x1CF301, 0x1CF5, 0x1CF601, 0x1CFA, 0x1CFA01,
  0x1D00, 0x1DBF0D, 0x1DD3, 0x1DF401, 0x1E00, 0x1E000B, 0x1E01, 0x1E010D,
  0x1E02, 0x1E020B, 0x1E03, 0x1E030D, 0x1E04, 0x1E040B, 0x1E05, 0x1E050D,
  0x1E06, 0x1E060B, 0x1E07, 0x1E070D, 0x1E08, 0x1E080B, 0x1E09, 0x1E090D,
  0x1E0A, 0x1E0A0B, 0x1E0B, 0x1E0B0D, 0x1E0C, 0x1E0C0B, 0x1E0D, 0x1E0D0D,
  0x1E0E, 0x1E0E0B, 0x1E0F, 0x1E0F0D, 0x1E10, 0x1E100B, 0x1E11, 0x1E110D,
  0x1E12, 0x1E120B, 0x1E13, 0x1E130D, 0x1E14, 0x1E140B, 0x1E15, 0x1E150D,
  0x1E16, 0x1E160B, 0x1E17, 0x1E170D, 0x1E18, 0x1E180B, 0x1E19, 0x1E190D,
  0x1E1A, 0x1E1A0B, 0x1E1B, 0x1E1B0D, 0x1E1C, 0x1E1C0B, 0x1E1D, 0x1E1D0D,
  0x1E1E, 0x1E1E0B, 0x1E1F, 0x1E1F0D, 0x1E20, 0x1E200B, 0x1E21, 0x1E210D,
  0x1E22, 0x1E220B, 0x1E23, 0x1E230D, 0x1E24, 0x1E240B, 0x1E25, 0x1E250D,
  0x1E26, 0x1E260B, 0x1E27, 0x1E270D, 0x1E28, 0x1E280B, 0x1E29, 0x1E290D,
  0x1E2A, 0x1E2A0B, 0x1E2B, 0x1E2B0D, 0x1E2C, 0x1E2C0B, 0x1E2D, 0x1E2D0D,
  0x1E2E, 0x1E2E0B, 0x1E2F, 0x1E2F0D, 0x1E30, 0x1E300B, 0x1E31, 0x1E310D,
  0x1E32, 0x1E320B, 0x1E33, 0x1E330D, 0x1E34, 0x1E340B, 0x1E35, 0x1E350D,
  0x1E36, 0x1E360B, 0x1E37, 0x1E370D, 0x1E38, 0x1E380B, 0x1E39, 0x1E390D,
  0x1E3A, 0x1E3A0B, 0x1E3B, 0x1E3B0D, 0x1E3C, 0x1E3C0B, 0x1E3D, 0x1E3D0D,
  0x1E3E, 0x1E3E0B, 0x1E3F, 0x1E3F0D, 0x1E40, 0x1E400B, 0x1E41, 0x1E410D,
  0x1E42, 0x1E420B, 0x1E43, 0x1E430D, 0x1E44, 0x1E440B, 0x1E45, 0x1E450D,
  0x1E46, 0x1E460B, 0x1E47, 0x1E470D, 0x1E48, 0x1E480B, 0x1E49, 0x1E490D,
  0x1E4A, 0x1E4A0B, 0x1E4B, 0x1E4B0D, 0x1E4C, 0x1E4C0B, 0x1E4D, 0x1E4D0D,
  0x1E4E, 0x1E4E0B, 0x1E4F, 0x1E4F0D, 0x1E50, 0x1E500B, 0x1E51, 0x1E510D,
  0x1E52, 0x1E520B, 0x1E53, 0x1E530D, 0x1E54, 0x1E540B, 0x1E55, 0x1E550D,
  0x1E56, 0x1E560B, 0x1E57, 0x1E570D, 0x1E58, 0x1E580B, 0x1E59, 0x1E590D,
  0x1E5A, 0x1E5A0B, 0x1E5B, 0x1E5B0D, 0x1E5C, 0x1E5C0B, 0x1E5D, 0x1E5D0D,
  0x1E5E, 0x1E5E0B, 0x1E5F, 0x1E5F0D, 0x1E60, 0x1E600B, 0x1E61, 0x1E610D,
  0x1E62, 0x1E620B, 0x1E63, 0x1E630D, 0x1E64, 0x1E640B, 0x1E65, 0x1E650D,
  0x1E66, 0x1E660B, 0x1E67, 0x1E670D, 0x1E68, 0x1E680B, 0x1E69, 0x1E690D,
  0x1E6A, 0x1E6A0B, 0x1E6B, 0x1E6B0D, 0x1E6C, 0x1E6C0B, 0x1E6D, 0x1E6D0D,
  0x1E6E, 0x1E6E0B, 0x1E6F, 0x1E6F0D, 0x1E70, 0x1E700B, 0x1E71, 0x1E710D,
  0x1E72, 0x1E720B, 0x1E73, 0x1E730D, 0x1E74, 0x1E740B, 0x1E75, 0x1E750D,
  0x1E76, 0x1E760B, 0x1E77, 0x1E770D, 0x1E78, 0x1E780B, 0x1E79, 0x1E790D,
  0x1E7A, 0x1E7A0B, 0x1E7B, 0x1E7B0D, 0x1E7C, 0x1E7C0B, 0x1E7D, 0x1E7D0D,
  0x1E7E, 0x1E7E0B, 0x1E7F, 0x1E7F0D, 0x1E80, 0x1E800B, 0x1E81, 0x1E810D,
  0x1E82, 0x1E820B, 0x1E83, 0x1E830D, 0x1E84, 0x1E840B, 0x1E85, 0x1E850D,
  0x1E86, 0x1E860B, 0x1E87, 0x1E870D, 0x1E88, 0x1E880B, 0x1E89, 0x1E890D,
  0x1E8A, 0x1E8A0B, 0x1E8B, 0x1E8B0D, 0x1E8C, 0x1E8C0B, 0x1E8D, 0x1E8D0D,
  0x1E8E, 0x1E8E0B, 0x1E8F, 0x1E8F0D, 0x1E90, 0x1E900B, 0x1E91, 0x1E910D,
  0x1E92, 0x1E920B, 0x1E93, 0x1E930D, 0x1E94, 0x1E940B, 0x1E95, 0x1E9D0D,
  0x1E9E, 0x1E9E0B, 0x1E9F, 0x1E9F0D, 0x1EA0, 0x1EA00B, 0x1EA1, 0x1EA10D,
  0x1EA2, 0x1EA20B, 0x1EA3, 0x1EA30D, 0x1EA4, 0x1EA40B, 0x1EA5, 0x1EA50D,
  0x1EA6, 0x1EA60B, 0x1EA7, 0x1EA70D, 0x1EA8, 0x1EA80B, 0x1EA9, 0x1EA90D,
  0x1EAA, 0x1EAA0B, 0x1EAB, 0x1EAB0D, 0x1EAC, 0x1EAC0B, 0x1EAD, 0x1EAD0D,
  0x1EAE, 0x1EAE0B, 0x1EAF, 0x1EAF0D, 0x1EB0, 0x1EB00B, 0x1EB1, 0x1EB10D,
  0x1EB2, 0x1EB20B, 0x1EB3, 0x1EB30D, 0x1EB4, 0x1EB40B, 0x1EB5, 0x1EB50D,
  0x1EB6, 0x1EB60B, 0x1EB7, 0x1EB70D, 0x1EB8, 0x1EB80B, 0x1EB9, 0x1EB90D,
  0x1EBA, 0x1EBA0B, 0x1EBB, 0x1EBB0D, 0x1EBC, 0x1EBC0B, 0x1EBD, 0x1EBD0D,
  0x1EBE, 0x1EBE0B, 0x1EBF, 0x1EBF0D, 0x1EC0, 0x1EC00B, 0x1EC1, 0x1EC10D,
  0x1EC2, 0x1EC20B, 0x1EC3, 0x1EC30D, 0x1EC4, 0x1EC40B, 0x1EC5, 0x1EC50D,
  0x1EC6, 0x1EC60B, 0x1EC7, 0x1EC70D, 0x1EC8, 0x1EC80B, 0x1EC9, 0x1EC90D,
  0x1ECA, 0x1ECA0B, 0x1ECB, 0x1ECB0D, 0x1ECC, 0x1ECC0B, 0x1ECD, 0x1ECD0D,
  0x1ECE, 0x1ECE0B, 0x1ECF, 0x1ECF0D, 0x1ED0, 0x1ED00B, 0x1ED1, 0x1ED10D,
  0x1ED2, 0x1ED20B, 0x1ED3, 0x1ED30D, 0x1ED4, 0x1ED40B, 0x1ED5, 0x1ED50D,
  0x1ED6, 0x1ED60B, 0x1ED7, 0x1ED70D, 0x1ED8, 0x1ED80B, 0x1ED9, 0x1ED90D,
  0x1EDA, 0x1EDA0B, 0x1EDB, 0x1EDB0D, 0x1EDC, 0x1EDC0B, 0x1EDD, 0x1EDD0D,
  0x1EDE, 0x1EDE0B, 0x1EDF, 0x1EDF0D, 0x1EE0, 0x1EE00B, 0x1EE1, 0x1EE10D,
  0x1EE2, 0x1EE20B, 0x1EE3, 0x1EE30D, 0x1EE4, 0x1EE40B, 0x1EE5, 0x1EE50D,
  0x1EE6, 0x1EE60B, 0x1EE7, 0x1EE70D, 0x1EE8, 0x1EE80B, 0x1EE9, 0x1EE90D,
  0x1EEA, 0x1EEA0B, 0x1EEB, 0x1EEB0D, 0x1EEC, 0x1EEC0B, 0x1EED, 0x1EED0D,
  0x1EEE, 0x1EEE0B, 0x1EEF, 0x1EEF0D, 0x1EF0, 0x1EF00B, 0x1EF1, 0x1EF10D,
  0x1EF2, 0x1EF20B, 0x1EF3, 0x1EF30D, 0x1EF4, 0x1EF40B, 0x1EF5, 0x1EF50D,
  0x1EF6, 0x1EF60B, 0x1EF7, 0x1EF70D, 0x1EF8, 0x1EF80B, 0x1EF9, 0x1EF90D,
  0x1EFA, 0x1EFA0B, 0x1EFB, 0x1EFB0D, 0x1EFC, 0x1EFC0B, 0x1EFD, 0x1EFD0D,
  0x1EFE, 0x1EFE0B, 0x1EFF, 0x1F070D, 0x1F08, 0x1F0F0B, 0x1F10, 0x1F150D,
  0x1F18, 0x1F1D0B, 0x1F20, 0x1F270D, 0x1F28, 0x1F2F0B, 0x1F30, 0x1F370D,
  0x1F38, 0x1F3F0B, 0x1F40, 0x1F450D, 0x1F48, 0x1F4D0B, 0x1F50, 0x1F570D,
  0x1F59, 0x1F590B, 0x1F5B, 0x1F5B0B, 0x1F5D, 0x1F5D0B, 0x1F5F, 0x1F5F0B,
  0x1F60, 0x1F670D, 0x1F68, 0x1F6F0B, 0x1F70, 0x1F7D0D, 0x1F80, 0x1F870D,
  0x1F88, 0x1F8F09, 0x1F90, 0x1F970D, 0x1F98, 0x1F9F09, 0x1FA0, 0x1FA70D,
  0x1FA8, 0x1FAF09, 0x1FB0, 0x1FB40D, 0x1FB6, 0x1FB70D, 0x1FB8, 0x1FBB0B,
  0x1FBC, 0x1FBC09, 0x1FBE, 0x1FBE0D, 0x1FC2, 0x1FC40D, 0x1FC6, 0x1FC70D,
  0x1FC8, 0x1FCB0B, 0x1FCC, 0x1FCC09, 0x1FD0, 0x1FD30D, 0x1FD6, 0x1FD70D,
  0x1FD8, 0x1FDB0B, 0x1FE0, 0x1FE70D, 0x1FE8, 0x1FEC0B, 0x1FF2, 0x1FF40D,
  0x1FF6, 0x1FF70D, 0x1FF8, 0x1FFB0B, 0x1FFC, 0x1FFC09, 0x2000, 0x200A10,
  0x2016, 0x201620, 0x2028, 0x202910, 0x202F, 0x202F10, 0x2032, 0x203420,
  0x2040, 0x204020, 0x2044, 0x204420, 0x2052, 0x205220, 0x205F, 0x205F10,
  0x2061, 0x206420, 0x2071, 0x20710D, 0x207A, 0x207E20, 0x207F, 0x207F0D,
  0x208A, 0x208E20, 0x2090, 0x209C0D, 0x20D0, 0x20DC20, 0x20E1, 0x20E120,
  0x20E5, 0x20E620, 0x20EB, 0x20EF20, 0x2102, 0x21022B, 0x2107, 0x21072B,
  0x210A, 0x210A2D, 0x210B, 0x210D2B, 0x210E, 0x210F2D, 0x2110, 0x21122B,
  0x2113, 0x21132D, 0x2115, 0x21152B, 0x2118, 0x211820, 0x2119, 0x211D2B,
  0x2124, 0x21242B, 0x2126, 0x21260B, 0x2128, 0x21282B, 0x2129, 0x212920,
  0x212A, 0x212B0B, 0x212C, 0x212D2B, 0x212F, 0x212F2D, 0x2130, 0x21312B,
  0x2132, 0x21320B, 0x2133, 0x21332B, 0x2134, 0x21342D, 0x2135, 0x213821,
  0x2139, 0x21390D, 0x213C, 0x213D2D, 0x213E, 0x213F2B, 0x2140, 0x214420,
  0x2145, 0x21452B, 0x2146, 0x21492D, 0x214B, 0x214B20, 0x214E, 0x214E0D,
  0x2160, 0x216F0B, 0x2170, 0x217F0D, 0x2180, 0x218201, 0x2183, 0x21830B,
  0x2184, 0x21840D, 0x2185, 0x218801, 0x2190, 0x21A720, 0x21A9, 0x21AE20,
  0x21B0, 0x21B120, 0x21B6, 0x21B720, 0x21BC, 0x21DB20, 0x21DD, 0x21DD20,
  0x21E4, 0x21E520, 0x21F4, 0x22FF20, 0x2308, 0x230B20, 0x2320, 0x232120,
  0x237C, 0x237C20, 0x239B, 0x23B520, 0x23B7, 0x23B720, 0x23D0, 0x23D020,
  0x23DC, 0x23E220, 0x24B6, 0x24CF0B, 0x24D0, 0x24E90D, 0x25A0, 0x25A120,
  0x25AE, 0x25B720, 0x25BC, 0x25C120, 0x25C6, 0x25C720, 0x25CA, 0x25CB20,
  0x25CF, 0x25D320, 0x25E2, 0x25E220, 0x25E4, 0x25E420, 0x25E7, 0x25EC20,
  0x25F8, 0x25FF20, 0x2605, 0x260620, 0x2640, 0x264020, 0x2642, 0x264220,
  0x2660, 0x266320, 0x266D, 0x266F20, 0x27C0, 0x27FF20, 0x2900, 0x2AFF20,
  0x2B30, 0x2B4420, 0x2B47, 0x2B4C20, 0x2C00, 0x2C2F0B, 0x2C30, 0x2C5F0D,
  0x2C60, 0x2C600B, 0x2C61, 0x2C610D, 0x2C62, 0x2C640B, 0x2C65, 0x2C660D,
  0x2C67, 0x2C670B, 0x2C68, 0x2C680D, 0x2C69, 0x2C690B, 0x2C6A, 0x2C6A0D,
  0x2C6B, 0x2C6B0B, 0x2C6C, 0x2C6C0D, 0x2C6D, 0x2C700B, 0x2C71, 0x2C710D,
  0x2C72, 0x2C720B, 0x2C73, 0x2C740D, 0x2C75, 0x2C750B, 0x2C76, 0x2C7D0D,
  0x2C7E, 0x2C800B, 0x2C81, 0x2C810D, 0x2C82, 0x2C820B, 0x2C83, 0x2C830D,
  0x2C84, 0x2C840B, 0x2C85, 0x2C850D, 0x2C86, 0x2C860B, 0x2C87, 0x2C870D,
  0x2C88, 0x2C880B, 0x2C89, 0x2C890D, 0x2C8A, 0x2C8A0B, 0x2C8B, 0x2C8B0D,
  0x2C8C, 0x2C8C0B, 0x2C8D, 0x2C8D0D, 0x2C8E, 0x2C8E0B, 0x2C8F, 0x2C8F0D,
  0x2C90, 0x2C900B, 0x2C91, 0x2C910D, 0x2C92, 0x2C920B, 0x2C93, 0x2C930D,
  0x2C94, 0x2C940B, 0x2C95, 0x2C950D, 0x2C96, 0x2C960B, 0x2C97, 0x2C970D,
  0x2C98, 0x2C980B, 0x2C99, 0x2C990D, 0x2C9A, 0x2C9A0B, 0x2C9B, 0x2C9B0D,
  0x2C9C, 0x2C9C0B, 0x2C9D, 0x2C9D0D, 0x2C9E, 0x2C9E0B, 0x2C9F, 0x2C9F0D,
  0x2CA0, 0x2CA00B, 0x2CA1, 0x2CA10D, 0x2CA2, 0x2CA20B, 0x2CA3, 0x2CA30D,
  0x2CA4, 0x2CA40B, 0x2CA5, 0x2CA50D, 0x2CA6, 0x2CA60B, 0x2CA7, 0x2CA70D,
  0x2CA8, 0x2CA80B, 0x2CA9, 0x2CA90D, 0x2CAA, 0x2CAA0B, 0x2CAB, 0x2CAB0D,
  0x2CAC, 0x2CAC0B, 0x2CAD, 0x2CAD0D, 0x2CAE, 0x2CAE0B, 0x2CAF, 0x2CAF0D,
  0x2CB0, 0x2CB00B, 0x2CB1, 0x2CB10D, 0x2CB2, 0x2CB20B, 0x2CB3, 0x2CB30D,
  0x2CB4, 0x2CB40B, 0x2CB5, 0x2CB50D, 0x2CB6, 0x2CB60B, 0x2CB7, 0x2CB70D,
  0x2CB8, 0x2CB80B, 0x2CB9, 0x2CB90D, 0x2CBA, 0x2CBA0B, 0x2CBB, 0x2CBB0D,
  0x2CBC, 0x2CBC0B, 0x2CBD, 0x2CBD0D, 0x2CBE, 0x2CBE0B, 0x2CBF, 0x2CBF0D,
  0x2CC0, 0x2CC00B, 0x2CC1, 0x2CC10D, 0x2CC2, 0x2CC20B, 0x2CC3, 0x2CC30D,
  0x2CC4, 0x2CC40B, 0x2CC5, 0x2CC50D, 0x2CC6, 0x2CC60B, 0x2CC7, 0x2CC70D,
  0x2CC8, 0x2CC80B, 0x2CC9, 0x2CC90D, 0x2CCA, 0x2CCA0B, 0x2CCB, 0x2CCB0D,
  0x2CCC, 0x2CCC0B, 0x2CCD, 0x2CCD0D, 0x2CCE, 0x2CCE0B, 0x2CCF, 0x2CCF0D,
  0x2CD0, 0x2CD00B, 0x2CD1, 0x2CD10D, 0x2CD2, 0x2CD20B, 0x2CD3, 0x2CD30D,
  0x2CD4, 0x2CD40B, 0x2CD5, 0x2CD50D, 0x2CD6, 0x2CD60B, 0x2CD7, 0x2CD70D,
  0x2CD8, 0x2CD80B, 0x2CD9, 0x2CD90D, 0x2CDA, 0x2CDA0B, 0x2CDB, 0x2CDB0D,
  0x2CDC, 0x2CDC0B, 0x2CDD, 0x2CDD0D, 0x2CDE, 0x2CDE0B, 0x2CDF, 0x2CDF0D,
  0x2CE0, 0x2CE00B, 0x2CE1, 0x2CE10D, 0x2CE2, 0x2CE20B, 0x2CE3, 0x2CE40D,
  0x2CEB, 0x2CEB0B, 0x2CEC, 0x2CEC0D, 0x2CED, 0x2CED0B, 0x2CEE, 0x2CEE0D,
  0x2CF2, 0x2CF20B, 0x2CF3, 0x2CF30D, 0x2D00, 0x2D250D, 0x2D27, 0x2D270D,
  0x2D2D, 0x2D2D0D, 0x2D30, 0x2D6701, 0x2D6F, 0x2D6F01, 0x2D80, 0x2D9601,
  0x2DA0, 0x2DA601, 0x2DA8, 0x2DAE01, 0x2DB0, 0x2DB601, 0x2DB8, 0x2DBE01,
  0x2DC0, 0x2DC601, 0x2DC8, 0x2DCE01, 0x2DD0, 0x2DD601, 0x2DD8, 0x2DDE01,
  0x2DE0, 0x2DFF01, 0x2E2F, 0x2E2F01, 0x3000, 0x300010, 0x3005, 0x300701,
  0x3021, 0x302901, 0x3031, 0x303501, 0x3038, 0x303C01, 0x3041, 0x309601,
  0x309D, 0x309F01, 0x30A1, 0x30FA01, 0x30FC, 0x30FF01, 0x3105, 0x312F01,
  0x3131, 0x318E01, 0x31A0, 0x31BF01, 0x31F0, 0x31FF01, 0x3400, 0x4DBF01,
  0x4E00, 0xA48C01, 0xA4D0, 0xA4FD01, 0xA500, 0xA60C01, 0xA610, 0xA61F01,
  0xA62A, 0xA62B01, 0xA640, 0xA6400B, 0xA641, 0xA6410D, 0xA642, 0xA6420B,
  0xA643, 0xA6430D, 0xA644, 0xA6440B, 0xA645, 0xA6450D, 0xA646, 0xA6460B,
  0xA647, 0xA6470D, 0xA648, 0xA6480B, 0xA649, 0xA6490D, 0xA64A, 0xA64A0B,
  0xA64B, 0xA64B0D, 0xA64C, 0xA64C0B, 0xA64D, 0xA64D0D, 0xA64E, 0xA64E0B,
  0xA64F, 0xA64F0D, 0xA650, 0xA6500B, 0xA651, 0xA6510D, 0xA652, 0xA6520B,
  0xA653, 0xA6530D, 0xA654, 0xA6540B, 0xA655, 0xA6550D, 0xA656, 0xA6560B,
  0xA657, 0xA6570D, 0xA658, 0xA6580B, 0xA659, 0xA6590D, 0xA65A, 0xA65A0B,
  0xA65B, 0xA65B0D, 0xA65C, 0xA65C0B, 0xA65D, 0xA65D0D, 0xA65E, 0xA65E0B,
  0xA65F, 0xA65F0D, 0xA660, 0xA6600B, 0xA661, 0xA6610D, 0xA662, 0xA6620B,
  0xA663, 0xA6630D, 0xA664, 0xA6640B, 0xA665, 0xA6650D, 0xA666, 0xA6660B,
  0xA667, 0xA6670D, 0xA668, 0xA6680B, 0xA669, 0xA6690D, 0xA66A, 0xA66A0B,
  0xA66B, 0xA66B0D, 0xA66C, 0xA66C0B, 0xA66D, 0xA66D0D, 0xA66E, 0xA66E01,
  0xA674, 0xA67B01, 0xA67F, 0xA67F01, 0xA680, 0xA6800B, 0xA681, 0xA6810D,
  0xA682, 0xA6820B, 0xA683, 0xA6830D, 0xA684, 0xA6840B, 0xA685, 0xA6850D,
  0xA686, 0xA6860B, 0xA687, 0xA6870D, 0xA688, 0xA6880B, 0xA689, 0xA6890D,
  0xA68A, 0xA68A0B, 0xA68B, 0xA68B0D, 0xA68C, 0xA68C0B, 0xA68D, 0xA68D0D,
  0xA68E, 0xA68E0B, 0xA68F, 0xA68F0D, 0xA690, 0xA6900B, 0xA691, 0xA6910D,
  0xA692, 0xA6920B, 0xA693, 0xA6930D, 0xA694, 0xA6940B, 0xA695, 0xA6950D,
  0xA696, 0xA6960B, 0xA697, 0xA6970D, 0xA698, 0xA6980B, 0xA699, 0xA6990D,
  0xA69A, 0xA69A0B, 0xA69B, 0xA69D0D, 0xA69E, 0xA6EF01, 0xA717, 0xA71F01,
  0xA722, 0xA7220B, 0xA723, 0xA7230D, 0xA724, 0xA7240B, 0xA725, 0xA7250D,
  0xA726, 0xA7260B, 0xA727, 0xA7270D, 0xA728, 0xA7280B, 0xA729, 0xA7290D,
  0xA72A, 0xA72A0B, 0xA72B, 0xA72B0D, 0xA72C, 0xA72C0B, 0xA72D, 0xA72D0D,
  0xA72E, 0xA72E0B, 0xA72F, 0xA7310D, 0xA732, 0xA7320B, 0xA733, 0xA7330D,
  0xA734, 0xA7340B, 0xA735, 0xA7350D, 0xA736, 0xA7360B, 0xA737, 0xA7370D,
  0xA738, 0xA7380B, 0xA739, 0xA7390D, 0xA73A, 0xA73A0B, 0xA73B, 0xA73B0D,
  0xA73C, 0xA73C0B, 0xA73D, 0xA73D0D, 0xA73E, 0xA73E0B, 0xA73F, 0xA73F0D,
  0xA740, 0xA7400B, 0xA741, 0xA7410D, 0xA742, 0xA7420B, 0xA743, 0xA7430D,
  0xA744, 0xA7440B, 0xA745, 0xA7450D, 0xA746, 0xA7460B, 0xA747, 0xA7470D,
  0xA748, 0xA7480B, 0xA749, 0xA7490D, 0xA74A, 0xA74A0B, 0xA74B, 0xA74B0D,
  0xA74C, 0xA74C0B, 0xA74D, 0xA74D0D, 0xA74E, 0xA74E0B, 0xA74F, 0xA74F0D,
  0xA750, 0xA7500B, 0xA751, 0xA7510D, 0xA752, 0xA7520B, 0xA753, 0xA7530D,
  0xA754, 0xA7540B, 0xA755, 0xA7550D, 0xA756, 0xA7560B, 0xA757, 0xA7570D,
  0xA758, 0xA7580B, 0xA759, 0xA7590D, 0xA75A, 0xA75A0B, 0xA75B, 0xA75B0D,
  0xA75C, 0xA75C0B, 0xA75D, 0xA75D0D, 0xA75E, 0xA75E0B, 0xA75F, 0xA75F0D,
  0xA760, 0xA7600B, 0xA761, 0xA7610D, 0xA762, 0xA7620B, 0xA763, 0xA7630D,
  0xA764, 0xA7640B, 0xA765, 0xA7650D, 0xA766, 0xA7660B, 0xA767, 0xA7670D,
  0xA768, 0xA7680B, 0xA769, 0xA7690D, 0xA76A, 0xA76A0B, 0xA76B, 0xA76B0D,
  0xA76C, 0xA76C0B, 0xA76D, 0xA76D0D, 0xA76E, 0xA76E0B, 0xA76F, 0xA7780D,
  0xA779, 0xA7790B, 0xA77A, 0xA77A0D, 0xA77B, 0xA77B0B, 0xA77C, 0xA77C0D,
  0xA77D, 0xA77E0B, 0xA77F, 0xA77F0D, 0xA780, 0xA7800B, 0xA781, 0xA7810D,
  0xA782, 0xA7820B, 0xA783, 0xA7830D, 0xA784, 0xA7840B, 0xA785, 0xA7850D,
  0xA786, 0xA7860B, 0xA787, 0xA7870D, 0xA788, 0xA78801, 0xA78B, 0xA78B0B,
  0xA78C, 0xA78C0D, 0xA78D, 0xA78D0B, 0xA78E, 0xA78E0D, 0xA78F, 0xA78F01,
  0xA790, 0xA7900B, 0xA791, 0xA7910D, 0xA792, 0xA7920B, 0xA793, 0xA7950D,
  0xA796, 0xA7960B, 0xA797, 0xA7970D, 0xA798, 0xA7980B, 0xA799, 0xA7990D,
  0xA79A, 0xA79A0B, 0xA79B, 0xA79B0D, 0xA79C, 0xA79C0B, 0xA79D, 0xA79D0D,
  0xA79E, 0xA79E0B, 0xA79F, 0xA79F0D, 0xA7A0, 0xA7A00B, 0xA7A1, 0xA7A10D,
  0xA7A2, 0xA7A20B, 0xA7A3, 0xA7A30D, 0xA7A4, 0xA7A40B, 0xA7A5, 0xA7A50D,
  0xA7A6, 0xA7A60B, 0xA7A7, 0xA7A70D, 0xA7A8, 0xA7A80B, 0xA7A9, 0xA7A90D,
  0xA7AA, 0xA7AE0B, 0xA7AF, 0xA7AF0D, 0xA7B0, 0xA7B40B, 0xA7B5, 0xA7B50D,
  0xA7B6, 0xA7B60B, 0xA7B7, 0xA7B70D, 0xA7B8, 0xA7B80B, 0xA7B9, 0xA7B90D,
  0xA7BA, 0xA7BA0B, 0xA7BB, 0xA7BB0D, 0xA7BC, 0xA7BC0B, 0xA7BD, 0xA7BD0D,
  0xA7BE, 0xA7BE0B, 0xA7BF, 0xA7BF0D, 0xA7C0, 0xA7C00B, 0xA7C1, 0xA7C10D,
  0xA7C2, 0xA7C20B, 0xA7C3, 0xA7C30D, 0xA7C4, 0xA7C70B, 0xA7C8, 0xA7C80D,
  0xA7C9, 0xA7C90B, 0xA7CA, 0xA7CA0D, 0xA7CB, 0xA7CC0B, 0xA7CD, 0xA7CD0D,
  0xA7CE, 0xA7CE0B, 0xA7CF, 0xA7CF0D, 0xA7D0, 0xA7D00B, 0xA7D1, 0xA7D10D,
  0xA7D2, 0xA7D20B, 0xA7D3, 0xA7D30D, 0xA7D4, 0xA7D40B, 0xA7D5, 0xA7D50D,
  0xA7D6, 0xA7D60B, 0xA7D7, 0xA7D70D, 0xA7D8, 0xA7D80B, 0xA7D9, 0xA7D90D,
  0xA7DA, 0xA7DA0B, 0xA7DB, 0xA7DB0D, 0xA7DC, 0xA7DC0B, 0xA7F1, 0xA7F40D,
  0xA7F5, 0xA7F50B, 0xA7F6, 0xA7F60D, 0xA7F7, 0xA7F701, 0xA7F8, 0xA7FA0D,
  0xA7FB, 0xA80501, 0xA807, 0xA82701, 0xA840, 0xA87301, 0xA880, 0xA8C301,
  0xA8C5, 0xA8C501, 0xA8F2, 0xA8F701, 0xA8FB, 0xA8FB01, 0xA8FD, 0xA8FF01,
  0xA90A, 0xA92A01, 0xA930, 0xA95201, 0xA960, 0xA97C01, 0xA980, 0xA9B201,
  0xA9B4, 0xA9BF01, 0xA9CF, 0xA9CF01, 0xA9E0, 0xA9EF01, 0xA9FA, 0xA9FE01,
  0xAA00, 0xAA3601, 0xAA40, 0xAA4D01, 0xAA60, 0xAA7601, 0xAA7A, 0xAABE01,
  0xAAC0, 0xAAC001, 0xAAC2, 0xAAC201, 0xAADB, 0xAADD01, 0xAAE0, 0xAAEF01,
  0xAAF2, 0xAAF501, 0xAB01, 0xAB0601, 0xAB09, 0xAB0E01, 0xAB11, 0xAB1601,
  0xAB20, 0xAB2601, 0xAB28, 0xAB2E01, 0xAB30, 0xAB5A0D, 0xAB5C, 0xAB690D,
  0xAB70, 0xABBF0D, 0xABC0, 0xABEA01, 0xAC00, 0xD7A301, 0xD7B0, 0xD7C601,
  0xD7CB, 0xD7FB01, 0xF900, 0xFA6D01, 0xFA70, 0xFAD901, 0xFB00, 0xFB060D,
  0xFB13, 0xFB170D, 0xFB1D, 0xFB2801, 0xFB29, 0xFB2920, 0xFB2A, 0xFB3601,
  0xFB38, 0xFB3C01, 0xFB3E, 0xFB3E01, 0xFB40, 0xFB4101, 0xFB43, 0xFB4401,
  0xFB46, 0xFBB101, 0xFBD3, 0xFD3D01, 0xFD50, 0xFD8F01, 0xFD92, 0xFDC701,
  0xFDF0, 0xFDFB01, 0xFE61, 0xFE6620, 0xFE68, 0xFE6820, 0xFE70, 0xFE7401,
  0xFE76, 0xFEFC01, 0xFF0B, 0xFF0B20, 0xFF1C, 0xFF1E20, 0xFF21, 0xFF3A0B,
  0xFF3C, 0xFF3C20, 0xFF3E, 0xFF3E20, 0xFF41, 0xFF5A0D, 0xFF5C, 0xFF5C20,
  0xFF5E, 0xFF5E20, 0xFF66, 0xFFBE01, 0xFFC2, 0xFFC701, 0xFFCA, 0xFFCF01,
  0xFFD2, 0xFFD701, 0xFFDA, 0xFFDC01, 0xFFE2, 0xFFE220, 0xFFE9, 0xFFEC20,
  0x10000, 0x1000B01, 0x1000D, 0x1002601, 0x10028, 0x1003A01, 0x1003C, 0x1003D01,
  0x1003F, 0x1004D01, 0x10050, 0x1005D01, 0x10080, 0x100FA01, 0x10140, 0x1017401,
  0x10280, 0x1029C01, 0x102A0, 0x102D001, 0x10300, 0x1031F01, 0x1032D, 0x1034A01,
  0x10350, 0x1037A01, 0x10380, 0x1039D01, 0x103A0, 0x103C301, 0x103C8, 0x103CF01,
  0x103D1, 0x103D501, 0x10400, 0x104270B, 0x10428, 0x1044F0D, 0x10450, 0x1049D01,
  0x104B0, 0x104D30B, 0x104D8, 0x104FB0D, 0x10500, 0x1052701, 0x10530, 0x1056301,
  0x10570, 0x1057A0B, 0x1057C, 0x1058A0B, 0x1058C, 0x105920B, 0x10594, 0x105950B,
  0x10597, 0x105A10D, 0x105A3, 0x105B10D, 0x105B3, 0x105B90D, 0x105BB, 0x105BC0D,
  0x105C0, 0x105F301, 0x10600, 0x1073601, 0x10740, 0x1075501, 0x10760, 0x1076701,
  0x10780, 0x107800D, 0x10781, 0x1078201, 0x10783, 0x107850D, 0x10787, 0x107B00D,
  0x107B2, 0x107BA0D, 0x10800, 0x1080501, 0x10808, 0x1080801, 0x1080A, 0x1083501,
  0x10837, 0x1083801, 0x1083C, 0x1083C01, 0x1083F, 0x1085501, 0x10860, 0x1087601,
  0x10880, 0x1089E01, 0x108E0, 0x108F201, 0x108F4, 0x108F501, 0x10900, 0x1091501,
  0x10920, 0x1093901, 0x10940, 0x1095901, 0x10980, 0x109B701, 0x109BE, 0x109BF01,
  0x10A00, 0x10A0301, 0x10A05, 0x10A0601, 0x10A0C, 0x10A1301, 0x10A15, 0x10A1701,
  0x10A19, 0x10A3501, 0x10A60, 0x10A7C01, 0x10A80, 0x10A9C01, 0x10AC0, 0x10AC701,
  0x10AC9, 0x10AE401, 0x10B00, 0x10B3501, 0x10B40, 0x10B5501, 0x10B60, 0x10B7201,
  0x10B80, 0x10B9101, 0x10C00, 0x10C4801, 0x10C80, 0x10CB20B, 0x10CC0, 0x10CF20D,
  0x10D00, 0x10D2701, 0x10D4A, 0x10D4F01, 0x10D50, 0x10D650B, 0x10D69, 0x10D6901,
  0x10D6F, 0x10D6F01, 0x10D70, 0x10D850D, 0x10D8E, 0x10D8F20, 0x10E80, 0x10EA901,
  0x10EAB, 0x10EAC01, 0x10EB0, 0x10EB101, 0x10EC2, 0x10EC701, 0x10EFA, 0x10EFC01,
  0x10F00, 0x10F1C01, 0x10F27, 0x10F2701, 0x10F30, 0x10F4501, 0x10F70, 0x10F8101,
  0x10FB0, 0x10FC401, 0x10FE0, 0x10FF601, 0x11000, 0x1104501, 0x11071, 0x1107501,
  0x11080, 0x110B801, 0x110C2, 0x110C201, 0x110D0, 0x110E801, 0x11100, 0x1113201,
  0x11144, 0x1114701, 0x11150, 0x1117201, 0x11176, 0x1117601, 0x11180, 0x111BF01,
  0x111C1, 0x111C401, 0x111CE, 0x111CF01, 0x111DA, 0x111DA01, 0x111DC, 0x111DC01,
  0x11200, 0x1121101, 0x11213, 0x1123401, 0x11237, 0x1123701, 0x1123E, 0x1124101,
  0x11280, 0x1128601, 0x11288, 0x1128801, 0x1128A, 0x1128D01, 0x1128F, 0x1129D01,
  0x1129F, 0x112A801, 0x112B0, 0x112E801, 0x11300, 0x1130301, 0x11305, 0x1130C01,
  0x1130F, 0x1131001, 0x11313, 0x1132801, 0x1132A, 0x1133001, 0x11332, 0x1133301,
  0x11335, 0x1133901, 0x1133D, 0x1134401, 0x11347, 0x1134801, 0x1134B, 0x1134C01,
  0x11350, 0x1135001, 0x11357, 0x1135701, 0x1135D, 0x1136301, 0x11380, 0x1138901,
  0x1138B, 0x1138B01, 0x1138E, 0x1138E01, 0x11390, 0x113B501, 0x113B7, 0x113C001,
  0x113C2, 0x113C201, 0x113C5, 0x113C501, 0x113C7, 0x113CA01, 0x113CC, 0x113CD01,
  0x113D1, 0x113D101, 0x113D3, 0x113D301, 0x11400, 0x1144101, 0x11443, 0x1144501,
  0x11447, 0x1144A01, 0x1145F, 0x1146101, 0x11480, 0x114C101, 0x114C4, 0x114C501,
  0x114C7, 0x114C701, 0x11580, 0x115B501, 0x115B8, 0x115BE01, 0x115D8, 0x115DD01,
  0x11600, 0x1163E01, 0x11640, 0x1164001, 0x11644, 0x1164401, 0x11680, 0x116B501,
  0x116B8, 0x116B801, 0x11700, 0x1171A01, 0x1171D, 0x1172A01, 0x11740, 0x1174601,
  0x11800, 0x1183801, 0x118A0, 0x118BF0B, 0x118C0, 0x118DF0D, 0x118FF, 0x1190601,
  0x11909, 0x1190901, 0x1190C, 0x1191301, 0x11915, 0x1191601, 0x11918, 0x1193501,
  0x11937, 0x1193801, 0x1193B, 0x1193C01, 0x1193F, 0x1194201, 0x119A0, 0x119A701,
  0x119AA, 0x119D701, 0x119DA, 0x119DF01, 0x119E1, 0x119E101, 0x119E3, 0x119E401,
  0x11A00, 0x11A3201, 0x11A35, 0x11A3E01, 0x11A50, 0x11A9701, 0x11A9D, 0x11A9D01,
  0x11AB0, 0x11AF801, 0x11B60, 0x11B6701, 0x11BC0, 0x11BE001, 0x11C00, 0x11C0801,
  0x11C0A, 0x11C3601, 0x11C38, 0x11C3E01, 0x11C40, 0x11C4001, 0x11C72, 0x11C8F01,
  0x11C92, 0x11CA701, 0x11CA9, 0x11CB601, 0x11D00, 0x11D0601, 0x11D08, 0x11D0901,
  0x11D0B, 0x11D3601, 0x11D3A, 0x11D3A01, 0x11D3C, 0x11D3D01, 0x11D3F, 0x11D4101,
  0x11D43, 0x11D4301, 0x11D46, 0x11D4701, 0x11D60, 0x11D6501, 0x11D67, 0x11D6801,
  0x11D6A, 0x11D8E01, 0x11D90, 0x11D9101, 0x11D93, 0x11D9601, 0x11D98, 0x11D9801,
  0x11DB0, 0x11DDB01, 0x11EE0, 0x11EF601, 0x11F00, 0x11F1001, 0x11F12, 0x11F3A01,
  0x11F3E, 0x11F4001, 0x11FB0, 0x11FB001, 0x12000, 0x1239901, 0x12400, 0x1246E01,
  0x12480, 0x1254301, 0x12F90, 0x12FF001, 0x13000, 0x1342F01, 0x13441, 0x1344601,
  0x13460, 0x143FA01, 0x14400, 0x1464601, 0x16100, 0x1612E01, 0x16800, 0x16A3801,
  0x16A40, 0x16A5E01, 0x16A70, 0x16ABE01, 0x16AD0, 0x16AED01, 0x16B00, 0x16B2F01,
  0x16B40, 0x16B4301, 0x16B63, 0x16B7701, 0x16B7D, 0x16B8F01, 0x16D40, 0x16D6C01,
  0x16E40, 0x16E5F0B, 0x16E60, 0x16E7F0D, 0x16EA0, 0x16EB80B, 0x16EBB, 0x16ED30D,
  0x16F00, 0x16F4A01, 0x16F4F, 0x16F8701, 0x16F8F, 0x16F9F01, 0x16FE0, 0x16FE101,
  0x16FE3, 0x16FE301, 0x16FF0, 0x16FF601, 0x17000, 0x18CD501, 0x18CFF, 0x18D1E01,
  0x18D80, 0x18DF201, 0x1AFF0, 0x1AFF301, 0x1AFF5, 0x1AFFB01, 0x1AFFD, 0x1AFFE01,
  0x1B000, 0x1B12201, 0x1B132, 0x1B13201, 0x1B150, 0x1B15201, 0x1B155, 0x1B15501,
  0x1B164, 0x1B16701, 0x1B170, 0x1B2FB01, 0x1BC00, 0x1BC6A01, 0x1BC70, 0x1BC7C01,
  0x1BC80, 0x1BC8801, 0x1BC90, 0x1BC9901, 0x1BC9E, 0x1BC9E01, 0x1CEF0, 0x1CEF020,
  0x1D400, 0x1D4192B, 0x1D41A, 0x1D4332D, 0x1D434, 0x1D44D2B, 0x1D44E, 0x1D4542D,
  0x1D456, 0x1D4672D, 0x1D468, 0x1D4812B, 0x1D482, 0x1D49B2D, 0x1D49C, 0x1D49C2B,
  0x1D49E, 0x1D49F2B, 0x1D4A2, 0x1D4A22B, 0x1D4A5, 0x1D4A62B, 0x1D4A9, 0x1D4AC2B,
  0x1D4AE, 0x1D4B52B, 0x1D4B6, 0x1D4B92D, 0x1D4BB, 0x1D4BB2D, 0x1D4BD, 0x1D4C32D,
  0x1D4C5, 0x1D4CF2D, 0x1D4D0, 0x1D4E92B, 0x1D4EA, 0x1D5032D, 0x1D504, 0x1D5052B,
  0x1D507, 0x1D50A2B, 0x1D50D, 0x1D5142B, 0x1D516, 0x1D51C2B, 0x1D51E, 0x1D5372D,
  0x1D538, 0x1D5392B, 0x1D53B, 0x1D53E2B, 0x1D540, 0x1D5442B, 0x1D546, 0x1D5462B,
  0x1D54A, 0x1D5502B, 0x1D552, 0x1D56B2D, 0x1D56C, 0x1D5852B, 0x1D586, 0x1D59F2D,
  0x1D5A0, 0x1D5B92B, 0x1D5BA, 0x1D5D32D, 0x1D5D4, 0x1D5ED2B, 0x1D5EE, 0x1D6072D,
  0x1D608, 0x1D6212B, 0x1D622, 0x1D63B2D, 0x1D63C, 0x1D6552B, 0x1D656, 0x1D66F2D,
  0x1D670, 0x1D6892B, 0x1D68A, 0x1D6A52D, 0x1D6A8, 0x1D6C02B, 0x1D6C1, 0x1D6C120,
  0x1D6C2, 0x1D6DA2D, 0x1D6DB, 0x1D6DB20, 0x1D6DC, 0x1D6E12D, 0x1D6E2, 0x1D6FA2B,
  0x1D6FB, 0x1D6FB20, 0x1D6FC, 0x1D7142D, 0x1D715, 0x1D71520, 0x1D716, 0x1D71B2D,
  0x1D71C, 0x1D7342B, 0x1D735, 0x1D73520, 0x1D736, 0x1D74E2D, 0x1D74F, 0x1D74F20,
  0x1D750, 0x1D7552D, 0x1D756, 0x1D76E2B, 0x1D76F, 0x1D76F20, 0x1D770, 0x1D7882D,
  0x1D789, 0x1D78920, 0x1D78A, 0x1D78F2D, 0x1D790, 0x1D7A82B, 0x1D7A9, 0x1D7A920,
  0x1D7AA, 0x1D7C22D, 0x1D7C3, 0x1D7C320, 0x1D7C4, 0x1D7C92D, 0x1D7CA, 0x1D7CA2B,
  0x1D7CB, 0x1D7CB2D, 0x1D7CE, 0x1D7FF20, 0x1DF00, 0x1DF090D, 0x1DF0A, 0x1DF0A01,
  0x1DF0B, 0x1DF1E0D, 0x1DF25, 0x1DF2A0D, 0x1E000, 0x1E00601, 0x1E008, 0x1E01801,
  0x1E01B, 0x1E02101, 0x1E023, 0x1E02401, 0x1E026, 0x1E02A01, 0x1E030, 0x1E06D0D,
  0x1E08F, 0x1E08F01, 0x1E100, 0x1E12C01, 0x1E137, 0x1E13D01, 0x1E14E, 0x1E14E01,
  0x1E290, 0x1E2AD01, 0x1E2C0, 0x1E2EB01, 0x1E4D0, 0x1E4EB01, 0x1E5D0, 0x1E5ED01,
  0x1E5F0, 0x1E5F001, 0x1E6C0, 0x1E6DE01, 0x1E6E0, 0x1E6F501, 0x1E6FE, 0x1E6FF01,
  0x1E7E0, 0x1E7E601, 0x1E7E8, 0x1E7EB01, 0x1E7ED, 0x1E7EE01, 0x1E7F0, 0x1E7FE01,
  0x1E800, 0x1E8C401, 0x1E900, 0x1E9210B, 0x1E922, 0x1E9430D, 0x1E947, 0x1E94701,
  0x1E94B, 0x1E94B01, 0x1EE00, 0x1EE0321, 0x1EE05, 0x1EE1F21, 0x1EE21, 0x1EE2221,
  0x1EE24, 0x1EE2421, 0x1EE27, 0x1EE2721, 0x1EE29, 0x1EE3221, 0x1EE34, 0x1EE3721,
  0x1EE39, 0x1EE3921, 0x1EE3B, 0x1EE3B21, 0x1EE42, 0x1EE4221, 0x1EE47, 0x1EE4721,
  0x1EE49, 0x1EE4921, 0x1EE4B, 0x1EE4B21, 0x1EE4D, 0x1EE4F21, 0x1EE51, 0x1EE5221,
  0x1EE54, 0x1EE5421, 0x1EE57, 0x1EE5721, 0x1EE59, 0x1EE5921, 0x1EE5B, 0x1EE5B21,
  0x1EE5D, 0x1EE5D21, 0x1EE5F, 0x1EE5F21, 0x1EE61, 0x1EE6221, 0x1EE64, 0x1EE6421,
  0x1EE67, 0x1EE6A21, 0x1EE6C, 0x1EE7221, 0x1EE74, 0x1EE7721, 0x1EE79, 0x1EE7C21,
  0x1EE7E, 0x1EE7E21, 0x1EE80, 0x1EE8921, 0x1EE8B, 0x1EE9B21, 0x1EEA1, 0x1EEA321,
  0x1EEA5, 0x1EEA921, 0x1EEAB, 0x1EEBB21, 0x1EEF0, 0x1EEF120, 0x1F130, 0x1F1490B,
  0x1F150, 0x1F1690B, 0x1F170, 0x1F1890B, 0x1F8D0, 0x1F8D820, 0x20000, 0x2A6DF01,
  0x2A700, 0x2B81D01, 0x2B820, 0x2CEAD01, 0x2CEB0, 0x2EBE001, 0x2EBF0, 0x2EE5D01,
  0x2F800, 0x2FA1D01, 0x30000, 0x3134A01, 0x31350, 0x3347901,
};

inline constexpr u32 generalCategoryRangesCount = 6818;
static const u32 generalCategoryRanges[6818] = {
  0x0, 0x1F1A, 0x20, 0x2017, 0x21, 0x2312, 0x24, 0x2414,
  0x25, 0x2712, 0x28, 0x280E, 0x29, 0x290F, 0x2A, 0x2A12,
  0x2B, 0x2B13, 0x2C, 0x2C12, 0x2D, 0x2D0D, 0x2E, 0x2F12,
  0x30, 0x3909, 0x3A, 0x3B12, 0x3C, 0x3E13, 0x3F, 0x4012,
  0x41, 0x5A01, 0x5B, 0x5B0E, 0x5C, 0x5C12, 0x5D, 0x5D0F,
  0x5E, 0x5E15, 0x5F, 0x5F0C, 0x60, 0x6015, 0x61, 0x7A02,
  0x7B, 0x7B0E, 0x7C, 0x7C13, 0x7D, 0x7D0F, 0x7E, 0x7E13,
  0x7F, 0x9F1A, 0xA0, 0xA017, 0xA1, 0xA112, 0xA2, 0xA514,
  0xA6, 0xA616, 0xA7, 0xA712, 0xA8, 0xA815, 0xA9, 0xA916,
  0xAA, 0xAA05, 0xAB, 0xAB10, 0xAC, 0xAC13, 0xAD, 0xAD1B,
  0xAE, 0xAE16, 0xAF, 0xAF15, 0xB0, 0xB016, 0xB1, 0xB113,
  0xB2, 0xB30B, 0xB4, 0xB415, 0xB5, 0xB502, 0xB6, 0xB712,
  0xB8, 0xB815, 0xB9, 0xB90B, 0xBA, 0xBA05, 0xBB, 0xBB11,
  0xBC, 0xBE0B, 0xBF, 0xBF12, 0xC0, 0xD601, 0xD7, 0xD713,
  0xD8, 0xDE01, 0xDF, 0xF602, 0xF7, 0xF713, 0xF8, 0xFF02,
  0x100, 0x10001, 0x101, 0x10102, 0x102, 0x10201, 0x103, 0x10302,
  0x104, 0x10401, 0x105, 0x10502, 0x106, 0x10601, 0x107, 0x10702,
  0x108, 0x10801, 0x109, 0x10902, 0x10A, 0x10A01, 0x10B, 0x10B02,
  0x10C, 0x10C01, 0x10D, 0x10D02, 0x10E, 0x10E01, 0x10F, 0x10F02,
  0x110, 0x11001, 0x111, 0x11102, 0x112, 0x11201, 0x113, 0x11302,
  0x114, 0x11401, 0x115, 0x11502, 0x116, 0x11601, 0x117, 0x11702,
  0x118, 0x11801, 0x119, 0x11902, 0x11A, 0x11A01, 0x11B, 0x11B02,
  0x11C, 0x11C01, 0x11D, 0x11D02, 0x11E, 0x11E01, 0x11F, 0x11F02,
  0x120, 0x12001, 0x121, 0x12102, 0x122, 0x12201, 0x123, 0x12302,
  0x124, 0x12401, 0x125, 0x12502, 0x126, 0x12601, 0x127, 0x12702,
  0x128, 0x12801, 0x129, 0x12902, 0x12A, 0x12A01, 0x12B, 0x12B02,
  0x12C, 0x12C01, 0x12D, 0x12D02, 0x12E, 0x12E01, 0x12F, 0x12F02,
  0x130, 0x13001, 0x131, 0x13102, 0x132, 0x13201, 0x133, 0x13302,
  0x134, 0x13401, 0x135, 0x13502, 0x136, 0x13601, 0x137, 0x13802,
  0x139, 0x13901, 0x13A, 0x13A02, 0x13B, 0x13B01, 0x13C, 0x13C02,
  0x13D, 0x13D01, 0x13E, 0x13E02, 0x13F, 0x13F01, 0x140, 0x14002,
  0x141, 0x14101, 0x142, 0x14202, 0x143, 0x14301, 0x144, 0x14402,
  0x145, 0x14501, 0x146, 0x14602, 0x147, 0x14701, 0x148, 0x14902,
  0x14A, 0x14A01, 0x14B, 0x14B02, 0x14C, 0x14C01, 0x14D, 0x14D02,
  0x14E, 0x14E01, 0x14F, 0x14F02, 0x150, 0x15001, 0x151, 0x15102,
  0x152, 0x15201, 0x153, 0x15302, 0x154, 0x15401, 0x155, 0x15502,
  0x156, 0x15601, 0x157, 0x15702, 0x158, 0x15801, 0x159, 0x15902,
  0x15A, 0x15A01, 0x15B, 0x15B02, 0x15C, 0x15C01, 0x15D, 0x15D02,
  0x15E, 0x15E01, 0x15F, 0x15F02, 0x160, 0x16001, 0x161, 0x16102,
  0x162, 0x16201, 0x163, 0x16302, 0x164, 0x16401, 0x165, 0x16502,
  0x166, 0x16601, 0x167, 0x16702, 0x168, 0x16801, 0x169, 0x16902,
  0x16A, 0x16A01, 0x16B, 0x16B02, 0x16C, 0x16C01, 0x16D, 0x16D02,
  0x16E, 0x16E01, 0x16F, 0x16F02, 0x170, 0x17001, 0x171, 0x17102,
  0x172, 0x17201, 0x173, 0x17302, 0x174, 0x17401, 0x175, 0x17502,
  0x176, 0x17601, 0x177, 0x17702, 0x178, 0x17901, 0x17A, 0x17A02,
  0x17B, 0x17B01, 0x17C, 0x17C02, 0x17D, 0x17D01, 0x17E, 0x18002,
  0x181, 0x18201, 0x183, 0x18302, 0x184, 0x18401, 0x185, 0x18502,
  0x186, 0x18701, 0x188, 0x18802, 0x189, 0x18B01, 0x18C, 0x18D02,
  0x18E, 0x19101, 0x192, 0x19202, 0x193, 0x19401, 0x195, 0x19502,
  0x196, 0x19801, 0x199, 0x19B02, 0x19C, 0x19D01, 0x19E, 0x19E02,
  0x19F, 0x1A001, 0x1A1, 0x1A102, 0x1A2, 0x1A201, 0x1A3, 0x1A302,
  0x1A4, 0x1A401, 0x1A5, 0x1A502, 0x1A6, 0x1A701, 0x1A8, 0x1A802,
  0x1A9, 0x1A901, 0x1AA, 0x1AB02, 0x1AC, 0x1AC01, 0x1AD, 0x1AD02,
  0x1AE, 0x1AF01, 0x1B0, 0x1B002, 0x1B1, 0x1B301, 0x1B4, 0x1B402,
  0x1B5, 0x1B501, 0x1B6, 0x1B602, 0x1B7, 0x1B801, 0x1B9, 0x1BA02,
  0x1BB, 0x1BB05, 0x1BC, 0x1BC01, 0x1BD, 0x1BF02, 0x1C0, 0x1C305,
  0x1C4, 0x1C401, 0x1C5, 0x1C503, 0x1C6, 0x1C602, 0x1C7, 0x1C701,
  0x1C8, 0x1C803, 0x1C9, 0x1C902, 0x1CA, 0x1CA01, 0x1CB, 0x1CB03,
  0x1CC, 0x1CC02, 0x1CD, 0x1CD01, 0x1CE, 0x1CE02, 0x1CF, 0x1CF01,
  0x1D0, 0x1D002, 0x1D1, 0x1D101, 0x1D2, 0x1D202, 0x1D3, 0x1D301,
  0x1D4, 0x1D402, 0x1D5, 0x1D501, 0x1D6, 0x1D602, 0x1D7, 0x1D701,
  0x1D8, 0x1D802, 0x1D9, 0x1D901, 0x1DA, 0x1DA02, 0x1DB, 0x1DB01,
  0x1DC, 0x1DD02, 0x1DE, 0x1DE01, 0x1DF, 0x1DF02, 0x1E0, 0x1E001,
  0x1E1, 0x1E102, 0x1E2, 0x1E201, 0x1E3, 0x1E302, 0x1E4, 0x1E401,
  0x1E5, 0x1E502, 0x1E6, 0x1E601, 0x1E7, 0x1E702, 0x1E8, 0x1E801,
  0x1E9, 0x1E902, 0x1EA, 0x1EA01, 0x1EB, 0x1EB02, 0x1EC, 0x1EC01,
  0x1ED, 0x1ED02, 0x1EE, 0x1EE01, 0x1EF, 0x1F002, 0x1F1, 0x1F101,
  0x1F2, 0x1F203, 0x1F3, 0x1F302, 0x1F4, 0x1F401, 0x1F5, 0x1F502,
  0x1F6, 0x1F801, 0x1F9, 0x1F902, 0x1FA, 0x1FA01, 0x1FB, 0x1FB02,
  0x1FC, 0x1FC01, 0x1FD, 0x1FD02, 0x1FE, 0x1FE01, 0x1FF, 0x1FF02,
  0x200, 0x20001, 0x201, 0x20102, 0x202, 0x20201, 0x203, 0x20302,
  0x204, 0x20401, 0x205, 0x20502, 0x206, 0x20601, 0x207, 0x20702,
  0x208, 0x20801, 0x209, 0x20902, 0x20A, 0x20A01, 0x20B, 0x20B02,
  0x20C, 0x20C01, 0x20D, 0x20D02, 0x20E, 0x20E01, 0x20F, 0x20F02,
  0x210, 0x21001, 0x211, 0x21102, 0x212, 0x21201, 0x213, 0x21302,
  0x214, 0x21401, 0x215, 0x21502, 0x216, 0x21601, 0x217, 0x21702,
  0x218, 0x21801, 0x219, 0x21902, 0x21A, 0x21A01, 0x21B, 0x21B02,
  0x21C, 0x21C01, 0x21D, 0x21D02, 0x21E, 0x21E01, 0x21F, 0x21F02,
  0x220, 0x22001, 0x221, 0x22102, 0x222, 0x22201, 0x223, 0x22302,
  0x224, 0x22401, 0x225, 0x22502, 0x226, 0x22601, 0x227, 0x22702,
  0x228, 0x22801, 0x229, 0x22902, 0x22A, 0x22A01, 0x22B, 0x22B02,
  0x22C, 0x22C01, 0x22D, 0x22D02, 0x22E, 0x22E01, 0x22F, 0x22F02,
  0x230, 0x23001, 0x231, 0x23102, 0x232, 0x23201, 0x233, 0x23902,
  0x23A, 0x23B01, 0x23C, 0x23C02, 0x23D, 0x23E01, 0x23F, 0x24002,
  0x241, 0x24101, 0x242, 0x24202, 0x243, 0x24601, 0x247, 0x24702,
  0x248, 0x24801, 0x249, 0x24902, 0x24A, 0x24A01, 0x24B, 0x24B02,
  0x24C, 0x24C01, 0x24D, 0x24D02, 0x24E, 0x24E01, 0x24F, 0x29302,
  0x294, 0x29505, 0x296, 0x2AF02, 0x2B0, 0x2C104, 0x2C2, 0x2C515,
  0x2C6, 0x2D104, 0x2D2, 0x2DF15, 0x2E0, 0x2E404, 0x2E5, 0x2EB15,
  0x2EC, 0x2EC04, 0x2ED, 0x2ED15, 0x2EE, 0x2EE04, 0x2EF, 0x2FF15,
  0x300, 0x36F06, 0x370, 0x37001, 0x371, 0x37102, 0x372, 0x37201,
  0x373, 0x37302, 0x374, 0x37404, 0x375, 0x37515, 0x376, 0x37601,
  0x377, 0x37702, 0x37A, 0x37A04, 0x37B, 0x37D02, 0x37E, 0x37E12,
  0x37F, 0x37F01, 0x384, 0x38515, 0x386, 0x38601, 0x387, 0x38712,
  0x388, 0x38A01, 0x38C, 0x38C01, 0x38E, 0x38F01, 0x390, 0x39002,
  0x391, 0x3A101, 0x3A3, 0x3AB01, 0x3AC, 0x3CE02, 0x3CF, 0x3CF01,
  0x3D0, 0x3D102, 0x3D2, 0x3D401, 0x3D5, 0x3D702, 0x3D8, 0x3D801,
  0x3D9, 0x3D902, 0x3DA, 0x3DA01, 0x3DB, 0x3DB02, 0x3DC, 0x3DC01,
  0x3DD, 0x3DD02, 0x3DE, 0x3DE01, 0x3DF, 0x3DF02, 0x3E0, 0x3E001,
  0x3E1, 0x3E102, 0x3E2, 0x3E201, 0x3E3, 0x3E302, 0x3E4, 0x3E401,
  0x3E5, 0x3E502, 0x3E6, 0x3E601, 0x3E7, 0x3E702, 0x3E8, 0x3E801,
  0x3E9, 0x3E902, 0x3EA, 0x3EA01, 0x3EB, 0x3EB02, 0x3EC, 0x3EC01,
  0x3ED, 0x3ED02, 0x3EE, 0x3EE01, 0x3EF, 0x3F302, 0x3F4, 0x3F401,
  0x3F5, 0x3F502, 0x3F6, 0x3F613, 0x3F7, 0x3F701, 0x3F8, 0x3F802,
  0x3F9, 0x3FA01, 0x3FB, 0x3FC02, 0x3FD, 0x42F01, 0x430, 0x45F02,
  0x460, 0x46001, 0x461, 0x46102, 0x462, 0x46201, 0x463, 0x46302,
  0x464, 0x46401, 0x465, 0x46502, 0x466, 0x46601, 0x467, 0x46702,
  0x468, 0x46801, 0x469, 0x46902, 0x46A, 0x46A01, 0x46B, 0x46B02,
  0x46C, 0x46C01, 0x46D, 0x46D02, 0x46E, 0x46E01, 0x46F, 0x46F02,
  0x470, 0x47001, 0x471, 0x47102, 0x472, 0x47201, 0x473, 0x47302,
  0x474, 0x47401, 0x475, 0x47502, 0x476, 0x47601, 0x477, 0x47702,
  0x478, 0x47801, 0x479, 0x47902, 0x47A, 0x47A01, 0x47B, 0x47B02,
  0x47C, 0x47C01, 0x47D, 0x47D02, 0x47E, 0x47E01, 0x47F, 0x47F02,
  0x480, 0x48001, 0x481, 0x48102, 0x482, 0x48216, 0x483, 0x48706,
  0x488, 0x48908, 0x48A, 0x48A01, 0x48B, 0x48B02, 0x48C, 0x48C01,
  0x48D, 0x48D02, 0x48E, 0x48E01, 0x48F, 0x48F02, 0x490, 0x49001,
  0x491, 0x49102, 0x492, 0x49201, 0x493, 0x49302, 0x494, 0x49401,
  0x495, 0x49502, 0x496, 0x49601, 0x497, 0x49702, 0x498, 0x49801,
  0x499, 0x49902, 0x49A, 0x49A01, 0x49B, 0x49B02, 0x49C, 0x49C01,
  0x49D, 0x49D02, 0x49E, 0x49E01, 0x49F, 0x49F02, 0x4A0, 0x4A001,
  0x4A1, 0x4A102, 0x4A2, 0x4A201, 0x4A3, 0x4A302, 0x4A4, 0x4A401,
  0x4A5, 0x4A502, 0x4A6, 0x4A601, 0x4A7, 0x4A702, 0x4A8, 0x4A801,
  0x4A9, 0x4A902, 0x4AA, 0x4AA01, 0x4AB, 0x4AB02, 0x4AC, 0x4AC01,
  0x4AD, 0x4AD02, 0x4AE, 0x4AE01, 0x4AF, 0x4AF02, 0x4B0, 0x4B001,
  0x4B1, 0x4B102, 0x4B2, 0x4B201, 0x4B3, 0x4B302, 0x4B4, 0x4B401,
  0x4B5, 0x4B502, 0x4B6, 0x4B601, 0x4B7, 0x4B702, 0x4B8, 0x4B801,
  0x4B9, 0x4B902, 0x4BA, 0x4BA01, 0x4BB, 0x4BB02, 0x4BC, 0x4BC01,
  0x4BD, 0x4BD02, 0x4BE, 0x4BE01, 0x4BF, 0x4BF02, 0x4C0, 0x4C101,
  0x4C2, 0x4C202, 0x4C3, 0x4C301, 0x4C4, 0x4C402, 0x4C5, 0x4C501,
  0x4C6, 0x4C602, 0x4C7, 0x4C701, 0x4C8, 0x4C802, 0x4C9, 0x4C901,
  0x4CA, 0x4CA02, 0x4CB, 0x4CB01, 0x4CC, 0x4CC02, 0x4CD, 0x4CD01,
  0x4CE, 0x4CF02, 0x4D0, 0x4D001, 0x4D1, 0x4D102, 0x4D2, 0x4D201,
  0x4D3, 0x4D302, 0x4D4, 0x4D401, 0x4D5, 0x4D502, 0x4D6, 0x4D601,
  0x4D7, 0x4D702, 0x4D8, 0x4D801, 0x4D9, 0x4D902, 0x4DA, 0x4DA01,
  0x4DB, 0x4DB02, 0x4DC, 0x4DC01, 0x4DD, 0x4DD02, 0x4DE, 0x4DE01,
  0x4DF, 0x4DF02, 0x4E0, 0x4E001, 0x4E1, 0x4E102, 0x4E2, 0x4E201,
  0x4E3, 0x4E302, 0x4E4, 0x4E401, 0x4E5, 0x4E502, 0x4E6, 0x4E601,
  0x4E7, 0x4E702, 0x4E8, 0x4E801, 0x4E9, 0x4E902, 0x4EA, 0x4EA01,
  0x4EB, 0x4EB02, 0x4EC, 0x4EC01, 0x4ED, 0x4ED02, 0x4EE, 0x4EE01,
  0x4EF, 0x4EF02, 0x4F0, 0x4F001, 0x4F1, 0x4F102, 0x4F2, 0x4F201,
  0x4F3, 0x4F302, 0x4F4, 0x4F401, 0x4F5, 0x4F502, 0x4F6, 0x4F601,
  0x4F7, 0x4F702, 0x4F8, 0x4F801, 0x4F9, 0x4F902, 0x4FA, 0x4FA01,
  0x4FB, 0x4FB02, 0x4FC, 0x4FC01, 0x4FD, 0x4FD02, 0x4FE, 0x4FE01,
  0x4FF, 0x4FF02, 0x500, 0x50001, 0x501, 0x50102, 0x502, 0x50201,
  0x503, 0x50302, 0x504, 0x50401, 0x505, 0x50502, 0x506, 0x50601,
  0x507, 0x50702, 0x508, 0x50801, 0x509, 0x50902, 0x50A, 0x50A01,
  0x50B, 0x50B02, 0x50C, 0x50C01, 0x50D, 0x50D02, 0x50E, 0x50E01,
  0x50F, 0x50F02, 0x510, 0x51001, 0x511, 0x51102, 0x512, 0x51201,
  0x513, 0x51302, 0x514, 0x51401, 0x515, 0x51502, 0x516, 0x51601,
  0x517, 0x51702, 0x518, 0x51801, 0x519, 0x51902, 0x51A, 0x51A01,
  0x51B, 0x51B02, 0x51C, 0x51C01, 0x51D, 0x51D02, 0x51E, 0x51E01,
  0x51F, 0x51F02, 0x520, 0x52001, 0x521, 0x52102, 0x522, 0x52201,
  0x523, 0x52302, 0x524, 0x52401, 0x525, 0x52502, 0x526, 0x52601,
  0x527, 0x52702, 0x528, 0x52801, 0x529, 0x52902, 0x52A, 0x52A01,
  0x52B, 0x52B02, 0x52C, 0x52C01, 0x52D, 0x52D02, 0x52E, 0x52E01,
  0x52F, 0x52F02, 0x531, 0x55601, 0x559, 0x55904, 0x55A, 0x55F12,
  0x560, 0x58802, 0x589, 0x58912, 0x58A, 0x58A0D, 0x58D, 0x58E16,
  0x58F, 0x58F14, 0x591, 0x5BD06, 0x5BE, 0x5BE0D, 0x5BF, 0x5BF06,
  0x5C0, 0x5C012, 0x5C1, 0x5C206, 0x5C3, 0x5C312, 0x5C4, 0x5C506,
  0x5C6, 0x5C612, 0x5C7, 0x5C706, 0x5D0, 0x5EA05, 0x5EF, 0x5F205,
  0x5F3, 0x5F412, 0x600, 0x6051B, 0x606, 0x60813, 0x609, 0x60A12,
  0x60B, 0x60B14, 0x60C, 0x60D12, 0x60E, 0x60F16, 0x610, 0x61A06,
  0x61B, 0x61B12, 0x61C, 0x61C1B, 0x61D, 0x61F12, 0x620, 0x63F05,
  0x640, 0x64004, 0x641, 0x64A05, 0x64B, 0x65F06, 0x660, 0x66909,
  0x66A, 0x66D12, 0x66E, 0x66F05, 0x670, 0x67006, 0x671, 0x6D305,
  0x6D4, 0x6D412, 0x6D5, 0x6D505, 0x6D6, 0x6DC06, 0x6DD, 0x6DD1B,
  0x6DE, 0x6DE16, 0x6DF, 0x6E406, 0x6E5, 0x6E604, 0x6E7, 0x6E806,
  0x6E9, 0x6E916, 0x6EA, 0x6ED06, 0x6EE, 0x6EF05, 0x6F0, 0x6F909,
  0x6FA, 0x6FC05, 0x6FD, 0x6FE16, 0x6FF, 0x6FF05, 0x700, 0x70D12,
  0x70F, 0x70F1B, 0x710, 0x71005, 0x711, 0x71106, 0x712, 0x72F05,
  0x730, 0x74A06, 0x74D, 0x7A505, 0x7A6, 0x7B006, 0x7B1, 0x7B105,
  0x7C0, 0x7C909, 0x7CA, 0x7EA05, 0x7EB, 0x7F306, 0x7F4, 0x7F504,
  0x7F6, 0x7F616, 0x7F7, 0x7F912, 0x7FA, 0x7FA04, 0x7FD, 0x7FD06,
  0x7FE, 0x7FF14, 0x800, 0x81505, 0x816, 0x81906, 0x81A, 0x81A04,
  0x81B, 0x82306, 0x824, 0x82404, 0x825, 0x82706, 0x828, 0x82804,
  0x829, 0x82D06, 0x830, 0x83E12, 0x840, 0x85805, 0x859, 0x85B06,
  0x85E, 0x85E12, 0x860, 0x86A05, 0x870, 0x88705, 0x888, 0x88815,
  0x889, 0x88F05, 0x890, 0x8911B, 0x897, 0x89F06, 0x8A0, 0x8C805,
  0x8C9, 0x8C904, 0x8CA, 0x8E106, 0x8E2, 0x8E21B, 0x8E3, 0x90206,
  0x903, 0x90307, 0x904, 0x93905, 0x93A, 0x93A06, 0x93B, 0x93B07,
  0x93C, 0x93C06, 0x93D, 0x93D05, 0x93E, 0x94007, 0x941, 0x94806,
  0x949, 0x94C07, 0x94D, 0x94D06, 0x94E, 0x94F07, 0x950, 0x95005,
  0x951, 0x95706, 0x958, 0x96105, 0x962, 0x96306, 0x964, 0x96512,
  0x966, 0x96F09, 0x970, 0x97012, 0x971, 0x97104, 0x972, 0x98005,
  0x981, 0x98106, 0x982, 0x98307, 0x985, 0x98C05, 0x98F, 0x99005,
  0x993, 0x9A805, 0x9AA, 0x9B005, 0x9B2, 0x9B205, 0x9B6, 0x9B905,
  0x9BC, 0x9BC06, 0x9BD, 0x9BD05, 0x9BE, 0x9C007, 0x9C1, 0x9C406,
  0x9C7, 0x9C807, 0x9CB, 0x9CC07, 0x9CD, 0x9CD06, 0x9CE, 0x9CE05,
  0x9D7, 0x9D707, 0x9DC, 0x9DD05, 0x9DF, 0x9E105, 0x9E2, 0x9E306,
  0x9E6, 0x9EF09, 0x9F0, 0x9F105, 0x9F2, 0x9F314, 0x9F4, 0x9F90B,
  0x9FA, 0x9FA16, 0x9FB, 0x9FB14, 0x9FC, 0x9FC05, 0x9FD, 0x9FD12,
  0x9FE, 0x9FE06, 0xA01, 0xA0206, 0xA03, 0xA0307, 0xA05, 0xA0A05,
  0xA0F, 0xA1005, 0xA13, 0xA2805, 0xA2A, 0xA3005, 0xA32, 0xA3305,
  0xA35, 0xA3605, 0xA38, 0xA3905, 0xA3C, 0xA3C06, 0xA3E, 0xA4007,
  0xA41, 0xA4206, 0xA47, 0xA4806, 0xA4B, 0xA4D06, 0xA51, 0xA5106,
  0xA59, 0xA5C05, 0xA5E, 0xA5E05, 0xA66, 0xA6F09, 0xA70, 0xA7106,
  0xA72, 0xA7405, 0xA75, 0xA7506, 0xA76, 0xA7612, 0xA81, 0xA8206,
  0xA83, 0xA8307, 0xA85, 0xA8D05, 0xA8F, 0xA9105, 0xA93, 0xAA805,
  0xAAA, 0xAB005, 0xAB2, 0xAB305, 0xAB5, 0xAB905, 0xABC, 0xABC06,
  0xABD, 0xABD05, 0xABE, 0xAC007, 0xAC1, 0xAC506, 0xAC7, 0xAC806,
  0xAC9, 0xAC907, 0xACB, 0xACC07, 0xACD, 0xACD06, 0xAD0, 0xAD005,
  0xAE0, 0xAE105, 0xAE2, 0xAE306, 0xAE6, 0xAEF09, 0xAF0, 0xAF012,
  0xAF1, 0xAF114, 0xAF9, 0xAF905, 0xAFA, 0xAFF06, 0xB01, 0xB0106,
  0xB02, 0xB0307, 0xB05, 0xB0C05, 0xB0F, 0xB1005, 0xB13, 0xB2805,
  0xB2A, 0xB3005, 0xB32, 0xB3305, 0xB35, 0xB3905, 0xB3C, 0xB3C06,
  0xB3D, 0xB3D05, 0xB3E, 0xB3E07, 0xB3F, 0xB3F06, 0xB40, 0xB4007,
  0xB41, 0xB4406, 0xB47, 0xB4807, 0xB4B, 0xB4C07, 0xB4D, 0xB4D06,
  0xB55, 0xB5606, 0xB57, 0xB5707, 0xB5C, 0xB5D05, 0xB5F, 0xB6105,
  0xB62, 0xB6306, 0xB66, 0xB6F09, 0xB70, 0xB7016, 0xB71, 0xB7105,
  0xB72, 0xB770B, 0xB82, 0xB8206, 0xB83, 0xB8305, 0xB85, 0xB8A05,
  0xB8E, 0xB9005, 0xB92, 0xB9505, 0xB99, 0xB9A05, 0xB9C, 0xB9C05,
  0xB9E, 0xB9F05, 0xBA3, 0xBA405, 0xBA8, 0xBAA05, 0xBAE, 0xBB905,
  0xBBE, 0xBBF07, 0xBC0, 0xBC006, 0xBC1, 0xBC207, 0xBC6, 0xBC807,
  0xBCA, 0xBCC07, 0xBCD, 0xBCD06, 0xBD0, 0xBD005, 0xBD7, 0xBD707,
  0xBE6, 0xBEF09, 0xBF0, 0xBF20B, 0xBF3, 0xBF816, 0xBF9, 0xBF914,
  0xBFA, 0xBFA16, 0xC00, 0xC0006, 0xC01, 0xC0307, 0xC04, 0xC0406,
  0xC05, 0xC0C05, 0xC0E, 0xC1005, 0xC12, 0xC2805, 0xC2A, 0xC3905,
  0xC3C, 0xC3C06, 0xC3D, 0xC3D05, 0xC3E, 0xC4006, 0xC41, 0xC4407,
  0xC46, 0xC4806, 0xC4A, 0xC4D06, 0xC55, 0xC5606, 0xC58, 0xC5A05,
  0xC5C, 0xC5D05, 0xC60, 0xC6105, 0xC62, 0xC6306, 0xC66, 0xC6F09,
  0xC77, 0xC7712, 0xC78, 0xC7E0B, 0xC7F, 0xC7F16, 0xC80, 0xC8005,
  0xC81, 0xC8106, 0xC82, 0xC8307, 0xC84, 0xC8412, 0xC85, 0xC8C05,
  0xC8E, 0xC9005, 0xC92, 0xCA805, 0xCAA, 0xCB305, 0xCB5, 0xCB905,
  0xCBC, 0xCBC06, 0xCBD, 0xCBD05, 0xCBE, 0xCBE07, 0xCBF, 0xCBF06,
  0xCC0, 0xCC407, 0xCC6, 0xCC606, 0xCC7, 0xCC807, 0xCCA, 0xCCB07,
  0xCCC, 0xCCD06, 0xCD5, 0xCD607, 0xCDC, 0xCDE05, 0xCE0, 0xCE105,
  0xCE2, 0xCE306, 0xCE6, 0xCEF09, 0xCF1, 0xCF205, 0xCF3, 0xCF307,
  0xD00, 0xD0106, 0xD02, 0xD0307, 0xD04, 0xD0C05, 0xD0E, 0xD1005,
  0xD12, 0xD3A05, 0xD3B, 0xD3C06, 0xD3D, 0xD3D05, 0xD3E, 0xD4007,
  0xD41, 0xD4406, 0xD46, 0xD4807, 0xD4A, 0xD4C07, 0xD4D, 0xD4D06,
  0xD4E, 0xD4E05, 0xD4F, 0xD4F16, 0xD54, 0xD5605, 0xD57, 0xD5707,
  0xD58, 0xD5E0B, 0xD5F, 0xD6105, 0xD62, 0xD6306, 0xD66, 0xD6F09,
  0xD70, 0xD780B, 0xD79, 0xD7916, 0xD7A, 0xD7F05, 0xD81, 0xD8106,
  0xD82, 0xD8307, 0xD85, 0xD9605, 0xD9A, 0xDB105, 0xDB3, 0xDBB05,
  0xDBD, 0xDBD05, 0xDC0, 0xDC605, 0xDCA, 0xDCA06, 0xDCF, 0xDD107,
  0xDD2, 0xDD406, 0xDD6, 0xDD606, 0xDD8, 0xDDF07, 0xDE6, 0xDEF09,
  0xDF2, 0xDF307, 0xDF4, 0xDF412, 0xE01, 0xE3005, 0xE31, 0xE3106,
  0xE32, 0xE3305, 0xE34, 0xE3A06, 0xE3F, 0xE3F14, 0xE40, 0xE4505,
  0xE46, 0xE4604, 0xE47, 0xE4E06, 0xE4F, 0xE4F12, 0xE50, 0xE5909,
  0xE5A, 0xE5B12, 0xE81, 0xE8205, 0xE84, 0xE8405, 0xE86, 0xE8A05,
  0xE8C, 0xEA305, 0xEA5, 0xEA505, 0xEA7, 0xEB005, 0xEB1, 0xEB106,
  0xEB2, 0xEB305, 0xEB4, 0xEBC06, 0xEBD, 0xEBD05, 0xEC0, 0xEC405,
  0xEC6, 0xEC604, 0xEC8, 0xECE06, 0xED0, 0xED909, 0xEDC, 0xEDF05,
  0xF00, 0xF0005, 0xF01, 0xF0316, 0xF04, 0xF1212, 0xF13, 0xF1316,
  0xF14, 0xF1412, 0xF15, 0xF1716, 0xF18, 0xF1906, 0xF1A, 0xF1F16,
  0xF20, 0xF2909, 0xF2A, 0xF330B, 0xF34, 0xF3416, 0xF35, 0xF3506,
  0xF36, 0xF3616, 0xF37, 0xF3706, 0xF38, 0xF3816, 0xF39, 0xF3906,
  0xF3A, 0xF3A0E, 0xF3B, 0xF3B0F, 0xF3C, 0xF3C0E, 0xF3D, 0xF3D0F,
  0xF3E, 0xF3F07, 0xF40, 0xF4705, 0xF49, 0xF6C05, 0xF71, 0xF7E06,
  0xF7F, 0xF7F07, 0xF80, 0xF8406, 0xF85, 0xF8512, 0xF86, 0xF8706,
  0xF88, 0xF8C05, 0xF8D, 0xF9706, 0xF99, 0xFBC06, 0xFBE, 0xFC516,
  0xFC6, 0xFC606, 0xFC7, 0xFCC16, 0xFCE, 0xFCF16, 0xFD0, 0xFD412,
  0xFD5, 0xFD816, 0xFD9, 0xFDA12, 0x1000, 0x102A05, 0x102B, 0x102C07,
  0x102D, 0x103006, 0x1031, 0x103107, 0x1032, 0x103706, 0x1038, 0x103807,
  0x1039, 0x103A06, 0x103B, 0x103C07, 0x103D, 0x103E06, 0x103F, 0x103F05,
  0x1040, 0x104909, 0x104A, 0x104F12, 0x1050, 0x105505, 0x1056, 0x105707,
  0x1058, 0x105906, 0x105A, 0x105D05, 0x105E, 0x106006, 0x1061, 0x106105,
  0x1062, 0x106407, 0x1065, 0x106605, 0x1067, 0x106D07, 0x106E, 0x107005,
  0x1071, 0x107406, 0x1075, 0x108105, 0x1082, 0x108206, 0x1083, 0x108407,
  0x1085, 0x108606, 0x1087, 0x108C07, 0x108D, 0x108D06, 0x108E, 0x108E05,
  0x108F, 0x108F07, 0x1090, 0x109909, 0x109A, 0x109C07, 0x109D, 0x109D06,
  0x109E, 0x109F16, 0x10A0, 0x10C501, 0x10C7, 0x10C701, 0x10CD, 0x10CD01,
  0x10D0, 0x10FA02, 0x10FB, 0x10FB12, 0x10FC, 0x10FC04, 0x10FD, 0x10FF02,
  0x1100, 0x124805, 0x124A, 0x124D05, 0x1250, 0x125605, 0x1258, 0x125805,
  0x125A, 0x125D05, 0x1260, 0x128805, 0x128A, 0x128D05, 0x1290, 0x12B005,
  0x12B2, 0x12B505, 0x12B8, 0x12BE05, 0x12C0, 0x12C005, 0x12C2, 0x12C505,
  0x12C8, 0x12D605, 0x12D8, 0x131005, 0x1312, 0x131505, 0x1318, 0x135A05,
  0x135D, 0x135F06, 0x1360, 0x136812, 0x1369, 0x137C0B, 0x1380, 0x138F05,
  0x1390, 0x139916, 0x13A0, 0x13F501, 0x13F8, 0x13FD02, 0x1400, 0x14000D,
  0x1401, 0x166C05, 0x166D, 0x166D16, 0x166E, 0x166E12, 0x166F, 0x167F05,
  0x1680, 0x168017, 0x1681, 0x169A05, 0x169B, 0x169B0E, 0x169C, 0x169C0F,
  0x16A0, 0x16EA05, 0x16EB, 0x16ED12, 0x16EE, 0x16F00A, 0x16F1, 0x16F805,
  0x1700, 0x171105, 0x1712, 0x171406, 0x1715, 0x171507, 0x171F, 0x173105,
  0x1732, 0x173306, 0x1734, 0x173407, 0x1735, 0x173612, 0x1740, 0x175105,
  0x1752, 0x175306, 0x1760, 0x176C05, 0x176E, 0x177005, 0x1772, 0x177306,
  0x1780, 0x17B305, 0x17B4, 0x17B506, 0x17B6, 0x17B607, 0x17B7, 0x17BD06,
  0x17BE, 0x17C507, 0x17C6, 0x17C606, 0x17C7, 0x17C807, 0x17C9, 0x17D306,
  0x17D4, 0x17D612, 0x17D7, 0x17D704, 0x17D8, 0x17DA12, 0x17DB, 0x17DB14,
  0x17DC, 0x17DC05, 0x17DD, 0x17DD06, 0x17E0, 0x17E909, 0x17F0, 0x17F90B,
  0x1800, 0x180512, 0x1806, 0x18060D, 0x1807, 0x180A12, 0x180B, 0x180D06,
  0x180E, 0x180E1B, 0x180F, 0x180F06, 0x1810, 0x181909, 0x1820, 0x184205,
  0x1843, 0x184304, 0x1844, 0x187805, 0x1880, 0x188405, 0x1885, 0x188606,
  0x1887, 0x18A805, 0x18A9, 0x18A906, 0x18AA, 0x18AA05, 0x18B0, 0x18F505,
  0x1900, 0x191E05, 0x1920, 0x192206, 0x1923, 0x192607, 0x1927, 0x192806,
  0x1929, 0x192B07, 0x1930, 0x193107, 0x1932, 0x193206, 0x1933, 0x193807,
  0x1939, 0x193B06, 0x1940, 0x194016, 0x1944, 0x194512, 0x1946, 0x194F09,
  0x1950, 0x196D05, 0x1970, 0x197405, 0x1980, 0x19AB05, 0x19B0, 0x19C905,
  0x19D0, 0x19D909, 0x19DA, 0x19DA0B, 0x19DE, 0x19FF16, 0x1A00, 0x1A1605,
  0x1A17, 0x1A1806, 0x1A19, 0x1A1A07, 0x1A1B, 0x1A1B06, 0x1A1E, 0x1A1F12,
  0x1A20, 0x1A5405, 0x1A55, 0x1A5507, 0x1A56, 0x1A5606, 0x1A57, 0x1A5707,
  0x1A58, 0x1A5E06, 0x1A60, 0x1A6006, 0x1A61, 0x1A6107, 0x1A62, 0x1A6206,
  0x1A63, 0x1A6407, 0x1A65, 0x1A6C06, 0x1A6D, 0x1A7207, 0x1A73, 0x1A7C06,
  0x1A7F, 0x1A7F06, 0x1A80, 0x1A8909, 0x1A90, 0x1A9909, 0x1AA0, 0x1AA612,
  0x1AA7, 0x1AA704, 0x1AA8, 0x1AAD12, 0x1AB0, 0x1ABD06, 0x1ABE, 0x1ABE08,
  0x1ABF, 0x1ADD06, 0x1AE0, 0x1AEB06, 0x1B00, 0x1B0306, 0x1B04, 0x1B0407,
  0x1B05, 0x1B3305, 0x1B34, 0x1B3406, 0x1B35, 0x1B3507, 0x1B36, 0x1B3A06,
  0x1B3B, 0x1B3B07, 0x1B3C, 0x1B3C06, 0x1B3D, 0x1B4107, 0x1B42, 0x1B4206,
  0x1B43, 0x1B4407, 0x1B45, 0x1B4C05, 0x1B4E, 0x1B4F12, 0x1B50, 0x1B5909,
  0x1B5A, 0x1B6012, 0x1B61, 0x1B6A16, 0x1B6B, 0x1B7306, 0x1B74, 0x1B7C16,
  0x1B7D, 0x1B7F12, 0x1B80, 0x1B8106, 0x1B82, 0x1B8207, 0x1B83, 0x1BA005,
  0x1BA1, 0x1BA107, 0x1BA2, 0x1BA506, 0x1BA6, 0x1BA707, 0x1BA8, 0x1BA906,
  0x1BAA, 0x1BAA07, 0x1BAB, 0x1BAD06, 0x1BAE, 0x1BAF05, 0x1BB0, 0x1BB909,
  0x1BBA, 0x1BE505, 0x1BE6, 0x1BE606, 0x1BE7, 0x1BE707, 0x1BE8, 0x1BE906,
  0x1BEA, 0x1BEC07, 0x1BED, 0x1BED06, 0x1BEE, 0x1BEE07, 0x1BEF, 0x1BF106,
  0x1BF2, 0x1BF307, 0x1BFC, 0x1BFF12, 0x1C00, 0x1C2305, 0x1C24, 0x1C2B07,
  0x1C2C, 0x1C3306, 0x1C34, 0x1C3507, 0x1C36, 0x1C3706, 0x1C3B, 0x1C3F12,
  0x1C40, 0x1C4909, 0x1C4D, 0x1C4F05, 0x1C50, 0x1C5909, 0x1C5A, 0x1C7705,
  0x1C78, 0x1C7D04, 0x1C7E, 0x1C7F12, 0x1C80, 0x1C8802, 0x1C89, 0x1C8901,
  0x1C8A, 0x1C8A02, 0x1C90, 0x1CBA01, 0x1CBD, 0x1CBF01, 0x1CC0, 0x1CC712,
  0x1CD0, 0x1CD206, 0x1CD3, 0x1CD312, 0x1CD4, 0x1CE006, 0x1CE1, 0x1CE107,
  0x1CE2, 0x1CE806, 0x1CE9, 0x1CEC05, 0x1CED, 0x1CED06, 0x1CEE, 0x1CF305,
  0x1CF4, 0x1CF406, 0x1CF5, 0x1CF605, 0x1CF7, 0x1CF707, 0x1CF8, 0x1CF906,
  0x1CFA, 0x1CFA05, 0x1D00, 0x1D2B02, 0x1D2C, 0x1D6A04, 0x1D6B, 0x1D7702,
  0x1D78, 0x1D7804, 0x1D79, 0x1D9A02, 0x1D9B, 0x1DBF04, 0x1DC0, 0x1DFF06,
  0x1E00, 0x1E0001, 0x1E01, 0x1E0102, 0x1E02, 0x1E0201, 0x1E03, 0x1E0302,
  0x1E04, 0x1E0401, 0x1E05, 0x1E0502, 0x1E06, 0x1E0601, 0x1E07, 0x1E0702,
  0x1E08, 0x1E0801, 0x1E09, 0x1E0902, 0x1E0A, 0x1E0A01, 0x1E0B, 0x1E0B02,
  0x1E0C, 0x1E0C01, 0x1E0D, 0x1E0D02, 0x1E0E, 0x1E0E01, 0x1E0F, 0x1E0F02,
  0x1E10, 0x1E1001, 0x1E11, 0x1E1102, 0x1E12, 0x1E1201, 0x1E13, 0x1E1302,
  0x1E14, 0x1E1401, 0x1E15, 0x1E1502, 0x1E16, 0x1E1601, 0x1E17, 0x1E1702,
  0x1E18, 0x1E1801, 0x1E19, 0x1E1902, 0x1E1A, 0x1E1A01, 0x1E1B, 0x1E1B02,
  0x1E1C, 0x1E1C01, 0x1E1D, 0x1E1D02, 0x1E1E, 0x1E1E01, 0x1E1F, 0x1E1F02,
  0x1E20, 0x1E2001, 0x1E21, 0x1E2102, 0x1E22, 0x1E2201, 0x1E23, 0x1E2302,
  0x1E24, 0x1E2401, 0x1E25, 0x1E2502, 0x1E26, 0x1E2601, 0x1E27, 0x1E2702,
  0x1E28, 0x1E2801, 0x1E29, 0x1E2902, 0x1E2A, 0x1E2A01, 0x1E2B, 0x1E2B02,
  0x1E2C, 0x1E2C01, 0x1E2D, 0x1E2D02, 0x1E2E, 0x1E2E01, 0x1E2F, 0x1E2F02,
  0x1E30, 0x1E3001, 0x1E31, 0x1E3102, 0x1E32, 0x1E3201, 0x1E33, 0x1E3302,
  0x1E34, 0x1E3401, 0x1E35, 0x1E3502, 0x1E36, 0x1E3601, 0x1E37, 0x1E3702,
  0x1E38, 0x1E3801, 0x1E39, 0x1E3902, 0x1E3A, 0x1E3A01, 0x1E3B, 0x1E3B02,
  0x1E3C, 0x1E3C01, 0x1E3D, 0x1E3D02, 0x1E3E, 0x1E3E01, 0x1E3F, 0x1E3F02,
  0x1E40, 0x1E4001, 0x1E41, 0x1E4102, 0x1E42, 0x1E4201, 0x1E43, 0x1E4302,
  0x1E44, 0x1E4401, 0x1E45, 0x1E4502, 0x1E46, 0x1E4601, 0x1E47, 0x1E4702,
  0x1E48, 0x1E4801, 0x1E49, 0x1E4902, 0x1E4A, 0x1E4A01, 0x1E4B, 0x1E4B02,
  0x1E4C, 0x1E4C01, 0x1E4D, 0x1E4D02, 0x1E4E, 0x1E4E01, 0x1E4F, 0x1E4F02,
  0x1E50, 0x1E5001, 0x1E51, 0x1E5102, 0x1E52, 0x1E5201, 0x1E53, 0x1E5302,
  0x1E54, 0x1E5401, 0x1E55, 0x1E5502, 0x1E56, 0x1E5601, 0x1E57, 0x1E5702,
  0x1E58, 0x1E5801, 0x1E59, 0x1E5902, 0x1E5A, 0x1E5A01, 0x1E5B, 0x1E5B02,
  0x1E5C, 0x1E5C01, 0x1E5D, 0x1E5D02, 0x1E5E, 0x1E5E01, 0x1E5F, 0x1E5F02,
  0x1E60, 0x1E6001, 0x1E61, 0x1E6102, 0x1E62, 0x1E6201, 0x1E63, 0x1E6302,
  0x1E64, 0x1E6401, 0x1E65, 0x1E6502, 0x1E66, 0x1E6601, 0x1E67, 0x1E6702,
  0x1E68, 0x1E6801, 0x1E69, 0x1E6902, 0x1E6A, 0x1E6A01, 0x1E6B, 0x1E6B02,
  0x1E6C, 0x1E6C01, 0x1E6D, 0x1E6D02, 0x1E6E, 0x1E6E01, 0x1E6F, 0x1E6F02,
  0x1E70, 0x1E7001, 0x1E71, 0x1E7102, 0x1E72, 0x1E7201, 0x1E73, 0x1E7302,
  0x1E74, 0x1E7401, 0x1E75, 0x1E7502, 0x1E76, 0x1E7601, 0x1E77, 0x1E7702,
  0x1E78, 0x1E7801, 0x1E79, 0x1E7902, 0x1E7A, 0x1E7A01, 0x1E7B, 0x1E7B02,
  0x1E7C, 0x1E7C01, 0x1E7D, 0x1E7D02, 0x1E7E, 0x1E7E01, 0x1E7F, 0x1E7F02,
  0x1E80, 0x1E8001, 0x1E81, 0x1E8102, 0x1E82, 0x1E8201, 0x1E83, 0x1E8302,
  0x1E84, 0x1E8401, 0x1E85, 0x1E8502, 0x1E86, 0x1E8601, 0x1E87, 0x1E8702,
  0x1E88, 0x1E8801, 0x1E89, 0x1E8902, 0x1E8A, 0x1E8A01, 0x1E8B, 0x1E8B02,
  0x1E8C, 0x1E8C01, 0x1E8D, 0x1E8D02, 0x1E8E, 0x1E8E01, 0x1E8F, 0x1E8F02,
  0x1E90, 0x1E9001, 0x1E91, 0x1E9102, 0x1E92, 0x1E9201, 0x1E93, 0x1E9302,
  0x1E94, 0x1E9401, 0x1E95, 0x1E9D02, 0x1E9E, 0x1E9E01, 0x1E9F, 0x1E9F02,
  0x1EA0, 0x1EA001, 0x1EA1, 0x1EA102, 0x1EA2, 0x1EA201, 0x1EA3, 0x1EA302,
  0x1EA4, 0x1EA401, 0x1EA5, 0x1EA502, 0x1EA6, 0x1EA601, 0x1EA7, 0x1EA702,
  0x1EA8, 0x1EA801, 0x1EA9, 0x1EA902, 0x1EAA, 0x1EAA01, 0x1EAB, 0x1EAB02,
  0x1EAC, 0x1EAC01, 0x1EAD, 0x1EAD02, 0x1EAE, 0x1EAE01, 0x1EAF, 0x1EAF02,
  0x1EB0, 0x1EB001, 0x1EB1, 0x1EB102, 0x1EB2, 0x1EB201, 0x1EB3, 0x1EB302,
  0x1EB4, 0x1EB401, 0x1EB5, 0x1EB502, 0x1EB6, 0x1EB601, 0x1EB7, 0x1EB702,
  0x1EB8, 0x1EB801, 0x1EB9, 0x1EB902, 0x1EBA, 0x1EBA01, 0x1EBB, 0x1EBB02,
  0x1EBC, 0x1EBC01, 0x1EBD, 0x1EBD02, 0x1EBE, 0x1EBE01, 0x1EBF, 0x1EBF02,
  0x1EC0, 0x1EC001, 0x1EC1, 0x1EC102, 0x1EC2, 0x1EC201, 0x1EC3, 0x1EC302,
  0x1EC4, 0x1EC401, 0x1EC5, 0x1EC502, 0x1EC6, 0x1EC601, 0x1EC7, 0x1EC702,
  0x1EC8, 0x1EC801, 0x1EC9, 0x1EC902, 0x1ECA, 0x1ECA01, 0x1ECB, 0x1ECB02,
  0x1ECC, 0x1ECC01, 0x1ECD, 0x1ECD02, 0x1ECE, 0x1ECE01, 0x1ECF, 0x1ECF02,
  0x1ED0, 0x1ED001, 0x1ED1, 0x1ED102, 0x1ED2, 0x1ED201, 0x1ED3, 0x1ED302,
  0x1ED4, 0x1ED401, 0x1ED5, 0x1ED502, 0x1ED6, 0x1ED601, 0x1ED7, 0x1ED702,
  0x1ED8, 0x1ED801, 0x1ED9, 0x1ED902, 0x1EDA, 0x1EDA01, 0x1EDB, 0x1EDB02,
  0x1EDC, 0x1EDC01, 0x1EDD, 0x1EDD02, 0x1EDE, 0x1EDE01, 0x1EDF, 0x1EDF02,
  0x1EE0, 0x1EE001, 0x1EE1, 0x1EE102, 0x1EE2, 0x1EE201, 0x1EE3, 0x1EE302,
  0x1EE4, 0x1EE401, 0x1EE5, 0x1EE502, 0x1EE6, 0x1EE601, 0x1EE7, 0x1EE702,
  0x1EE8, 0x1EE801, 0x1EE9, 0x1EE902, 0x1EEA, 0x1EEA01, 0x1EEB, 0x1EEB02,
  0x1EEC, 0x1EEC01, 0x1EED, 0x1EED02, 0x1EEE, 0x1EEE01, 0x1EEF, 0x1EEF02,
  0x1EF0, 0x1EF001, 0x1EF1, 0x1EF102, 0x1EF2, 0x1EF201, 0x1EF3, 0x1EF302,
  0x1EF4, 0x1EF401, 0x1EF5, 0x1EF502, 0x1EF6, 0x1EF601, 0x1EF7, 0x1EF702,
  0x1EF8, 0x1EF801, 0x1EF9, 0x1EF902, 0x1EFA, 0x1EFA01, 0x1EFB, 0x1EFB02,
  0x1EFC, 0x1EFC01, 0x1EFD, 0x1EFD02, 0x1EFE, 0x1EFE01, 0x1EFF, 0x1F0702,
  0x1F08, 0x1F0F01, 0x1F10, 0x1F1502, 0x1F18, 0x1F1D01, 0x1F20, 0x1F2702,
  0x1F28, 0x1F2F01, 0x1F30, 0x1F3702, 0x1F38, 0x1F3F01, 0x1F40, 0x1F4502,
  0x1F48, 0x1F4D01, 0x1F50, 0x1F5702, 0x1F59, 0x1F5901, 0x1F5B, 0x1F5B01,
  0x1F5D, 0x1F5D01, 0x1F5F, 0x1F5F01, 0x1F60, 0x1F6702, 0x1F68, 0x1F6F01,
  0x1F70, 0x1F7D02, 0x1F80, 0x1F8702, 0x1F88, 0x1F8F03, 0x1F90, 0x1F9702,
  0x1F98, 0x1F9F03, 0x1FA0, 0x1FA702, 0x1FA8, 0x1FAF03, 0x1FB0, 0x1FB402,
  0x1FB6, 0x1FB702, 0x1FB8, 0x1FBB01, 0x1FBC, 0x1FBC03, 0x1FBD, 0x1FBD15,
  0x1FBE, 0x1FBE02, 0x1FBF, 0x1FC115, 0x1FC2, 0x1FC402, 0x1FC6, 0x1FC702,
  0x1FC8, 0x1FCB01, 0x1FCC, 0x1FCC03, 0x1FCD, 0x1FCF15, 0x1FD0, 0x1FD302,
  0x1FD6, 0x1FD702, 0x1FD8, 0x1FDB01, 0x1FDD, 0x1FDF15, 0x1FE0, 0x1FE702,
  0x1FE8, 0x1FEC01, 0x1FED, 0x1FEF15, 0x1FF2, 0x1FF402, 0x1FF6, 0x1FF702,
  0x1FF8, 0x1FFB01, 0x1FFC, 0x1FFC03, 0x1FFD, 0x1FFE15, 0x2000, 0x200A17,
  0x200B, 0x200F1B, 0x2010, 0x20150D, 0x2016, 0x201712, 0x2018, 0x201810,
  0x2019, 0x201911, 0x201A, 0x201A0E, 0x201B, 0x201C10, 0x201D, 0x201D11,
  0x201E, 0x201E0E, 0x201F, 0x201F10, 0x2020, 0x202712, 0x2028, 0x202818,
  0x2029, 0x202919, 0x202A, 0x202E1B, 0x202F, 0x202F17, 0x2030, 0x203812,
  0x2039, 0x203910, 0x203A, 0x203A11, 0x203B, 0x203E12, 0x203F, 0x20400C,
  0x2041, 0x204312, 0x2044, 0x204413, 0x2045, 0x20450E, 0x2046, 0x20460F,
  0x2047, 0x205112, 0x2052, 0x205213, 0x2053, 0x205312, 0x2054, 0x20540C,
  0x2055, 0x205E12, 0x205F, 0x205F17, 0x2060, 0x20641B, 0x2066, 0x206F1B,
  0x2070, 0x20700B, 0x2071, 0x207104, 0x2074, 0x20790B, 0x207A, 0x207C13,
  0x207D, 0x207D0E, 0x207E, 0x207E0F, 0x207F, 0x207F04, 0x2080, 0x20890B,
  0x208A, 0x208C13, 0x208D, 0x208D0E, 0x208E, 0x208E0F, 0x2090, 0x209C04,
  0x20A0, 0x20C114, 0x20D0, 0x20DC06, 0x20DD, 0x20E008, 0x20E1, 0x20E106,
  0x20E2, 0x20E408, 0x20E5, 0x20F006, 0x2100, 0x210116, 0x2102, 0x210201,
  0x2103, 0x210616, 0x2107, 0x210701, 0x2108, 0x210916, 0x210A, 0x210A02,
  0x210B, 0x210D01, 0x210E, 0x210F02, 0x2110, 0x211201, 0x2113, 0x211302,
  0x2114, 0x211416, 0x2115, 0x211501, 0x2116, 0x211716, 0x2118, 0x211813,
  0x2119, 0x211D01, 0x211E, 0x212316, 0x2124, 0x212401, 0x2125, 0x212516,
  0x2126, 0x212601, 0x2127, 0x212716, 0x2128, 0x212801, 0x2129, 0x212916,
  0x212A, 0x212D01, 0x212E, 0x212E16, 0x212F, 0x212F02, 0x2130, 0x213301,
  0x2134, 0x213402, 0x2135, 0x213805, 0x2139, 0x213902, 0x213A, 0x213B16,
  0x213C, 0x213D02, 0x213E, 0x213F01, 0x2140, 0x214413, 0x2145, 0x214501,
  0x2146, 0x214902, 0x214A, 0x214A16, 0x214B, 0x214B13, 0x214C, 0x214D16,
  0x214E, 0x214E02, 0x214F, 0x214F16, 0x2150, 0x215F0B, 0x2160, 0x21820A,
  0x2183, 0x218301, 0x2184, 0x218402, 0x2185, 0x21880A, 0x2189, 0x21890B,
  0x218A, 0x218B16, 0x2190, 0x219413, 0x2195, 0x219916, 0x219A, 0x219B13,
  0x219C, 0x219F16, 0x21A0, 0x21A013, 0x21A1, 0x21A216, 0x21A3, 0x21A313,
  0x21A4, 0x21A516, 0x21A6, 0x21A613, 0x21A7, 0x21AD16, 0x21AE, 0x21AE13,
  0x21AF, 0x21CD16, 0x21CE, 0x21CF13, 0x21D0, 0x21D116, 0x21D2, 0x21D213,
  0x21D3, 0x21D316, 0x21D4, 0x21D413, 0x21D5, 0x21F316, 0x21F4, 0x22FF13,
  0x2300, 0x230716, 0x2308, 0x23080E, 0x2309, 0x23090F, 0x230A, 0x230A0E,
  0x230B, 0x230B0F, 0x230C, 0x231F16, 0x2320, 0x232113, 0x2322, 0x232816,
  0x2329, 0x23290E, 0x232A, 0x232A0F, 0x232B, 0x237B16, 0x237C, 0x237C13,
  0x237D, 0x239A16, 0x239B, 0x23B313, 0x23B4, 0x23DB16, 0x23DC, 0x23E113,
  0x23E2, 0x242916, 0x2440, 0x244A16, 0x2460, 0x249B0B, 0x249C, 0x24E916,
  0x24EA, 0x24FF0B, 0x2500, 0x25B616, 0x25B7, 0x25B713, 0x25B8, 0x25C016,
  0x25C1, 0x25C113, 0x25C2, 0x25F716, 0x25F8, 0x25FF13, 0x2600, 0x266E16,
  0x266F, 0x266F13, 0x2670, 0x276716, 0x2768, 0x27680E, 0x2769, 0x27690F,
  0x276A, 0x276A0E, 0x276B, 0x276B0F, 0x276C, 0x276C0E, 0x276D, 0x276D0F,
  0x276E, 0x276E0E, 0x276F, 0x276F0F, 0x2770, 0x27700E, 0x2771, 0x27710F,
  0x2772, 0x27720E, 0x2773, 0x27730F, 0x2774, 0x27740E, 0x2775, 0x27750F,
  0x2776, 0x27930B, 0x2794, 0x27BF16, 0x27C0, 0x27C413, 0x27C5, 0x27C50E,
  0x27C6, 0x27C60F, 0x27C7, 0x27E513, 0x27E6, 0x27E60E, 0x27E7, 0x27E70F,
  0x27E8, 0x27E80E, 0x27E9, 0x27E90F, 0x27EA, 0x27EA0E, 0x27EB, 0x27EB0F,
  0x27EC, 0x27EC0E, 0x27ED, 0x27ED0F, 0x27EE, 0x27EE0E, 0x27EF, 0x27EF0F,
  0x27F0, 0x27FF13, 0x2800, 0x28FF16, 0x2900, 0x298213, 0x2983, 0x29830E,
  0x2984, 0x29840F, 0x2985, 0x29850E, 0x2986, 0x29860F, 0x2987, 0x29870E,
  0x2988, 0x29880F, 0x2989, 0x29890E, 0x298A, 0x298A0F, 0x298B, 0x298B0E,
  0x298C, 0x298C0F, 0x298D, 0x298D0E, 0x298E, 0x298E0F, 0x298F, 0x298F0E,
  0x2990, 0x29900F, 0x2991, 0x29910E, 0x2992, 0x29920F, 0x2993, 0x29930E,
  0x2994, 0x29940F, 0x2995, 0x29950E, 0x2996, 0x29960F, 0x2997, 0x29970E,
  0x2998, 0x29980F, 0x2999, 0x29D713, 0x29D8, 0x29D80E, 0x29D9, 0x29D90F,
  0x29DA, 0x29DA0E, 0x29DB, 0x29DB0F, 0x29DC, 0x29FB13, 0x29FC, 0x29FC0E,
  0x29FD, 0x29FD0F, 0x29FE, 0x2AFF13, 0x2B00, 0x2B2F16, 0x2B30, 0x2B4413,
  0x2B45, 0x2B4616, 0x2B47, 0x2B4C13, 0x2B4D, 0x2B7316, 0x2B76, 0x2BFF16,
  0x2C00, 0x2C2F01, 0x2C30, 0x2C5F02, 0x2C60, 0x2C6001, 0x2C61, 0x2C6102,
  0x2C62, 0x2C6401, 0x2C65, 0x2C6602, 0x2C67, 0x2C6701, 0x2C68, 0x2C6802,
  0x2C69, 0x2C6901, 0x2C6A, 0x2C6A02, 0x2C6B, 0x2C6B01, 0x2C6C, 0x2C6C02,
  0x2C6D, 0x2C7001, 0x2C71, 0x2C7102, 0x2C72, 0x2C7201, 0x2C73, 0x2C7402,
  0x2C75, 0x2C7501, 0x2C76, 0x2C7B02, 0x2C7C, 0x2C7D04, 0x2C7E, 0x2C8001,
  0x2C81, 0x2C8102, 0x2C82, 0x2C8201, 0x2C83, 0x2C8302, 0x2C84, 0x2C8401,
  0x2C85, 0x2C8502, 0x2C86, 0x2C8601, 0x2C87, 0x2C8702, 0x2C88, 0x2C8801,
  0x2C89, 0x2C8902, 0x2C8A, 0x2C8A01, 0x2C8B, 0x2C8B02, 0x2C8C, 0x2C8C01,
  0x2C8D, 0x2C8D02, 0x2C8E, 0x2C8E01, 0x2C8F, 0x2C8F02, 0x2C90, 0x2C9001,
  0x2C91, 0x2C9102, 0x2C92, 0x2C9201, 0x2C93, 0x2C9302, 0x2C94, 0x2C9401,
  0x2C95, 0x2C9502, 0x2C96, 0x2C9601, 0x2C97, 0x2C9702, 0x2C98, 0x2C9801,
  0x2C99, 0x2C9902, 0x2C9A, 0x2C9A01, 0x2C9B, 0x2C9B02, 0x2C9C, 0x2C9C01,
  0x2C9D, 0x2C9D02, 0x2C9E, 0x2C9E01, 0x2C9F, 0x2C9F02, 0x2CA0, 0x2CA001,
  0x2CA1, 0x2CA102, 0x2CA2, 0x2CA201, 0x2CA3, 0x2CA302, 0x2CA4, 0x2CA401,
  0x2CA5, 0x2CA502, 0x2CA6, 0x2CA601, 0x2CA7, 0x2CA702, 0x2CA8, 0x2CA801,
  0x2CA9, 0x2CA902, 0x2CAA, 0x2CAA01, 0x2CAB, 0x2CAB02, 0x2CAC, 0x2CAC01,
  0x2CAD, 0x2CAD02, 0x2CAE, 0x2CAE01, 0x2CAF, 0x2CAF02, 0x2CB0, 0x2CB001,
  0x2CB1, 0x2CB102, 0x2CB2, 0x2CB201, 0x2CB3, 0x2CB302, 0x2CB4, 0x2CB401,
  0x2CB5, 0x2CB502, 0x2CB6, 0x2CB601, 0x2CB7, 0x2CB702, 0x2CB8, 0x2CB801,
  0x2CB9, 0x2CB902, 0x2CBA, 0x2CBA01, 0x2CBB, 0x2CBB02, 0x2CBC, 0x2CBC01,
  0x2CBD, 0x2CBD02, 0x2CBE, 0x2CBE01, 0x2CBF, 0x2CBF02, 0x2CC0, 0x2CC001,
  0x2CC1, 0x2CC102, 0x2CC2, 0x2CC201, 0x2CC3, 0x2CC302, 0x2CC4, 0x2CC401,
  0x2CC5, 0x2CC502, 0x2CC6, 0x2CC601, 0x2CC7, 0x2CC702, 0x2CC8, 0x2CC801,
  0x2CC9, 0x2CC902, 0x2CCA, 0x2CCA01, 0x2CCB, 0x2CCB02, 0x2CCC, 0x2CCC01,
  0x2CCD, 0x2CCD02, 0x2CCE, 0x2CCE01, 0x2CCF, 0x2CCF02, 0x2CD0, 0x2CD001,
  0x2CD1, 0x2CD102, 0x2CD2, 0x2CD201, 0x2CD3, 0x2CD302, 0x2CD4, 0x2CD401,
  0x2CD5, 0x2CD502, 0x2CD6, 0x2CD601, 0x2CD7, 0x2CD702, 0x2CD8, 0x2CD801,
  0x2CD9, 0x2CD902, 0x2CDA, 0x2CDA01, 0x2CDB, 0x2CDB02, 0x2CDC, 0x2CDC01,
  0x2CDD, 0x2CDD02, 0x2CDE, 0x2CDE01, 0x2CDF, 0x2CDF02, 0x2CE0, 0x2CE001,
  0x2CE1, 0x2CE102, 0x2CE2, 0x2CE201, 0x2CE3, 0x2CE402, 0x2CE5, 0x2CEA16,
  0x2CEB, 0x2CEB01, 0x2CEC, 0x2CEC02, 0x2CED, 0x2CED01, 0x2CEE, 0x2CEE02,
  0x2CEF, 0x2CF106, 0x2CF2, 0x2CF201, 0x2CF3, 0x2CF302, 0x2CF9, 0x2CFC12,
  0x2CFD, 0x2CFD0B, 0x2CFE, 0x2CFF12, 0x2D00, 0x2D2502, 0x2D27, 0x2D2702,
  0x2D2D, 0x2D2D02, 0x2D30, 0x2D6705, 0x2D6F, 0x2D6F04, 0x2D70, 0x2D7012,
  0x2D7F, 0x2D7F06, 0x2D80, 0x2D9605, 0x2DA0, 0x2DA605, 0x2DA8, 0x2DAE05,
  0x2DB0, 0x2DB605, 0x2DB8, 0x2DBE05, 0x2DC0, 0x2DC605, 0x2DC8, 0x2DCE05,
  0x2DD0, 0x2DD605, 0x2DD8, 0x2DDE05, 0x2DE0, 0x2DFF06, 0x2E00, 0x2E0112,
  0x2E02, 0x2E0210, 0x2E03, 0x2E0311, 0x2E04, 0x2E0410, 0x2E05, 0x2E0511,
  0x2E06, 0x2E0812, 0x2E09, 0x2E0910, 0x2E0A, 0x2E0A11, 0x2E0B, 0x2E0B12,
  0x2E0C, 0x2E0C10, 0x2E0D, 0x2E0D11, 0x2E0E, 0x2E1612, 0x2E17, 0x2E170D,
  0x2E18, 0x2E1912, 0x2E1A, 0x2E1A0D, 0x2E1B, 0x2E1B12, 0x2E1C, 0x2E1C10,
  0x2E1D, 0x2E1D11, 0x2E1E, 0x2E1F12, 0x2E20, 0x2E2010, 0x2E21, 0x2E2111,
  0x2E22, 0x2E220E, 0x2E23, 0x2E230F, 0x2E24, 0x2E240E, 0x2E25, 0x2E250F,
  0x2E26, 0x2E260E, 0x2E27, 0x2E270F, 0x2E28, 0x2E280E, 0x2E29, 0x2E290F,
  0x2E2A, 0x2E2E12, 0x2E2F, 0x2E2F04, 0x2E30, 0x2E3912, 0x2E3A, 0x2E3B0D,
  0x2E3C, 0x2E3F12, 0x2E40, 0x2E400D, 0x2E41, 0x2E4112, 0x2E42, 0x2E420E,
  0x2E43, 0x2E4F12, 0x2E50, 0x2E5116, 0x2E52, 0x2E5412, 0x2E55, 0x2E550E,
  0x2E56, 0x2E560F, 0x2E57, 0x2E570E, 0x2E58, 0x2E580F, 0x2E59, 0x2E590E,
  0x2E5A, 0x2E5A0F, 0x2E5B, 0x2E5B0E, 0x2E5C, 0x2E5C0F, 0x2E5D, 0x2E5D0D,
  0x2E80, 0x2E9916, 0x2E9B, 0x2EF316, 0x2F00, 0x2FD516, 0x2FF0, 0x2FFF16,
  0x3000, 0x300017, 0x3001, 0x300312, 0x3004, 0x300416, 0x3005, 0x300504,
  0x3006, 0x300605, 0x3007, 0x30070A, 0x3008, 0x30080E, 0x3009, 0x30090F,
  0x300A, 0x300A0E, 0x300B, 0x300B0F, 0x300C, 0x300C0E, 0x300D, 0x300D0F,
  0x300E, 0x300E0E, 0x300F, 0x300F0F, 0x3010, 0x30100E, 0x3011, 0x30110F,
  0x3012, 0x301316, 0x3014, 0x30140E, 0x3015, 0x30150F, 0x3016, 0x30160E,
  0x3017, 0x30170F, 0x3018, 0x30180E, 0x3019, 0x30190F, 0x301A, 0x301A0E,
  0x301B, 0x301B0F, 0x301C, 0x301C0D, 0x301D, 0x301D0E, 0x301E, 0x301F0F,
  0x3020, 0x302016, 0x3021, 0x30290A, 0x302A, 0x302D06, 0x302E, 0x302F07,
  0x3030, 0x30300D, 0x3031, 0x303504, 0x3036, 0x303716, 0x3038, 0x303A0A,
  0x303B, 0x303B04, 0x303C, 0x303C05, 0x303D, 0x303D12, 0x303E, 0x303F16,
  0x3041, 0x309605, 0x3099, 0x309A06, 0x309B, 0x309C15, 0x309D, 0x309E04,
  0x309F, 0x309F05, 0x30A0, 0x30A00D, 0x30A1, 0x30FA05, 0x30FB, 0x30FB12,
  0x30FC, 0x30FE04, 0x30FF, 0x30FF05, 0x3105, 0x312F05, 0x3131, 0x318E05,
  0x3190, 0x319116, 0x3192, 0x31950B, 0x3196, 0x319F16, 0x31A0, 0x31BF05,
  0x31C0, 0x31E516, 0x31EF, 0x31EF16, 0x31F0, 0x31FF05, 0x3200, 0x321E16,
  0x3220, 0x32290B, 0x322A, 0x324716, 0x3248, 0x324F0B, 0x3250, 0x325016,
  0x3251, 0x325F0B, 0x3260, 0x327F16, 0x3280, 0x32890B, 0x328A, 0x32B016,
  0x32B1, 0x32BF0B, 0x32C0, 0x33FF16, 0x3400, 0x4DBF05, 0x4DC0, 0x4DFF16,
  0x4E00, 0xA01405, 0xA015, 0xA01504, 0xA016, 0xA48C05, 0xA490, 0xA4C616,
  0xA4D0, 0xA4F705, 0xA4F8, 0xA4FD04, 0xA4FE, 0xA4FF12, 0xA500, 0xA60B05,
  0xA60C, 0xA60C04, 0xA60D, 0xA60F12, 0xA610, 0xA61F05, 0xA620, 0xA62909,
  0xA62A, 0xA62B05, 0xA640, 0xA64001, 0xA641, 0xA64102, 0xA642, 0xA64201,
  0xA643, 0xA64302, 0xA644, 0xA64401, 0xA645, 0xA64502, 0xA646, 0xA64601,
  0xA647, 0xA64702, 0xA648, 0xA64801, 0xA649, 0xA64902, 0xA64A, 0xA64A01,
  0xA64B, 0xA64B02, 0xA64C, 0xA64C01, 0xA64D, 0xA64D02, 0xA64E, 0xA64E01,
  0xA64F, 0xA64F02, 0xA650, 0xA65001, 0xA651, 0xA65102, 0xA652, 0xA65201,
  0xA653, 0xA65302, 0xA654, 0xA65401, 0xA655, 0xA65502, 0xA656, 0xA65601,
  0xA657, 0xA65702, 0xA658, 0xA65801, 0xA659, 0xA65902, 0xA65A, 0xA65A01,
  0xA65B, 0xA65B02, 0xA65C, 0xA65C01, 0xA65D, 0xA65D02, 0xA65E, 0xA65E01,
  0xA65F, 0xA65F02, 0xA660, 0xA66001, 0xA661, 0xA66102, 0xA662, 0xA66201,
  0xA663, 0xA66302, 0xA664, 0xA66401, 0xA665, 0xA66502, 0xA666, 0xA66601,
  0xA667, 0xA66702, 0xA668, 0xA66801, 0xA669, 0xA66902, 0xA66A, 0xA66A01,
  0xA66B, 0xA66B02, 0xA66C, 0xA66C01, 0xA66D, 0xA66D02, 0xA66E, 0xA66E05,
  0xA66F, 0xA66F06, 0xA670, 0xA67208, 0xA673, 0xA67312, 0xA674, 0xA67D06,
  0xA67E, 0xA67E12, 0xA67F, 0xA67F04, 0xA680, 0xA68001, 0xA681, 0xA68102,
  0xA682, 0xA68201, 0xA683, 0xA68302, 0xA684, 0xA68401, 0xA685, 0xA68502,
  0xA686, 0xA68601, 0xA687, 0xA68702, 0xA688, 0xA68801, 0xA689, 0xA68902,
  0xA68A, 0xA68A01, 0xA68B, 0xA68B02, 0xA68C, 0xA68C01, 0xA68D, 0xA68D02,
  0xA68E, 0xA68E01, 0xA68F, 0xA68F02, 0xA690, 0xA69001, 0xA691, 0xA69102,
  0xA692, 0xA69201, 0xA693, 0xA69302, 0xA694, 0xA69401, 0xA695, 0xA69502,
  0xA696, 0xA69601, 0xA697, 0xA69702, 0xA698, 0xA69801, 0xA699, 0xA69902,
  0xA69A, 0xA69A01, 0xA69B, 0xA69B02, 0xA69C, 0xA69D04, 0xA69E, 0xA69F06,
  0xA6A0, 0xA6E505, 0xA6E6, 0xA6EF0A, 0xA6F0, 0xA6F106, 0xA6F2, 0xA6F712,
  0xA700, 0xA71615, 0xA717, 0xA71F04, 0xA720, 0xA72115, 0xA722, 0xA72201,
  0xA723, 0xA72302, 0xA724, 0xA72401, 0xA725, 0xA72502, 0xA726, 0xA72601,
  0xA727, 0xA72702, 0xA728, 0xA72801, 0xA729, 0xA72902, 0xA72A, 0xA72A01,
  0xA72B, 0xA72B02, 0xA72C, 0xA72C01, 0xA72D, 0xA72D02, 0xA72E, 0xA72E01,
  0xA72F, 0xA73102, 0xA732, 0xA73201, 0xA733, 0xA73302, 0xA734, 0xA73401,
  0xA735, 0xA73502, 0xA736, 0xA73601, 0xA737, 0xA73702, 0xA738, 0xA73801,
  0xA739, 0xA73902, 0xA73A, 0xA73A01, 0xA73B, 0xA73B02, 0xA73C, 0xA73C01,
  0xA73D, 0xA73D02, 0xA73E, 0xA73E01, 0xA73F, 0xA73F02, 0xA740, 0xA74001,
  0xA741, 0xA74102, 0xA742, 0xA74201, 0xA743, 0xA74302, 0xA744, 0xA74401,
  0xA745, 0xA74502, 0xA746, 0xA74601, 0xA747, 0xA74702, 0xA748, 0xA74801,
  0xA749, 0xA74902, 0xA74A, 0xA74A01, 0xA74B, 0xA74B02, 0xA74C, 0xA74C01,
  0xA74D, 0xA74D02, 0xA74E, 0xA74E01, 0xA74F, 0xA74F02, 0xA750, 0xA75001,
  0xA751, 0xA75102, 0xA752, 0xA75201, 0xA753, 0xA75302, 0xA754, 0xA75401,
  0xA755, 0xA75502, 0xA756, 0xA75601, 0xA757, 0xA75702, 0xA758, 0xA75801,
  0xA759, 0xA75902, 0xA75A, 0xA75A01, 0xA75B, 0xA75B02, 0xA75C, 0xA75C01,
  0xA75D, 0xA75D02, 0xA75E, 0xA75E01, 0xA75F, 0xA75F02, 0xA760, 0xA76001,
  0xA761, 0xA76102, 0xA762, 0xA76201, 0xA763, 0xA76302, 0xA764, 0xA76401,
  0xA765, 0xA76502, 0xA766, 0xA76601, 0xA767, 0xA76702, 0xA768, 0xA76801,
  0xA769, 0xA76902, 0xA76A, 0xA76A01, 0xA76B, 0xA76B02, 0xA76C, 0xA76C01,
  0xA76D, 0xA76D02, 0xA76E, 0xA76E01, 0xA76F, 0xA76F02, 0xA770, 0xA77004,
  0xA771, 0xA77802, 0xA779, 0xA77901, 0xA77A, 0xA77A02, 0xA77B, 0xA77B01,
  0xA77C, 0xA77C02, 0xA77D, 0xA77E01, 0xA77F, 0xA77F02, 0xA780, 0xA78001,
  0xA781, 0xA78102, 0xA782, 0xA78201, 0xA783, 0xA78302, 0xA784, 0xA78401,
  0xA785, 0xA78502, 0xA786, 0xA78601, 0xA787, 0xA78702, 0xA788, 0xA78804,
  0xA789, 0xA78A15, 0xA78B, 0xA78B01, 0xA78C, 0xA78C02, 0xA78D, 0xA78D01,
  0xA78E, 0xA78E02, 0xA78F, 0xA78F05, 0xA790, 0xA79001, 0xA791, 0xA79102,
  0xA792, 0xA79201, 0xA793, 0xA79502, 0xA796, 0xA79601, 0xA797, 0xA79702,
  0xA798, 0xA79801, 0xA799, 0xA79902, 0xA79A, 0xA79A01, 0xA79B, 0xA79B02,
  0xA79C, 0xA79C01, 0xA79D, 0xA79D02, 0xA79E, 0xA79E01, 0xA79F, 0xA79F02,
  0xA7A0, 0xA7A001, 0xA7A1, 0xA7A102, 0xA7A2, 0xA7A201, 0xA7A3, 0xA7A302,
  0xA7A4, 0xA7A401, 0xA7A5, 0xA7A502, 0xA7A6, 0xA7A601, 0xA7A7, 0xA7A702,
  0xA7A8, 0xA7A801, 0xA7A9, 0xA7A902, 0xA7AA, 0xA7AE01, 0xA7AF, 0xA7AF02,
  0xA7B0, 0xA7B401, 0xA7B5, 0xA7B502, 0xA7B6, 0xA7B601, 0xA7B7, 0xA7B702,
  0xA7B8, 0xA7B801, 0xA7B9, 0xA7B902, 0xA7BA, 0xA7BA01, 0xA7BB, 0xA7BB02,
  0xA7BC, 0xA7BC01, 0xA7BD, 0xA7BD02, 0xA7BE, 0xA7BE01, 0xA7BF, 0xA7BF02,
  0xA7C0, 0xA7C001, 0xA7C1, 0xA7C102, 0xA7C2, 0xA7C201, 0xA7C3, 0xA7C302,
  0xA7C4, 0xA7C701, 0xA7C8, 0xA7C802, 0xA7C9, 0xA7C901, 0xA7CA, 0xA7CA02,
  0xA7CB, 0xA7CC01, 0xA7CD, 0xA7CD02, 0xA7CE, 0xA7CE01, 0xA7CF, 0xA7CF02,
  0xA7D0, 0xA7D001, 0xA7D1, 0xA7D102, 0xA7D2, 0xA7D201, 0xA7D3, 0xA7D302,
  0xA7D4, 0xA7D401, 0xA7D5, 0xA7D502, 0xA7D6, 0xA7D601, 0xA7D7, 0xA7D702,
  0xA7D8, 0xA7D801, 0xA7D9, 0xA7D902, 0xA7DA, 0xA7DA01, 0xA7DB, 0xA7DB02,
  0xA7DC, 0xA7DC01, 0xA7F1, 0xA7F404, 0xA7F5, 0xA7F501, 0xA7F6, 0xA7F602,
  0xA7F7, 0xA7F705, 0xA7F8, 0xA7F904, 0xA7FA, 0xA7FA02, 0xA7FB, 0xA80105,
  0xA802, 0xA80206, 0xA803, 0xA80505, 0xA806, 0xA80606, 0xA807, 0xA80A05,
  0xA80B, 0xA80B06, 0xA80C, 0xA82205, 0xA823, 0xA82407, 0xA825, 0xA82606,
  0xA827, 0xA82707, 0xA828, 0xA82B16, 0xA82C, 0xA82C06, 0xA830, 0xA8350B,
  0xA836, 0xA83716, 0xA838, 0xA83814, 0xA839, 0xA83916, 0xA840, 0xA87305,
  0xA874, 0xA87712, 0xA880, 0xA88107, 0xA882, 0xA8B305, 0xA8B4, 0xA8C307,
  0xA8C4, 0xA8C506, 0xA8CE, 0xA8CF12, 0xA8D0, 0xA8D909, 0xA8E0, 0xA8F106,
  0xA8F2, 0xA8F705, 0xA8F8, 0xA8FA12, 0xA8FB, 0xA8FB05, 0xA8FC, 0xA8FC12,
  0xA8FD, 0xA8FE05, 0xA8FF, 0xA8FF06, 0xA900, 0xA90909, 0xA90A, 0xA92505,
  0xA926, 0xA92D06, 0xA92E, 0xA92F12, 0xA930, 0xA94605, 0xA947, 0xA95106,
  0xA952, 0xA95307, 0xA95F, 0xA95F12, 0xA960, 0xA97C05, 0xA980, 0xA98206,
  0xA983, 0xA98307, 0xA984, 0xA9B205, 0xA9B3, 0xA9B306, 0xA9B4, 0xA9B507,
  0xA9B6, 0xA9B906, 0xA9BA, 0xA9BB07, 0xA9BC, 0xA9BD06, 0xA9BE, 0xA9C007,
  0xA9C1, 0xA9CD12, 0xA9CF, 0xA9CF04, 0xA9D0, 0xA9D909, 0xA9DE, 0xA9DF12,
  0xA9E0, 0xA9E405, 0xA9E5, 0xA9E506, 0xA9E6, 0xA9E604, 0xA9E7, 0xA9EF05,
  0xA9F0, 0xA9F909, 0xA9FA, 0xA9FE05, 0xAA00, 0xAA2805, 0xAA29, 0xAA2E06,
  0xAA2F, 0xAA3007, 0xAA31, 0xAA3206, 0xAA33, 0xAA3407, 0xAA35, 0xAA3606,
  0xAA40, 0xAA4205, 0xAA43, 0xAA4306, 0xAA44, 0xAA4B05, 0xAA4C, 0xAA4C06,
  0xAA4D, 0xAA4D07, 0xAA50, 0xAA5909, 0xAA5C, 0xAA5F12, 0xAA60, 0xAA6F05,
  0xAA70, 0xAA7004, 0xAA71, 0xAA7605, 0xAA77, 0xAA7916, 0xAA7A, 0xAA7A05,
  0xAA7B, 0xAA7B07, 0xAA7C, 0xAA7C06, 0xAA7D, 0xAA7D07, 0xAA7E, 0xAAAF05,
  0xAAB0, 0xAAB006, 0xAAB1, 0xAAB105, 0xAAB2, 0xAAB406, 0xAAB5, 0xAAB605,
  0xAAB7, 0xAAB806, 0xAAB9, 0xAABD05, 0xAABE, 0xAABF06, 0xAAC0, 0xAAC005,
  0xAAC1, 0xAAC106, 0xAAC2, 0xAAC205, 0xAADB, 0xAADC05, 0xAADD, 0xAADD04,
  0xAADE, 0xAADF12, 0xAAE0, 0xAAEA05, 0xAAEB, 0xAAEB07, 0xAAEC, 0xAAED06,
  0xAAEE, 0xAAEF07, 0xAAF0, 0xAAF112, 0xAAF2, 0xAAF205, 0xAAF3, 0xAAF404,
  0xAAF5, 0xAAF507, 0xAAF6, 0xAAF606, 0xAB01, 0xAB0605, 0xAB09, 0xAB0E05,
  0xAB11, 0xAB1605, 0xAB20, 0xAB2605, 0xAB28, 0xAB2E05, 0xAB30, 0xAB5A02,
  0xAB5B, 0xAB5B15, 0xAB5C, 0xAB5F04, 0xAB60, 0xAB6802, 0xAB69, 0xAB6904,
  0xAB6A, 0xAB6B15, 0xAB70, 0xABBF02, 0xABC0, 0xABE205, 0xABE3, 0xABE407,
  0xABE5, 0xABE506, 0xABE6, 0xABE707, 0xABE8, 0xABE806, 0xABE9, 0xABEA07,
  0xABEB, 0xABEB12, 0xABEC, 0xABEC07, 0xABED, 0xABED06, 0xABF0, 0xABF909,
  0xAC00, 0xD7A305, 0xD7B0, 0xD7C605, 0xD7CB, 0xD7FB05, 0xD800, 0xDFFF1C,
  0xE000, 0xF8FF1D, 0xF900, 0xFA6D05, 0xFA70, 0xFAD905, 0xFB00, 0xFB0602,
  0xFB13, 0xFB1702, 0xFB1D, 0xFB1D05, 0xFB1E, 0xFB1E06, 0xFB1F, 0xFB2805,
  0xFB29, 0xFB2913, 0xFB2A, 0xFB3605, 0xFB38, 0xFB3C05, 0xFB3E, 0xFB3E05,
  0xFB40, 0xFB4105, 0xFB43, 0xFB4405, 0xFB46, 0xFBB105, 0xFBB2, 0xFBC215,
  0xFBC3, 0xFBD216, 0xFBD3, 0xFD3D05, 0xFD3E, 0xFD3E0F, 0xFD3F, 0xFD3F0E,
  0xFD40, 0xFD4F16, 0xFD50, 0xFD8F05, 0xFD90, 0xFD9116, 0xFD92, 0xFDC705,
  0xFDC8, 0xFDCF16, 0xFDF0, 0xFDFB05, 0xFDFC, 0xFDFC14, 0xFDFD, 0xFDFF16,
  0xFE00, 0xFE0F06, 0xFE10, 0xFE1612, 0xFE17, 0xFE170E, 0xFE18, 0xFE180F,
  0xFE19, 0xFE1912, 0xFE20, 0xFE2F06, 0xFE30, 0xFE3012, 0xFE31, 0xFE320D,
  0xFE33, 0xFE340C, 0xFE35, 0xFE350E, 0xFE36, 0xFE360F, 0xFE37, 0xFE370E,
  0xFE38, 0xFE380F, 0xFE39, 0xFE390E, 0xFE3A, 0xFE3A0F, 0xFE3B, 0xFE3B0E,
  0xFE3C, 0xFE3C0F, 0xFE3D, 0xFE3D0E, 0xFE3E, 0xFE3E0F, 0xFE3F, 0xFE3F0E,
  0xFE40, 0xFE400F, 0xFE41, 0xFE410E, 0xFE42, 0xFE420F, 0xFE43, 0xFE430E,
  0xFE44, 0xFE440F, 0xFE45, 0xFE4612, 0xFE47, 0xFE470E, 0xFE48, 0xFE480F,
  0xFE49, 0xFE4C12, 0xFE4D, 0xFE4F0C, 0xFE50, 0xFE5212, 0xFE54, 0xFE5712,
  0xFE58, 0xFE580D, 0xFE59, 0xFE590E, 0xFE5A, 0xFE5A0F, 0xFE5B, 0xFE5B0E,
  0xFE5C, 0xFE5C0F, 0xFE5D, 0xFE5D0E, 0xFE5E, 0xFE5E0F, 0xFE5F, 0xFE6112,
  0xFE62, 0xFE6213, 0xFE63, 0xFE630D, 0xFE64, 0xFE6613, 0xFE68, 0xFE6812,
  0xFE69, 0xFE6914, 0xFE6A, 0xFE6B12, 0xFE70, 0xFE7405, 0xFE76, 0xFEFC05,
  0xFEFF, 0xFEFF1B, 0xFF01, 0xFF0312, 0xFF04, 0xFF0414, 0xFF05, 0xFF0712,
  0xFF08, 0xFF080E, 0xFF09, 0xFF090F, 0xFF0A, 0xFF0A12, 0xFF0B, 0xFF0B13,
  0xFF0C, 0xFF0C12, 0xFF0D, 0xFF0D0D, 0xFF0E, 0xFF0F12, 0xFF10, 0xFF1909,
  0xFF1A, 0xFF1B12, 0xFF1C, 0xFF1E13, 0xFF1F, 0xFF2012, 0xFF21, 0xFF3A01,
  0xFF3B, 0xFF3B0E, 0xFF3C, 0xFF3C12, 0xFF3D, 0xFF3D0F, 0xFF3E, 0xFF3E15,
  0xFF3F, 0xFF3F0C, 0xFF40, 0xFF4015, 0xFF41, 0xFF5A02, 0xFF5B, 0xFF5B0E,
  0xFF5C, 0xFF5C13, 0xFF5D, 0xFF5D0F, 0xFF5E, 0xFF5E13, 0xFF5F, 0xFF5F0E,
  0xFF60, 0xFF600F, 0xFF61, 0xFF6112, 0xFF62, 0xFF620E, 0xFF63, 0xFF630F,
  0xFF64, 0xFF6512, 0xFF66, 0xFF6F05, 0xFF70, 0xFF7004, 0xFF71, 0xFF9D05,
  0xFF9E, 0xFF9F04, 0xFFA0, 0xFFBE05, 0xFFC2, 0xFFC705, 0xFFCA, 0xFFCF05,
  0xFFD2, 0xFFD705, 0xFFDA, 0xFFDC05, 0xFFE0, 0xFFE114, 0xFFE2, 0xFFE213,
  0xFFE3, 0xFFE315, 0xFFE4, 0xFFE416, 0xFFE5, 0xFFE614, 0xFFE8, 0xFFE816,
  0xFFE9, 0xFFEC13, 0xFFED, 0xFFEE16, 0xFFF9, 0xFFFB1B, 0xFFFC, 0xFFFD16,
  0x10000, 0x1000B05, 0x1000D, 0x1002605, 0x10028, 0x1003A05, 0x1003C, 0x1003D05,
  0x1003F, 0x1004D05, 0x10050, 0x1005D05, 0x10080, 0x100FA05, 0x10100, 0x1010212,
  0x10107, 0x101330B, 0x10137, 0x1013F16, 0x10140, 0x101740A, 0x10175, 0x101780B,
  0x10179, 0x1018916, 0x1018A, 0x1018B0B, 0x1018C, 0x1018E16, 0x10190, 0x1019C16,
  0x101A0, 0x101A016, 0x101D0, 0x101FC16, 0x101FD, 0x101FD06, 0x10280, 0x1029C05,
  0x102A0, 0x102D005, 0x102E0, 0x102E006, 0x102E1, 0x102FB0B, 0x10300, 0x1031F05,
  0x10320, 0x103230B, 0x1032D, 0x1034005, 0x10341, 0x103410A, 0x10342, 0x1034905,
  0x1034A, 0x1034A0A, 0x10350, 0x1037505, 0x10376, 0x1037A06, 0x10380, 0x1039D05,
  0x1039F, 0x1039F12, 0x103A0, 0x103C305, 0x103C8, 0x103CF05, 0x103D0, 0x103D012,
  0x103D1, 0x103D50A, 0x10400, 0x1042701, 0x10428, 0x1044F02, 0x10450, 0x1049D05,
  0x104A0, 0x104A909, 0x104B0, 0x104D301, 0x104D8, 0x104FB02, 0x10500, 0x1052705,
  0x10530, 0x1056305, 0x1056F, 0x1056F12, 0x10570, 0x1057A01, 0x1057C, 0x1058A01,
  0x1058C, 0x1059201, 0x10594, 0x1059501, 0x10597, 0x105A102, 0x105A3, 0x105B102,
  0x105B3, 0x105B902, 0x105BB, 0x105BC02, 0x105C0, 0x105F305, 0x10600, 0x1073605,
  0x10740, 0x1075505, 0x10760, 0x1076705, 0x10780, 0x1078504, 0x10787, 0x107B004,
  0x107B2, 0x107BA04, 0x10800, 0x1080505, 0x10808, 0x1080805, 0x1080A, 0x1083505,
  0x10837, 0x1083805, 0x1083C, 0x1083C05, 0x1083F, 0x1085505, 0x10857, 0x1085712,
  0x10858, 0x1085F0B, 0x10860, 0x1087605, 0x10877, 0x1087816, 0x10879, 0x1087F0B,
  0x10880, 0x1089E05, 0x108A7, 0x108AF0B, 0x108E0, 0x108F205, 0x108F4, 0x108F505,
  0x108FB, 0x108FF0B, 0x10900, 0x1091505, 0x10916, 0x1091B0B, 0x1091F, 0x1091F12,
  0x10920, 0x1093905, 0x1093F, 0x1093F12, 0x10940, 0x1095905, 0x10980, 0x109B705,
  0x109BC, 0x109BD0B, 0x109BE, 0x109BF05, 0x109C0, 0x109CF0B, 0x109D2, 0x109FF0B,
  0x10A00, 0x10A0005, 0x10A01, 0x10A0306, 0x10A05, 0x10A0606, 0x10A0C, 0x10A0F06,
  0x10A10, 0x10A1305, 0x10A15, 0x10A1705, 0x10A19, 0x10A3505, 0x10A38, 0x10A3A06,
  0x10A3F, 0x10A3F06, 0x10A40, 0x10A480B, 0x10A50, 0x10A5812, 0x10A60, 0x10A7C05,
  0x10A7D, 0x10A7E0B, 0x10A7F, 0x10A7F12, 0x10A80, 0x10A9C05, 0x10A9D, 0x10A9F0B,
  0x10AC0, 0x10AC705, 0x10AC8, 0x10AC816, 0x10AC9, 0x10AE405, 0x10AE5, 0x10AE606,
  0x10AEB, 0x10AEF0B, 0x10AF0, 0x10AF612, 0x10B00, 0x10B3505, 0x10B39, 0x10B3F12,
  0x10B40, 0x10B5505, 0x10B58, 0x10B5F0B, 0x10B60, 0x10B7205, 0x10B78, 0x10B7F0B,
  0x10B80, 0x10B9105, 0x10B99, 0x10B9C12, 0x10BA9, 0x10BAF0B, 0x10C00, 0x10C4805,
  0x10C80, 0x10CB201, 0x10CC0, 0x10CF202, 0x10CFA, 0x10CFF0B, 0x10D00, 0x10D2305,
  0x10D24, 0x10D2706, 0x10D30, 0x10D3909, 0x10D40, 0x10D4909, 0x10D4A, 0x10D4D05,
  0x10D4E, 0x10D4E04, 0x10D4F, 0x10D4F05, 0x10D50, 0x10D6501, 0x10D69, 0x10D6D06,
  0x10D6E, 0x10D6E0D, 0x10D6F, 0x10D6F04, 0x10D70, 0x10D8502, 0x10D8E, 0x10D8F13,
  0x10E60, 0x10E7E0B, 0x10E80, 0x10EA905, 0x10EAB, 0x10EAC06, 0x10EAD, 0x10EAD0D,
  0x10EB0, 0x10EB105, 0x10EC2, 0x10EC405, 0x10EC5, 0x10EC504, 0x10EC6, 0x10EC705,
  0x10ED0, 0x10ED012, 0x10ED1, 0x10ED816, 0x10EFA, 0x10EFF06, 0x10F00, 0x10F1C05,
  0x10F1D, 0x10F260B, 0x10F27, 0x10F2705, 0x10F30, 0x10F4505, 0x10F46, 0x10F5006,
  0x10F51, 0x10F540B, 0x10F55, 0x10F5912, 0x10F70, 0x10F8105, 0x10F82, 0x10F8506,
  0x10F86, 0x10F8912, 0x10FB0, 0x10FC405, 0x10FC5, 0x10FCB0B, 0x10FE0, 0x10FF605,
  0x11000, 0x1100007, 0x11001, 0x1100106, 0x11002, 0x1100207, 0x11003, 0x1103705,
  0x11038, 0x1104606, 0x11047, 0x1104D12, 0x11052, 0x110650B, 0x11066, 0x1106F09,
  0x11070, 0x1107006, 0x11071, 0x1107205, 0x11073, 0x1107406, 0x11075, 0x1107505,
  0x1107F, 0x1108106, 0x11082, 0x1108207, 0x11083, 0x110AF05, 0x110B0, 0x110B207,
  0x110B3, 0x110B606, 0x110B7, 0x110B807, 0x110B9, 0x110BA06, 0x110BB, 0x110BC12,
  0x110BD, 0x110BD1B, 0x110BE, 0x110C112, 0x110C2, 0x110C206, 0x110CD, 0x110CD1B,
  0x110D0, 0x110E805, 0x110F0, 0x110F909, 0x11100, 0x1110206, 0x11103, 0x1112605,
  0x11127, 0x1112B06, 0x1112C, 0x1112C07, 0x1112D, 0x1113406, 0x11136, 0x1113F09,
  0x11140, 0x1114312, 0x11144, 0x1114405, 0x11145, 0x1114607, 0x11147, 0x1114705,
  0x11150, 0x1117205, 0x11173, 0x1117306, 0x11174, 0x1117512, 0x11176, 0x1117605,
  0x11180, 0x1118106, 0x11182, 0x1118207, 0x11183, 0x111B205, 0x111B3, 0x111B507,
  0x111B6, 0x111BE06, 0x111BF, 0x111C007, 0x111C1, 0x111C405, 0x111C5, 0x111C812,
  0x111C9, 0x111CC06, 0x111CD, 0x111CD12, 0x111CE, 0x111CE07, 0x111CF, 0x111CF06,
  0x111D0, 0x111D909, 0x111DA, 0x111DA05, 0x111DB, 0x111DB12, 0x111DC, 0x111DC05,
  0x111DD, 0x111DF12, 0x111E1, 0x111F40B, 0x11200, 0x1121105, 0x11213, 0x1122B05,
  0x1122C, 0x1122E07, 0x1122F, 0x1123106, 0x11232, 0x1123307, 0x11234, 0x1123406,
  0x11235, 0x1123507, 0x11236, 0x1123706, 0x11238, 0x1123D12, 0x1123E, 0x1123E06,
  0x1123F, 0x1124005, 0x11241, 0x1124106, 0x11280, 0x1128605, 0x11288, 0x1128805,
  0x1128A, 0x1128D05, 0x1128F, 0x1129D05, 0x1129F, 0x112A805, 0x112A9, 0x112A912,
  0x112B0, 0x112DE05, 0x112DF, 0x112DF06, 0x112E0, 0x112E207, 0x112E3, 0x112EA06,
  0x112F0, 0x112F909, 0x11300, 0x1130106, 0x11302, 0x1130307, 0x11305, 0x1130C05,
  0x1130F, 0x1131005, 0x11313, 0x1132805, 0x1132A, 0x1133005, 0x11332, 0x1133305,
  0x11335, 0x1133905, 0x1133B, 0x1133C06, 0x1133D, 0x1133D05, 0x1133E, 0x1133F07,
  0x11340, 0x1134006, 0x11341, 0x1134407, 0x11347, 0x1134807, 0x1134B, 0x1134D07,
  0x11350, 0x1135005, 0x11357, 0x1135707, 0x1135D, 0x1136105, 0x11362, 0x1136307,
  0x11366, 0x1136C06, 0x11370, 0x1137406, 0x11380, 0x1138905, 0x1138B, 0x1138B05,
  0x1138E, 0x1138E05, 0x11390, 0x113B505, 0x113B7, 0x113B705, 0x113B8, 0x113BA07,
  0x113BB, 0x113C006, 0x113C2, 0x113C207, 0x113C5, 0x113C507, 0x113C7, 0x113CA07,
  0x113CC, 0x113CD07, 0x113CE, 0x113CE06, 0x113CF, 0x113CF07, 0x113D0, 0x113D006,
  0x113D1, 0x113D105, 0x113D2, 0x113D206, 0x113D3, 0x113D305, 0x113D4, 0x113D512,
  0x113D7, 0x113D812, 0x113E1, 0x113E206, 0x11400, 0x1143405, 0x11435, 0x1143707,
  0x11438, 0x1143F06, 0x11440, 0x1144107, 0x11442, 0x1144406, 0x11445, 0x1144507,
  0x11446, 0x1144606, 0x11447, 0x1144A05, 0x1144B, 0x1144F12, 0x11450, 0x1145909,
  0x1145A, 0x1145B12, 0x1145D, 0x1145D12, 0x1145E, 0x1145E06, 0x1145F, 0x1146105,
  0x11480, 0x114AF05, 0x114B0, 0x114B207, 0x114B3, 0x114B806, 0x114B9, 0x114B907,
  0x114BA, 0x114BA06, 0x114BB, 0x114BE07, 0x114BF, 0x114C006, 0x114C1, 0x114C107,
  0x114C2, 0x114C306, 0x114C4, 0x114C505, 0x114C6, 0x114C612, 0x114C7, 0x114C705,
  0x114D0, 0x114D909, 0x11580, 0x115AE05, 0x115AF, 0x115B107, 0x115B2, 0x115B506,
  0x115B8, 0x115BB07, 0x115BC, 0x115BD06, 0x115BE, 0x115BE07, 0x115BF, 0x115C006,
  0x115C1, 0x115D712, 0x115D8, 0x115DB05, 0x115DC, 0x115DD06, 0x11600, 0x1162F05,
  0x11630, 0x1163207, 0x11633, 0x1163A06, 0x1163B, 0x1163C07, 0x1163D, 0x1163D06,
  0x1163E, 0x1163E07, 0x1163F, 0x1164006, 0x11641, 0x1164312, 0x11644, 0x1164405,
  0x11650, 0x1165909, 0x11660, 0x1166C12, 0x11680, 0x116AA05, 0x116AB, 0x116AB06,
  0x116AC, 0x116AC07, 0x116AD, 0x116AD06, 0x116AE, 0x116AF07, 0x116B0, 0x116B506,
  0x116B6, 0x116B607, 0x116B7, 0x116B706, 0x116B8, 0x116B805, 0x116B9, 0x116B912,
  0x116C0, 0x116C909, 0x116D0, 0x116E309, 0x11700, 0x1171A05, 0x1171D, 0x1171D06,
  0x1171E, 0x1171E07, 0x1171F, 0x1171F06, 0x11720, 0x1172107, 0x11722, 0x1172506,
  0x11726, 0x1172607, 0x11727, 0x1172B06, 0x11730, 0x1173909, 0x1173A, 0x1173B0B,
  0x1173C, 0x1173E12, 0x1173F, 0x1173F16, 0x11740, 0x1174605, 0x11800, 0x1182B05,
  0x1182C, 0x1182E07, 0x1182F, 0x1183706, 0x11838, 0x1183807, 0x11839, 0x1183A06,
  0x1183B, 0x1183B12, 0x118A0, 0x118BF01, 0x118C0, 0x118DF02, 0x118E0, 0x118E909,
  0x118EA, 0x118F20B, 0x118FF, 0x1190605, 0x11909, 0x1190905, 0x1190C, 0x1191305,
  0x11915, 0x1191605, 0x11918, 0x1192F05, 0x11930, 0x1193507, 0x11937, 0x1193807,
  0x1193B, 0x1193C06, 0x1193D, 0x1193D07, 0x1193E, 0x1193E06, 0x1193F, 0x1193F05,
  0x11940, 0x1194007, 0x11941, 0x1194105, 0x11942, 0x1194207, 0x11943, 0x1194306,
  0x11944, 0x1194612, 0x11950, 0x1195909, 0x119A0, 0x119A705, 0x119AA, 0x119D005,
  0x119D1, 0x119D307, 0x119D4, 0x119D706, 0x119DA, 0x119DB06, 0x119DC, 0x119DF07,
  0x119E0, 0x119E006, 0x119E1, 0x119E105, 0x119E2, 0x119E212, 0x119E3, 0x119E305,
  0x119E4, 0x119E407, 0x11A00, 0x11A0005, 0x11A01, 0x11A0A06, 0x11A0B, 0x11A3205,
  0x11A33, 0x11A3806, 0x11A39, 0x11A3907, 0x11A3A, 0x11A3A05, 0x11A3B, 0x11A3E06,
  0x11A3F, 0x11A4612, 0x11A47, 0x11A4706, 0x11A50, 0x11A5005, 0x11A51, 0x11A5606,
  0x11A57, 0x11A5807, 0x11A59, 0x11A5B06, 0x11A5C, 0x11A8905, 0x11A8A, 0x11A9606,
  0x11A97, 0x11A9707, 0x11A98, 0x11A9906, 0x11A9A, 0x11A9C12, 0x11A9D, 0x11A9D05,
  0x11A9E, 0x11AA212, 0x11AB0, 0x11AF805, 0x11B00, 0x11B0912, 0x11B60, 0x11B6006,
  0x11B61, 0x11B6107, 0x11B62, 0x11B6406, 0x11B65, 0x11B6507, 0x11B66, 0x11B6606,
  0x11B67, 0x11B6707, 0x11BC0, 0x11BE005, 0x11BE1, 0x11BE112, 0x11BF0, 0x11BF909,
  0x11C00, 0x11C0805, 0x11C0A, 0x11C2E05, 0x11C2F, 0x11C2F07, 0x11C30, 0x11C3606,
  0x11C38, 0x11C3D06, 0x11C3E, 0x11C3E07, 0x11C3F, 0x11C3F06, 0x11C40, 0x11C4005,
  0x11C41, 0x11C4512, 0x11C50, 0x11C5909, 0x11C5A, 0x11C6C0B, 0x11C70, 0x11C7112,
  0x11C72, 0x11C8F05, 0x11C92, 0x11CA706, 0x11CA9, 0x11CA907, 0x11CAA, 0x11CB006,
  0x11CB1, 0x11CB107, 0x11CB2, 0x11CB306, 0x11CB4, 0x11CB407, 0x11CB5, 0x11CB606,
  0x11D00, 0x11D0605, 0x11D08, 0x11D0905, 0x11D0B, 0x11D3005, 0x11D31, 0x11D3606,
  0x11D3A, 0x11D3A06, 0x11D3C, 0x11D3D06, 0x11D3F, 0x11D4506, 0x11D46, 0x11D4605,
  0x11D47, 0x11D4706, 0x11D50, 0x11D5909, 0x11D60, 0x11D6505, 0x11D67, 0x11D6805,
  0x11D6A, 0x11D8905, 0x11D8A, 0x11D8E07, 0x11D90, 0x11D9106, 0x11D93, 0x11D9407,
  0x11D95, 0x11D9506, 0x11D96, 0x11D9607, 0x11D97, 0x11D9706, 0x11D98, 0x11D9805,
  0x11DA0, 0x11DA909, 0x11DB0, 0x11DD805, 0x11DD9, 0x11DD904, 0x11DDA, 0x11DDB05,
  0x11DE0, 0x11DE909, 0x11EE0, 0x11EF205, 0x11EF3, 0x11EF406, 0x11EF5, 0x11EF607,
  0x11EF7, 0x11EF812, 0x11F00, 0x11F0106, 0x11F02, 0x11F0205, 0x11F03, 0x11F0307,
  0x11F04, 0x11F1005, 0x11F12, 0x11F3305, 0x11F34, 0x11F3507, 0x11F36, 0x11F3A06,
  0x11F3E, 0x11F3F07, 0x11F40, 0x11F4006, 0x11F41, 0x11F4107, 0x11F42, 0x11F4206,
  0x11F43, 0x11F4F12, 0x11F50, 0x11F5909, 0x11F5A, 0x11F5A06, 0x11FB0, 0x11FB005,
  0x11FC0, 0x11FD40B, 0x11FD5, 0x11FDC16, 0x11FDD, 0x11FE014, 0x11FE1, 0x11FF116,
  0x11FFF, 0x11FFF12, 0x12000, 0x1239905, 0x12400, 0x1246E0A, 0x12470, 0x1247412,
  0x12480, 0x1254305, 0x12F90, 0x12FF005, 0x12FF1, 0x12FF212, 0x13000, 0x1342F05,
  0x13430, 0x1343F1B, 0x13440, 0x1344006, 0x13441, 0x1344605, 0x13447, 0x1345506,
  0x13460, 0x143FA05, 0x14400, 0x1464605, 0x16100, 0x1611D05, 0x1611E, 0x1612906,
  0x1612A, 0x1612C07, 0x1612D, 0x1612F06, 0x16130, 0x1613909, 0x16800, 0x16A3805,
  0x16A40, 0x16A5E05, 0x16A60, 0x16A6909, 0x16A6E, 0x16A6F12, 0x16A70, 0x16ABE05,
  0x16AC0, 0x16AC909, 0x16AD0, 0x16AED05, 0x16AF0, 0x16AF406, 0x16AF5, 0x16AF512,
  0x16B00, 0x16B2F05, 0x16B30, 0x16B3606, 0x16B37, 0x16B3B12, 0x16B3C, 0x16B3F16,
  0x16B40, 0x16B4304, 0x16B44, 0x16B4412, 0x16B45, 0x16B4516, 0x16B50, 0x16B5909,
  0x16B5B, 0x16B610B, 0x16B63, 0x16B7705, 0x16B7D, 0x16B8F05, 0x16D40, 0x16D4204,
  0x16D43, 0x16D6A05, 0x16D6B, 0x16D6C04, 0x16D6D, 0x16D6F12, 0x16D70, 0x16D7909,
  0x16E40, 0x16E5F01, 0x16E60, 0x16E7F02, 0x16E80, 0x16E960B, 0x16E97, 0x16E9A12,
  0x16EA0, 0x16EB801, 0x16EBB, 0x16ED302, 0x16F00, 0x16F4A05, 0x16F4F, 0x16F4F06,
  0x16F50, 0x16F5005, 0x16F51, 0x16F8707, 0x16F8F, 0x16F9206, 0x16F93, 0x16F9F04,
  0x16FE0, 0x16FE104, 0x16FE2, 0x16FE212, 0x16FE3, 0x16FE304, 0x16FE4, 0x16FE406,
  0x16FF0, 0x16FF107, 0x16FF2, 0x16FF304, 0x16FF4, 0x16FF60A, 0x17000, 0x18CD505,
  0x18CFF, 0x18D1E05, 0x18D80, 0x18DF205, 0x1AFF0, 0x1AFF304, 0x1AFF5, 0x1AFFB04,
  0x1AFFD, 0x1AFFE04, 0x1B000, 0x1B12205, 0x1B132, 0x1B13205, 0x1B150, 0x1B15205,
  0x1B155, 0x1B15505, 0x1B164, 0x1B16705, 0x1B170, 0x1B2FB05, 0x1BC00, 0x1BC6A05,
  0x1BC70, 0x1BC7C05, 0x1BC80, 0x1BC8805, 0x1BC90, 0x1BC9905, 0x1BC9C, 0x1BC9C16,
  0x1BC9D, 0x1BC9E06, 0x1BC9F, 0x1BC9F12, 0x1BCA0, 0x1BCA31B, 0x1CC00, 0x1CCEF16,
  0x1CCF0, 0x1CCF909, 0x1CCFA, 0x1CCFC16, 0x1CD00, 0x1CEB316, 0x1CEBA, 0x1CED016,
  0x1CEE0, 0x1CEEF16, 0x1CEF0, 0x1CEF013, 0x1CF00, 0x1CF2D06, 0x1CF30, 0x1CF4606,
  0x1CF50, 0x1CFC316, 0x1D000, 0x1D0F516, 0x1D100, 0x1D12616, 0x1D129, 0x1D16416,
  0x1D165, 0x1D16607, 0x1D167, 0x1D16906, 0x1D16A, 0x1D16C16, 0x1D16D, 0x1D17207,
  0x1D173, 0x1D17A1B, 0x1D17B, 0x1D18206, 0x1D183, 0x1D18416, 0x1D185, 0x1D18B06,
  0x1D18C, 0x1D1A916, 0x1D1AA, 0x1D1AD06, 0x1D1AE, 0x1D1EA16, 0x1D200, 0x1D24116,
  0x1D242, 0x1D24406, 0x1D245, 0x1D24516, 0x1D2C0, 0x1D2D30B, 0x1D2E0, 0x1D2F30B,
  0x1D300, 0x1D35616, 0x1D360, 0x1D3780B, 0x1D400, 0x1D41901, 0x1D41A, 0x1D43302,
  0x1D434, 0x1D44D01, 0x1D44E, 0x1D45402, 0x1D456, 0x1D46702, 0x1D468, 0x1D48101,
  0x1D482, 0x1D49B02, 0x1D49C, 0x1D49C01, 0x1D49E, 0x1D49F01, 0x1D4A2, 0x1D4A201,
  0x1D4A5, 0x1D4A601, 0x1D4A9, 0x1D4AC01, 0x1D4AE, 0x1D4B501, 0x1D4B6, 0x1D4B902,
  0x1D4BB, 0x1D4BB02, 0x1D4BD, 0x1D4C302, 0x1D4C5, 0x1D4CF02, 0x1D4D0, 0x1D4E901,
  0x1D4EA, 0x1D50302, 0x1D504, 0x1D50501, 0x1D507, 0x1D50A01, 0x1D50D, 0x1D51401,
  0x1D516, 0x1D51C01, 0x1D51E, 0x1D53702, 0x1D538, 0x1D53901, 0x1D53B, 0x1D53E01,
  0x1D540, 0x1D54401, 0x1D546, 0x1D54601, 0x1D54A, 0x1D55001, 0x1D552, 0x1D56B02,
  0x1D56C, 0x1D58501, 0x1D586, 0x1D59F02, 0x1D5A0, 0x1D5B901, 0x1D5BA, 0x1D5D302,
  0x1D5D4, 0x1D5ED01, 0x1D5EE, 0x1D60702, 0x1D608, 0x1D62101, 0x1D622, 0x1D63B02,
  0x1D63C, 0x1D65501, 0x1D656, 0x1D66F02, 0x1D670, 0x1D68901, 0x1D68A, 0x1D6A502,
  0x1D6A8, 0x1D6C001, 0x1D6C1, 0x1D6C113, 0x1D6C2, 0x1D6DA02, 0x1D6DB, 0x1D6DB13,
  0x1D6DC, 0x1D6E102, 0x1D6E2, 0x1D6FA01, 0x1D6FB, 0x1D6FB13, 0x1D6FC, 0x1D71402,
  0x1D715, 0x1D71513, 0x1D716, 0x1D71B02, 0x1D71C, 0x1D73401, 0x1D735, 0x1D73513,
  0x1D736, 0x1D74E02, 0x1D74F, 0x1D74F13, 0x1D750, 0x1D75502, 0x1D756, 0x1D76E01,
  0x1D76F, 0x1D76F13, 0x1D770, 0x1D78802, 0x1D789, 0x1D78913, 0x1D78A, 0x1D78F02,
  0x1D790, 0x1D7A801, 0x1D7A9, 0x1D7A913, 0x1D7AA, 0x1D7C202, 0x1D7C3, 0x1D7C313,
  0x1D7C4, 0x1D7C902, 0x1D7CA, 0x1D7CA01, 0x1D7CB, 0x1D7CB02, 0x1D7CE, 0x1D7FF09,
  0x1D800, 0x1D9FF16, 0x1DA00, 0x1DA3606, 0x1DA37, 0x1DA3A16, 0x1DA3B, 0x1DA6C06,
  0x1DA6D, 0x1DA7416, 0x1DA75, 0x1DA7506, 0x1DA76, 0x1DA8316, 0x1DA84, 0x1DA8406,
  0x1DA85, 0x1DA8616, 0x1DA87, 0x1DA8B12, 0x1DA9B, 0x1DA9F06, 0x1DAA1, 0x1DAAF06,
  0x1DF00, 0x1DF0902, 0x1DF0A, 0x1DF0A05, 0x1DF0B, 0x1DF1E02, 0x1DF25, 0x1DF2A02,
  0x1E000, 0x1E00606, 0x1E008, 0x1E01806, 0x1E01B, 0x1E02106, 0x1E023, 0x1E02406,
  0x1E026, 0x1E02A06, 0x1E030, 0x1E06D04, 0x1E08F, 0x1E08F06, 0x1E100, 0x1E12C05,
  0x1E130, 0x1E13606, 0x1E137, 0x1E13D04, 0x1E140, 0x1E14909, 0x1E14E, 0x1E14E05,
  0x1E14F, 0x1E14F16, 0x1E290, 0x1E2AD05, 0x1E2AE, 0x1E2AE06, 0x1E2C0, 0x1E2EB05,
  0x1E2EC, 0x1E2EF06, 0x1E2F0, 0x1E2F909, 0x1E2FF, 0x1E2FF14, 0x1E4D0, 0x1E4EA05,
  0x1E4EB, 0x1E4EB04, 0x1E4EC, 0x1E4EF06, 0x1E4F0, 0x1E4F909, 0x1E5D0, 0x1E5ED05,
  0x1E5EE, 0x1E5EF06, 0x1E5F0, 0x1E5F005, 0x1E5F1, 0x1E5FA09, 0x1E5FF, 0x1E5FF12,
  0x1E6C0, 0x1E6DE05, 0x1E6E0, 0x1E6E205, 0x1E6E3, 0x1E6E306, 0x1E6E4, 0x1E6E505,
  0x1E6E6, 0x1E6E606, 0x1E6E7, 0x1E6ED05, 0x1E6EE, 0x1E6EF06, 0x1E6F0, 0x1E6F405,
  0x1E6F5, 0x1E6F506, 0x1E6FE, 0x1E6FE05, 0x1E6FF, 0x1E6FF04, 0x1E7E0, 0x1E7E605,
  0x1E7E8, 0x1E7EB05, 0x1E7ED, 0x1E7EE05, 0x1E7F0, 0x1E7FE05, 0x1E800, 0x1E8C405,
  0x1E8C7, 0x1E8CF0B, 0x1E8D0, 0x1E8D606, 0x1E900, 0x1E92101, 0x1E922, 0x1E94302,
  0x1E944, 0x1E94A06, 0x1E94B, 0x1E94B04, 0x1E950, 0x1E95909, 0x1E95E, 0x1E95F12,
  0x1EC71, 0x1ECAB0B, 0x1ECAC, 0x1ECAC16, 0x1ECAD, 0x1ECAF0B, 0x1ECB0, 0x1ECB014,
  0x1ECB1, 0x1ECB40B, 0x1ED01, 0x1ED2D0B, 0x1ED2E, 0x1ED2E16, 0x1ED2F, 0x1ED3D0B,
  0x1EE00, 0x1EE0305, 0x1EE05, 0x1EE1F05, 0x1EE21, 0x1EE2205, 0x1EE24, 0x1EE2405,
  0x1EE27, 0x1EE2705, 0x1EE29, 0x1EE3205, 0x1EE34, 0x1EE3705, 0x1EE39, 0x1EE3905,
  0x1EE3B, 0x1EE3B05, 0x1EE42, 0x1EE4205, 0x1EE47, 0x1EE4705, 0x1EE49, 0x1EE4905,
  0x1EE4B, 0x1EE4B05, 0x1EE4D, 0x1EE4F05, 0x1EE51, 0x1EE5205, 0x1EE54, 0x1EE5405,
  0x1EE57, 0x1EE5705, 0x1EE59, 0x1EE5905, 0x1EE5B, 0x1EE5B05, 0x1EE5D, 0x1EE5D05,
  0x1EE5F, 0x1EE5F05, 0x1EE61, 0x1EE6205, 0x1EE64, 0x1EE6405, 0x1EE67, 0x1EE6A05,
  0x1EE6C, 0x1EE7205, 0x1EE74, 0x1EE7705, 0x1EE79, 0x1EE7C05, 0x1EE7E, 0x1EE7E05,
  0x1EE80, 0x1EE8905, 0x1EE8B, 0x1EE9B05, 0x1EEA1, 0x1EEA305, 0x1EEA5, 0x1EEA905,
  0x1EEAB, 0x1EEBB05, 0x1EEF0, 0x1EEF113, 0x1F000, 0x1F02B16, 0x1F030, 0x1F09316,
  0x1F0A0, 0x1F0AE16, 0x1F0B1, 0x1F0BF16, 0x1F0C1, 0x1F0CF16, 0x1F0D1, 0x1F0F516,
  0x1F100, 0x1F10C0B, 0x1F10D, 0x1F1AD16, 0x1F1E6, 0x1F20216, 0x1F210, 0x1F23B16,
  0x1F240, 0x1F24816, 0x1F250, 0x1F25116, 0x1F260, 0x1F26516, 0x1F300, 0x1F3FA16,
  0x1F3FB, 0x1F3FF15, 0x1F400, 0x1F6D816, 0x1F6DC, 0x1F6EC16, 0x1F6F0, 0x1F6FC16,
  0x1F700, 0x1F7D916, 0x1F7E0, 0x1F7EB16, 0x1F7F0, 0x1F7F016, 0x1F800, 0x1F80B16,
  0x1F810, 0x1F84716, 0x1F850, 0x1F85916, 0x1F860, 0x1F88716, 0x1F890, 0x1F8AD16,
  0x1F8B0, 0x1F8BB16, 0x1F8C0, 0x1F8C116, 0x1F8D0, 0x1F8D813, 0x1F900, 0x1FA5716,
  0x1FA60, 0x1FA6D16, 0x1FA70, 0x1FA7C16, 0x1FA80, 0x1FA8A16, 0x1FA8E, 0x1FAC616,
  0x1FAC8, 0x1FAC816, 0x1FACD, 0x1FADC16, 0x1FADF, 0x1FAEA16, 0x1FAEF, 0x1FAF816,
  0x1FB00, 0x1FB9216, 0x1FB94, 0x1FBEF16, 0x1FBF0, 0x1FBF909, 0x1FBFA, 0x1FBFA16,
  0x20000, 0x2A6DF05, 0x2A700, 0x2B81D05, 0x2B820, 0x2CEAD05, 0x2CEB0, 0x2EBE005,
  0x2EBF0, 0x2EE5D05, 0x2F800, 0x2FA1D05, 0x30000, 0x3134A05, 0x31350, 0x3347905,
  0xE0001, 0xE00011B, 0xE0020, 0xE007F1B, 0xE0100, 0xE01EF06, 0xF0000, 0xFFFFD1D,
  0x100000, 0x10FFFD1D,
};

inline constexpr u32 numericTypeRangesCount = 524;
static const u32 numericTypeRanges[524] = {
  0x30, 0x3901, 0xB2, 0xB302, 0xB9, 0xB902, 0xBC, 0xBE03,
  0x660, 0x66901, 0x6F0, 0x6F901, 0x7C0, 0x7C901, 0x966, 0x96F01,
  0x9E6, 0x9EF01, 0x9F4, 0x9F903, 0xA66, 0xA6F01, 0xAE6, 0xAEF01,
  0xB66, 0xB6F01, 0xB72, 0xB7703, 0xBE6, 0xBEF01, 0xBF0, 0xBF203,
  0xC66, 0xC6F01, 0xC78, 0xC7E03, 0xCE6, 0xCEF01, 0xD58, 0xD5E03,
  0xD66, 0xD6F01, 0xD70, 0xD7803, 0xDE6, 0xDEF01, 0xE50, 0xE5901,
  0xED0, 0xED901, 0xF20, 0xF2901, 0xF2A, 0xF3303, 0x1040, 0x104901,
  0x1090, 0x109901, 0x1369, 0x137102, 0x1372, 0x137C03, 0x16EE, 0x16F003,
  0x17E0, 0x17E901, 0x17F0, 0x17F903, 0x1810, 0x181901, 0x1946, 0x194F01,
  0x19D0, 0x19D901, 0x19DA, 0x19DA02, 0x1A80, 0x1A8901, 0x1A90, 0x1A9901,
  0x1B50, 0x1B5901, 0x1BB0, 0x1BB901, 0x1C40, 0x1C4901, 0x1C50, 0x1C5901,
  0x2070, 0x207002, 0x2074, 0x207902, 0x2080, 0x208902, 0x2150, 0x218203,
  0x2185, 0x218903, 0x2460, 0x246802, 0x2469, 0x247303, 0x2474, 0x247C02,
  0x247D, 0x248703, 0x2488, 0x249002, 0x2491, 0x249B03, 0x24EA, 0x24EA02,
  0x24EB, 0x24F403, 0x24F5, 0x24FD02, 0x24FE, 0x24FE03, 0x24FF, 0x24FF02,
  0x2776, 0x277E02, 0x277F, 0x277F03, 0x2780, 0x278802, 0x2789, 0x278903,
  0x278A, 0x279202, 0x2793, 0x279303, 0x2CFD, 0x2CFD03, 0x3007, 0x300703,
  0x3021, 0x302903, 0x3038, 0x303A03, 0x3192, 0x319503, 0x3220, 0x322903,
  0x3248, 0x324F03, 0x3251, 0x325F03, 0x3280, 0x328903, 0x32B1, 0x32BF03,
  0x3405, 0x340503, 0x3483, 0x348303, 0x382A, 0x382A03, 0x3B4D, 0x3B4D03,
  0x4E00, 0x4E0003, 0x4E03, 0x4E0303, 0x4E07, 0x4E0703, 0x4E09, 0x4E0903,
  0x4E24, 0x4E2403, 0x4E5D, 0x4E5D03, 0x4E8C, 0x4E8C03, 0x4E94, 0x4E9403,
  0x4E96, 0x4E9603, 0x4EAC, 0x4EAC03, 0x4EBF, 0x4EC003, 0x4EDF, 0x4EDF03,
  0x4EE8, 0x4EE803, 0x4F0D, 0x4F0D03, 0x4F70, 0x4F7003, 0x4FE9, 0x4FE903,
  0x5006, 0x500603, 0x5104, 0x510403, 0x5146, 0x514603, 0x5169, 0x516903,
  0x516B, 0x516B03, 0x516D, 0x516D03, 0x5341, 0x534103, 0x5343, 0x534503,
  0x534C, 0x534C03, 0x53C1, 0x53C403, 0x56DB, 0x56DB03, 0x58F1, 0x58F103,
  0x58F9, 0x58F903, 0x5E7A, 0x5E7A03, 0x5EFE, 0x5EFF03, 0x5F0C, 0x5F0E03,
  0x5F10, 0x5F1003, 0x62D0, 0x62D003, 0x62FE, 0x62FE03, 0x634C, 0x634C03,
  0x67D2, 0x67D203, 0x6D1E, 0x6D1E03, 0x6F06, 0x6F0603, 0x7396, 0x739603,
  0x767E, 0x767E03, 0x7695, 0x769503, 0x79ED, 0x79ED03, 0x8086, 0x808603,
  0x842C, 0x842C03, 0x8CAE, 0x8CAE03, 0x8CB3, 0x8CB303, 0x8D30, 0x8D3003,
  0x920E, 0x920E03, 0x94A9, 0x94A903, 0x9621, 0x962103, 0x9646, 0x964603,
  0x964C, 0x964C03, 0x9678, 0x967803, 0x96F6, 0x96F603, 0xA620, 0xA62901,
  0xA6E6, 0xA6EF03, 0xA830, 0xA83503, 0xA8D0, 0xA8D901, 0xA900, 0xA90901,
  0xA9D0, 0xA9D901, 0xA9F0, 0xA9F901, 0xAA50, 0xAA5901, 0xABF0, 0xABF901,
  0xF96B, 0xF96B03, 0xF973, 0xF97303, 0xF978, 0xF97803, 0xF9B2, 0xF9B203,
  0xF9D1, 0xF9D103, 0xF9D3, 0xF9D303, 0xF9FD, 0xF9FD03, 0xFF10, 0xFF1901,
  0x10107, 0x1013303, 0x10140, 0x1017803, 0x1018A, 0x1018B03, 0x102E1, 0x102FB03,
  0x10320, 0x1032303, 0x10341, 0x1034103, 0x1034A, 0x1034A03, 0x103D1, 0x103D503,
  0x104A0, 0x104A901, 0x10858, 0x1085F03, 0x10879, 0x1087F03, 0x108A7, 0x108AF03,
  0x108FB, 0x108FF03, 0x10916, 0x1091B03, 0x109BC, 0x109BD03, 0x109C0, 0x109CF03,
  0x109D2, 0x109FF03, 0x10A40, 0x10A4302, 0x10A44, 0x10A4803, 0x10A7D, 0x10A7E03,
  0x10A9D, 0x10A9F03, 0x10AEB, 0x10AEF03, 0x10B58, 0x10B5F03, 0x10B78, 0x10B7F03,
  0x10BA9, 0x10BAF03, 0x10CFA, 0x10CFF03, 0x10D30, 0x10D3901, 0x10D40, 0x10D4901,
  0x10E60, 0x10E6802, 0x10E69, 0x10E7E03, 0x10F1D, 0x10F2603, 0x10F51, 0x10F5403,
  0x10FC5, 0x10FCB03, 0x11052, 0x1105A02, 0x1105B, 0x1106503, 0x11066, 0x1106F01,
  0x110F0, 0x110F901, 0x11136, 0x1113F01, 0x111D0, 0x111D901, 0x111E1, 0x111F403,
  0x112F0, 0x112F901, 0x11450, 0x1145901, 0x114D0, 0x114D901, 0x11650, 0x1165901,
  0x116C0, 0x116C901, 0x116D0, 0x116E301, 0x11730, 0x1173901, 0x1173A, 0x1173B03,
  0x118E0, 0x118E901, 0x118EA, 0x118F203, 0x11950, 0x1195901, 0x11BF0, 0x11BF901,
  0x11C50, 0x11C5901, 0x11C5A, 0x11C6C03, 0x11D50, 0x11D5901, 0x11DA0, 0x11DA901,
  0x11DE0, 0x11DE901, 0x11F50, 0x11F5901, 0x11FC0, 0x11FD403, 0x12038, 0x1203903,
  0x12079, 0x1207903, 0x12226, 0x1222603, 0x1222B, 0x1222B03, 0x1230B, 0x1230B03,
  0x1230D, 0x1230D03, 0x12399, 0x1239903, 0x12400, 0x1246E03, 0x16130, 0x1613901,
  0x16A60, 0x16A6901, 0x16AC0, 0x16AC901, 0x16B50, 0x16B5901, 0x16B5B, 0x16B6103,
  0x16D70, 0x16D7901, 0x16E80, 0x16E9603, 0x16FF4, 0x16FF603, 0x1CCF0, 0x1CCF901,
  0x1D2C0, 0x1D2D303, 0x1D2E0, 0x1D2F303, 0x1D360, 0x1D37803, 0x1D7CE, 0x1D7FF01,
  0x1E140, 0x1E14901, 0x1E2F0, 0x1E2F901, 0x1E4F0, 0x1E4F901, 0x1E5F1, 0x1E5FA01,
  0x1E8C7, 0x1E8CF03, 0x1E950, 0x1E95901, 0x1EC71, 0x1ECAB03, 0x1ECAD, 0x1ECAF03,
  0x1ECB1, 0x1ECB403, 0x1ED01, 0x1ED2D03, 0x1ED2F, 0x1ED3D03, 0x1F100, 0x1F10A02,
  0x1F10B, 0x1F10C03, 0x1FBF0, 0x1FBF901, 0x20001, 0x2000103, 0x20064, 0x2006403,
  0x200E2, 0x200E203, 0x20121, 0x2012103, 0x2092A, 0x2092A03, 0x20983, 0x2098303,
  0x2098C, 0x2098C03, 0x2099C, 0x2099C03, 0x20AEA, 0x20AEA03, 0x20AFD, 0x20AFD03,
  0x20B19, 0x20B1903, 0x22390, 0x2239003, 0x22998, 0x2299803, 0x23B1B, 0x23B1B03,
  0x2626D, 0x2626D03, 0x2F890, 0x2F89003,
};

inline constexpr u32 wholeNumbersCount = 5694;
static const u32 wholeNumbers[5694] = {
  0x30, 0x0, 0x0, 0x31, 0x1, 0x0, 0x32, 0x2,
  0x0, 0x33, 0x3, 0x0, 0x34, 0x4, 0x0, 0x35,
  0x5, 0x0, 0x36, 0x6, 0x0, 0x37, 0x7, 0x0,
  0x38, 0x8, 0x0, 0x39, 0x9, 0x0, 0xB2, 0x2,
  0x0, 0xB3, 0x3, 0x0, 0xB9, 0x1, 0x0, 0x660,
  0x0, 0x0, 0x661, 0x1, 0x0, 0x662, 0x2, 0x0,
  0x663, 0x3, 0x0, 0x664, 0x4, 0x0, 0x665, 0x5,
  0x0, 0x666, 0x6, 0x0, 0x667, 0x7, 0x0, 0x668,
  0x8, 0x0, 0x669, 0x9, 0x0, 0x6F0, 0x0, 0x0,
  0x6F1, 0x1, 0x0, 0x6F2, 0x2, 0x0, 0x6F3, 0x3,
  0x0, 0x6F4, 0x4, 0x0, 0x6F5, 0x5, 0x0, 0x6F6,
  0x6, 0x0, 0x6F7, 0x7, 0x0, 0x6F8, 0x8, 0x0,
  0x6F9, 0x9, 0x0, 0x7C0, 0x0, 0x0, 0x7C1, 0x1,
  0x0, 0x7C2, 0x2, 0x0, 0x7C3, 0x3, 0x0, 0x7C4,
  0x4, 0x0, 0x7C5, 0x5, 0x0, 0x7C6, 0x6, 0x0,
  0x7C7, 0x7, 0x0, 0x7C8, 0x8, 0x0, 0x7C9, 0x9,
  0x0, 0x966, 0x0, 0x0, 0x967, 0x1, 0x0, 0x968,
  0x2, 0x0, 0x969, 0x3, 0x0, 0x96A, 0x4, 0x0,
  0x96B, 0x5, 0x0, 0x96C, 0x6, 0x0, 0x96D, 0x7,
  0x0, 0x96E, 0x8, 0x0, 0x96F, 0x9, 0x0, 0x9E6,
  0x0, 0x0, 0x9E7, 0x1, 0x0, 0x9E8, 0x2, 0x0,
  0x9E9, 0x3, 0x0, 0x9EA, 0x4, 0x0, 0x9EB, 0x5,
  0x0, 0x9EC, 0x6, 0x0, 0x9ED, 0x7, 0x0, 0x9EE,
  0x8, 0x0, 0x9EF, 0x9, 0x0, 0x9F9, 0x10, 0x0,
  0xA66, 0x0, 0x0, 0xA67, 0x1, 0x0, 0xA68, 0x2,
  0x0, 0xA69, 0x3, 0x0, 0xA6A, 0x4, 0x0, 0xA6B,
  0x5, 0x0, 0xA6C, 0x6, 0x0, 0xA6D, 0x7, 0x0,
  0xA6E, 0x8, 0x0, 0xA6F, 0x9, 0x0, 0xAE6, 0x0,
  0x0, 0xAE7, 0x1, 0x0, 0xAE8, 0x2, 0x0, 0xAE9,
  0x3, 0x0, 0xAEA, 0x4, 0x0, 0xAEB, 0x5, 0x0,
  0xAEC, 0x6, 0x0, 0xAED, 0x7, 0x0, 0xAEE, 0x8,
  0x0, 0xAEF, 0x9, 0x0, 0xB66, 0x0, 0x0, 0xB67,
  0x1, 0x0, 0xB68, 0x2, 0x0, 0xB69, 0x3, 0x0,
  0xB6A, 0x4, 0x0, 0xB6B, 0x5, 0x0, 0xB6C, 0x6,
  0x0, 0xB6D, 0x7, 0x0, 0xB6E, 0x8, 0x0, 0xB6F,
  0x9, 0x0, 0xBE6, 0x0, 0x0, 0xBE7, 0x1, 0x0,
  0xBE8, 0x2, 0x0, 0xBE9, 0x3, 0x0, 0xBEA, 0x4,
  0x0, 0xBEB, 0x5, 0x0, 0xBEC, 0x6, 0x0, 0xBED,
  0x7, 0x0, 0xBEE, 0x8, 0x0, 0xBEF, 0x9, 0x0,
  0xBF0, 0xA, 0x0, 0xBF1, 0x64, 0x0, 0xBF2, 0x3E8,
  0x0, 0xC66, 0x0, 0x0, 0xC67, 0x1, 0x0, 0xC68,
  0x2, 0x0, 0xC69, 0x3, 0x0, 0xC6A, 0x4, 0x0,
  0xC6B, 0x5, 0x0, 0xC6C, 0x6, 0x0, 0xC6D, 0x7,
  0x0, 0xC6E, 0x8, 0x0, 0xC6F, 0x9, 0x0, 0xC78,
  0x0, 0x0, 0xC79, 0x1, 0x0, 0xC7A, 0x2, 0x0,
  0xC7B, 0x3, 0x0, 0xC7C, 0x1, 0x0, 0xC7D, 0x2,
  0x0, 0xC7E, 0x3, 0x0, 0xCE6, 0x0, 0x0, 0xCE7,
  0x1, 0x0, 0xCE8, 0x2, 0x0, 0xCE9, 0x3, 0x0,
  0xCEA, 0x4, 0x0, 0xCEB, 0x5, 0x0, 0xCEC, 0x6,
  0x0, 0xCED, 0x7, 0x0, 0xCEE, 0x8, 0x0, 0xCEF,
  0x9, 0x0, 0xD66, 0x0, 0x0, 0xD67, 0x1, 0x0,
  0xD68, 0x2, 0x0, 0xD69, 0x3, 0x0, 0xD6A, 0x4,
  0x0, 0xD6B, 0x5, 0x0, 0xD6C, 0x6, 0x0, 0xD6D,
  0x7, 0x0, 0xD6E, 0x8, 0x0, 0xD6F, 0x9, 0x0,
  0xD70, 0xA, 0x0, 0xD71, 0x64, 0x0, 0xD72, 0x3E8,
  0x0, 0xDE6, 0x0, 0x0, 0xDE7, 0x1, 0x0, 0xDE8,
  0x2, 0x0, 0xDE9, 0x3, 0x0, 0xDEA, 0x4, 0x0,
  0xDEB, 0x5, 0x0, 0xDEC, 0x6, 0x0, 0xDED, 0x7,
  0x0, 0xDEE, 0x8, 0x0, 0xDEF, 0x9, 0x0, 0xE50,
  0x0, 0x0, 0xE51, 0x1, 0x0, 0xE52, 0x2, 0x0,
  0xE53, 0x3, 0x0, 0xE54, 0x4, 0x0, 0xE55, 0x5,
  0x0, 0xE56, 0x6, 0x0, 0xE57, 0x7, 0x0, 0xE58,
  0x8, 0x0, 0xE59, 0x9, 0x0, 0xED0, 0x0, 0x0,
  0xED1, 0x1, 0x0, 0xED2, 0x2, 0x0, 0xED3, 0x3,
  0x0, 0xED4, 0x4, 0x0, 0xED5, 0x5, 0x0, 0xED6,
  0x6, 0x0, 0xED7, 0x7, 0x0, 0xED8, 0x8, 0x0,
  0xED9, 0x9, 0x0, 0xF20, 0x0, 0x0, 0xF21, 0x1,
  0x0, 0xF22, 0x2, 0x0, 0xF23, 0x3, 0x0, 0xF24,
  0x4, 0x0, 0xF25, 0x5, 0x0, 0xF26, 0x6, 0x0,
  0xF27, 0x7, 0x0, 0xF28, 0x8, 0x0, 0xF29, 0x9,
  0x0, 0x1040, 0x0, 0x0, 0x1041, 0x1, 0x0, 0x1042,
  0x2, 0x0, 0x1043, 0x3, 0x0, 0x1044, 0x4, 0x0,
  0x1045, 0x5, 0x0, 0x1046, 0x6, 0x0, 0x1047, 0x7,
  0x0, 0x1048, 0x8, 0x0, 0x1049, 0x9, 0x0, 0x1090,
  0x0, 0x0, 0x1091, 0x1, 0x0, 0x1092, 0x2, 0x0,
  0x1093, 0x3, 0x0, 0x1094, 0x4, 0x0, 0x1095, 0x5,
  0x0, 0x1096, 0x6, 0x0, 0x1097, 0x7, 0x0, 0x1098,
  0x8, 0x0, 0x1099, 0x9, 0x0, 0x1369, 0x1, 0x0,
  0x136A, 0x2, 0x0, 0x136B, 0x3, 0x0, 0x136C, 0x4,
  0x0, 0x136D, 0x5, 0x0, 0x136E, 0x6, 0x0, 0x136F,
  0x7, 0x0, 0x1370, 0x8, 0x0, 0x1371, 0x9, 0x0,
  0x1372, 0xA, 0x0, 0x1373, 0x14, 0x0, 0x1374, 0x1E,
  0x0, 0x1375, 0x28, 0x0, 0x1376, 0x32, 0x0, 0x1377,
  0x3C, 0x0, 0x1378, 0x46, 0x0, 0x1379, 0x50, 0x0,
  0x137A, 0x5A, 0x0, 0x137B, 0x64, 0x0, 0x137C, 0x2710,
  0x0, 0x16EE, 0x11, 0x0, 0x16EF, 0x12, 0x0, 0x16F0,
  0x13, 0x0, 0x17E0, 0x0, 0x0, 0x17E1, 0x1, 0x0,
  0x17E2, 0x2, 0x0, 0x17E3, 0x3, 0x0, 0x17E4, 0x4,
  0x0, 0x17E5, 0x5, 0x0, 0x17E6, 0x6, 0x0, 0x17E7,
  0x7, 0x0, 0x17E8, 0x8, 0x0, 0x17E9, 0x9, 0x0,
  0x17F0, 0x0, 0x0, 0x17F1, 0x1, 0x0, 0x17F2, 0x2,
  0x0, 0x17F3, 0x3, 0x0, 0x17F4, 0x4, 0x0, 0x17F5,
  0x5, 0x0, 0x17F6, 0x6, 0x0, 0x17F7, 0x7, 0x0,
  0x17F8, 0x8, 0x0, 0x17F9, 0x9, 0x0, 0x1810, 0x0,
  0x0, 0x1811, 0x1, 0x0, 0x1812, 0x2, 0x0, 0x1813,
  0x3, 0x0, 0x1814, 0x4, 0x0, 0x1815, 0x5, 0x0,
  0x1816, 0x6, 0x0, 0x1817, 0x7, 0x0, 0x1818, 0x8,
  0x0, 0x1819, 0x9, 0x0, 0x1946, 0x0, 0x0, 0x1947,
  0x1, 0x0, 0x1948, 0x2, 0x0, 0x1949, 0x3, 0x0,
  0x194A, 0x4, 0x0, 0x194B, 0x5, 0x0, 0x194C, 0x6,
  0x0, 0x194D, 0x7, 0x0, 0x194E, 0x8, 0x0, 0x194F,
  0x9, 0x0, 0x19D0, 0x0, 0x0, 0x19D1, 0x1, 0x0,
  0x19D2, 0x2, 0x0, 0x19D3, 0x3, 0x0, 0x19D4, 0x4,
  0x0, 0x19D5, 0x5, 0x0, 0x19D6, 0x6, 0x0, 0x19D7,
  0x7, 0x0, 0x19D8, 0x8, 0x0, 0x19D9, 0x9, 0x0,
  0x19DA, 0x1, 0x0, 0x1A80, 0x0, 0x0, 0x1A81, 0x1,
  0x0, 0x1A82, 0x2, 0x0, 0x1A83, 0x3, 0x0, 0x1A84,
  0x4, 0x0, 0x1A85, 0x5, 0x0, 0x1A86, 0x6, 0x0,
  0x1A87, 0x7, 0x0, 0x1A88, 0x8, 0x0, 0x1A89, 0x9,
  0x0, 0x1A90, 0x0, 0x0, 0x1A91, 0x1, 0x0, 0x1A92,
  0x2, 0x0, 0x1A93, 0x3, 0x0, 0x1A94, 0x4, 0x0,
  0x1A95, 0x5, 0x0, 0x1A96, 0x6, 0x0, 0x1A97, 0x7,
  0x0, 0x1A98, 0x8, 0x0, 0x1A99, 0x9, 0x0, 0x1B50,
  0x0, 0x0, 0x1B51, 0x1, 0x0, 0x1B52, 0x2, 0x0,
  0x1B53, 0x3, 0x0, 0x1B54, 0x4, 0x0, 0x1B55, 0x5,
  0x0, 0x1B56, 0x6, 0x0, 0x1B57, 0x7, 0x0, 0x1B58,
  0x8, 0x0, 0x1B59, 0x9, 0x0, 0x1BB0, 0x0, 0x0,
  0x1BB1, 0x1, 0x0, 0x1BB2, 0x2, 0x0, 0x1BB3, 0x3,
  0x0, 0x1BB4, 0x4, 0x0, 0x1BB5, 0x5, 0x0, 0x1BB6,
  0x6, 0x0, 0x1BB7, 0x7, 0x0, 0x1BB8, 0x8, 0x0,
  0x1BB9, 0x9, 0x0, 0x1C40, 0x0, 0x0, 0x1C41, 0x1,
  0x0, 0x1C42, 0x2, 0x0, 0x1C43, 0x3, 0x0, 0x1C44,
  0x4, 0x0, 0x1C45, 0x5, 0x0, 0x1C46, 0x6, 0x0,
  0x1C47, 0x7, 0x0, 0x1C48, 0x8, 0x0, 0x1C49, 0x9,
  0x0, 0x1C50, 0x0, 0x0, 0x1C51, 0x1, 0x0, 0x1C52,
  0x2, 0x0, 0x1C53, 0x3, 0x0, 0x1C54, 0x4, 0x0,
  0x1C55, 0x5, 0x0, 0x1C56, 0x6, 0x0, 0x1C57, 0x7,
  0x0, 0x1C58, 0x8, 0x0, 0x1C59, 0x9, 0x0, 0x2070,
  0x0, 0x0, 0x2074, 0x4, 0x0, 0x2075, 0x5, 0x0,
  0x2076, 0x6, 0x0, 0x2077, 0x7, 0x0, 0x2078, 0x8,
  0x0, 0x2079, 0x9, 0x0, 0x2080, 0x0, 0x0, 0x2081,
  0x1, 0x0, 0x2082, 0x2, 0x0, 0x2083, 0x3, 0x0,
  0x2084, 0x4, 0x0, 0x2085, 0x5, 0x0, 0x2086, 0x6,
  0x0, 0x2087, 0x7, 0x0, 0x2088, 0x8, 0x0, 0x2089,
  0x9, 0x0, 0x215F, 0x1, 0x0, 0x2160, 0x1, 0x0,
  0x2161, 0x2, 0x0, 0x2162, 0x3, 0x0, 0x2163, 0x4,
  0x0, 0x2164, 0x5, 0x0, 0x2165, 0x6, 0x0, 0x2166,
  0x7, 0x0, 0x2167, 0x8, 0x0, 0x2168, 0x9, 0x0,
  0x2169, 0xA, 0x0, 0x216A, 0xB, 0x0, 0x216B, 0xC,
  0x0, 0x216C, 0x32, 0x0, 0x216D, 0x64, 0x0, 0x216E,
  0x1F4, 0x0, 0x216F, 0x3E8, 0x0, 0x2170, 0x1, 0x0,
  0x2171, 0x2, 0x0, 0x2172, 0x3, 0x0, 0x2173, 0x4,
  0x0, 0x2174, 0x5, 0x0, 0x2175, 0x6, 0x0, 0x2176,
  0x7, 0x0, 0x2177, 0x8, 0x0, 0x2178, 0x9, 0x0,
  0x2179, 0xA, 0x0, 0x217A, 0xB, 0x0, 0x217B, 0xC,
  0x0, 0x217C, 0x32, 0x0, 0x217D, 0x64, 0x0, 0x217E,
  0x1F4, 0x0, 0x217F, 0x3E8, 0x0, 0x2180, 0x3E8, 0x0,
  0x2181, 0x1388, 0x0, 0x2182, 0x2710, 0x0, 0x2185, 0x6,
  0x0, 0x2186, 0x32, 0x0, 0x2187, 0xC350, 0x0, 0x2188,
  0x186A0, 0x0, 0x2189, 0x0, 0x0, 0x2460, 0x1, 0x0,
  0x2461, 0x2, 0x0, 0x2462, 0x3, 0x0, 0x2463, 0x4,
  0x0, 0x2464, 0x5, 0x0, 0x2465, 0x6, 0x0, 0x2466,
  0x7, 0x0, 0x2467, 0x8, 0x0, 0x2468, 0x9, 0x0,
  0x2469, 0xA, 0x0, 0x246A, 0xB, 0x0, 0x246B, 0xC,
  0x0, 0x246C, 0xD, 0x0, 0x246D, 0xE, 0x0, 0x246E,
  0xF, 0x0, 0x246F, 0x10, 0x0, 0x2470, 0x11, 0x0,
  0x2471, 0x12, 0x0, 0x2472, 0x13, 0x0, 0x2473, 0x14,
  0x0, 0x2474, 0x1, 0x0, 0x2475, 0x2, 0x0, 0x2476,
  0x3, 0x0, 0x2477, 0x4, 0x0, 0x2478, 0x5, 0x0,
  0x2479, 0x6, 0x0, 0x247A, 0x7, 0x0, 0x247B, 0x8,
  0x0, 0x247C, 0x9, 0x0, 0x247D, 0xA, 0x0, 0x247E,
  0xB, 0x0, 0x247F, 0xC, 0x0, 0x2480, 0xD, 0x0,
  0x2481, 0xE, 0x0, 0x2482, 0xF, 0x0, 0x2483, 0x10,
  0x0, 0x2484, 0x11, 0x0, 0x2485, 0x12, 0x0, 0x2486,
  0x13, 0x0, 0x2487, 0x14, 0x0, 0x2488, 0x1, 0x0,
  0x2489, 0x2, 0x0, 0x248A, 0x3, 0x0, 0x248B, 0x4,
  0x0, 0x248C, 0x5, 0x0, 0x248D, 0x6, 0x0, 0x248E,
  0x7, 0x0, 0x248F, 0x8, 0x0, 0x2490, 0x9, 0x0,
  0x2491, 0xA, 0x0, 0x2492, 0xB, 0x0, 0x2493, 0xC,
  0x0, 0x2494, 0xD, 0x0, 0x2495, 0xE, 0x0, 0x2496,
  0xF, 0x0, 0x2497, 0x10, 0x0, 0x2498, 0x11, 0x0,
  0x2499, 0x12, 0x0, 0x249A, 0x13, 0x0, 0x249B, 0x14,
  0x0, 0x24EA, 0x0, 0x0, 0x24EB, 0xB, 0x0, 0x24EC,
  0xC, 0x0, 0x24ED, 0xD, 0x0, 0x24EE, 0xE, 0x0,
  0x24EF, 0xF, 0x0, 0x24F0, 0x10, 0x0, 0x24F1, 0x11,
  0x0, 0x24F2, 0x12, 0x0, 0x24F3, 0x13, 0x0, 0x24F4,
  0x14, 0x0, 0x24F5, 0x1, 0x0, 0x24F6, 0x2, 0x0,
  0x24F7, 0x3, 0x0, 0x24F8, 0x4, 0x0, 0x24F9, 0x5,
  0x0, 0x24FA, 0x6, 0x0, 0x24FB, 0x7, 0x0, 0x24FC,
  0x8, 0x0, 0x24FD, 0x9, 0x0, 0x24FE, 0xA, 0x0,
  0x24FF, 0x0, 0x0, 0x2776, 0x1, 0x0, 0x2777, 0x2,
  0x0, 0x2778, 0x3, 0x0, 0x2779, 0x4, 0x0, 0x277A,
  0x5, 0x0, 0x277B, 0x6, 0x0, 0x277C, 0x7, 0x0,
  0x277D, 0x8, 0x0, 0x277E, 0x9, 0x0, 0x277F, 0xA,
  0x0, 0x2780, 0x1, 0x0, 0x2781, 0x2, 0x0, 0x2782,
  0x3, 0x0, 0x2783, 0x4, 0x0, 0x2784, 0x5, 0x0,
  0x2785, 0x6, 0x0, 0x2786, 0x7, 0x0, 0x2787, 0x8,
  0x0, 0x2788, 0x9, 0x0, 0x2789, 0xA, 0x0, 0x278A,
  0x1, 0x0, 0x278B, 0x2, 0x0, 0x278C, 0x3, 0x0,
  0x278D, 0x4, 0x0, 0x278E, 0x5, 0x0, 0x278F, 0x6,
  0x0, 0x2790, 0x7, 0x0, 0x2791, 0x8, 0x0, 0x2792,
  0x9, 0x0, 0x2793, 0xA, 0x0, 0x3007, 0x0, 0x0,
  0x3021, 0x1, 0x0, 0x3022, 0x2, 0x0, 0x3023, 0x3,
  0x0, 0x3024, 0x4, 0x0, 0x3025, 0x5, 0x0, 0x3026,
  0x6, 0x0, 0x3027, 0x7, 0x0, 0x3028, 0x8, 0x0,
  0x3029, 0x9, 0x0, 0x3038, 0xA, 0x0, 0x3039, 0x14,
  0x0, 0x303A, 0x1E, 0x0, 0x3192, 0x1, 0x0, 0x3193,
  0x2, 0x0, 0x3194, 0x3, 0x0, 0x3195, 0x4, 0x0,
  0x3220, 0x1, 0x0, 0x3221, 0x2, 0x0, 0x3222, 0x3,
  0x0, 0x3223, 0x4, 0x0, 0x3224, 0x5, 0x0, 0x3225,
  0x6, 0x0, 0x3226, 0x7, 0x0, 0x3227, 0x8, 0x0,
  0x3228, 0x9, 0x0, 0x3229, 0xA, 0x0, 0x3248, 0xA,
  0x0, 0x3249, 0x14, 0x0, 0x324A, 0x1E, 0x0, 0x324B,
  0x28, 0x0, 0x324C, 0x32, 0x0, 0x324D, 0x3C, 0x0,
  0x324E, 0x46, 0x0, 0x324F, 0x50, 0x0, 0x3251, 0x15,
  0x0, 0x3252, 0x16, 0x0, 0x3253, 0x17, 0x0, 0x3254,
  0x18, 0x0, 0x3255, 0x19, 0x0, 0x3256, 0x1A, 0x0,
  0x3257, 0x1B, 0x0, 0x3258, 0x1C, 0x0, 0x3259, 0x1D,
  0x0, 0x325A, 0x1E, 0x0, 0x325B, 0x1F, 0x0, 0x325C,
  0x20, 0x0, 0x325D, 0x21, 0x0, 0x325E, 0x22, 0x0,
  0x325F, 0x23, 0x0, 0x3280, 0x1, 0x0, 0x3281, 0x2,
  0x0, 0x3282, 0x3, 0x0, 0x3283, 0x4, 0x0, 0x3284,
  0x5, 0x0, 0x3285, 0x6, 0x0, 0x3286, 0x7, 0x0,
  0x3287, 0x8, 0x0, 0x3288, 0x9, 0x0, 0x3289, 0xA,
  0x0, 0x32B1, 0x24, 0x0, 0x32B2, 0x25, 0x0, 0x32B3,
  0x26, 0x0, 0x32B4, 0x27, 0x0, 0x32B5, 0x28, 0x0,
  0x32B6, 0x29, 0x0, 0x32B7, 0x2A, 0x0, 0x32B8, 0x2B,
  0x0, 0x32B9, 0x2C, 0x0, 0x32BA, 0x2D, 0x0, 0x32BB,
  0x2E, 0x0, 0x32BC, 0x2F, 0x0, 0x32BD, 0x30, 0x0,
  0x32BE, 0x31, 0x0, 0x32BF, 0x32, 0x0, 0x3405, 0x5,
  0x0, 0x3483, 0x2, 0x0, 0x382A, 0x5, 0x0, 0x3B4D,
  0x7, 0x0, 0x4E00, 0x1, 0x0, 0x4E03, 0x7, 0x0,
  0x4E07, 0x2710, 0x0, 0x4E09, 0x3, 0x0, 0x4E24, 0x2,
  0x0, 0x4E5D, 0x9, 0x0, 0x4E8C, 0x2, 0x0, 0x4E94,
  0x5, 0x0, 0x4E96, 0x4, 0x0, 0x4EAC, 0x6FC10000, 0x2386F2,
  0x4EBF, 0x5F5E100, 0x0, 0x4EC0, 0xA, 0x0, 0x4EDF, 0x3E8,
  0x0, 0x4EE8, 0x3, 0x0, 0x4F0D, 0x5, 0x0, 0x4F70,
  0x64, 0x0, 0x4FE9, 0x2, 0x0, 0x5006, 0x2, 0x0,
  0x5104, 0x5F5E100, 0x0, 0x5146, 0xD4A51000, 0xE8, 0x5169, 0x2,
  0x0, 0x516B, 0x8, 0x0, 0x516D, 0x6, 0x0, 0x5341,
  0xA, 0x0, 0x5343, 0x3E8, 0x0, 0x5344, 0x14, 0x0,
  0x5345, 0x1E, 0x0, 0x534C, 0x28, 0x0, 0x53C1, 0x3,
  0x0, 0x53C2, 0x3, 0x0, 0x53C3, 0x3, 0x0, 0x53C4,
  0x3, 0x0, 0x56DB, 0x4, 0x0, 0x58F1, 0x1, 0x0,
  0x58F9, 0x1, 0x0, 0x5E7A, 0x1, 0x0, 0x5EFE, 0x9,
  0x0, 0x5EFF, 0x14, 0x0, 0x5F0C, 0x1, 0x0, 0x5F0D,
  0x2, 0x0, 0x5F0E, 0x3, 0x0, 0x5F10, 0x2, 0x0,
  0x62D0, 0x7, 0x0, 0x62FE, 0xA, 0x0, 0x634C, 0x8,
  0x0, 0x67D2, 0x7, 0x0, 0x6D1E, 0x0, 0x0, 0x6F06,
  0x7, 0x0, 0x7396, 0x9, 0x0, 0x767E, 0x64, 0x0,
  0x7695, 0xC8, 0x0, 0x79ED, 0x3B9ACA00, 0x0, 0x8086, 0x4,
  0x0, 0x842C, 0x2710, 0x0, 0x8CAE, 0x2, 0x0, 0x8CB3,
  0x2, 0x0, 0x8D30, 0x2, 0x0, 0x920E, 0x9, 0x0,
  0x94A9, 0x9, 0x0, 0x9621, 0x3E8, 0x0, 0x9646, 0x6,
  0x0, 0x964C, 0x64, 0x0, 0x9678, 0x6, 0x0, 0x96F6,
  0x0, 0x0, 0xA620, 0x0, 0x0, 0xA621, 0x1, 0x0,
  0xA622, 0x2, 0x0, 0xA623, 0x3, 0x0, 0xA624, 0x4,
  0x0, 0xA625, 0x5, 0x0, 0xA626, 0x6, 0x0, 0xA627,
  0x7, 0x0, 0xA628, 0x8, 0x0, 0xA629, 0x9, 0x0,
  0xA6E6, 0x1, 0x0, 0xA6E7, 0x2, 0x0, 0xA6E8, 0x3,
  0x0, 0xA6E9, 0x4, 0x0, 0xA6EA, 0x5, 0x0, 0xA6EB,
  0x6, 0x0, 0xA6EC, 0x7, 0x0, 0xA6ED, 0x8, 0x0,
  0xA6EE, 0x9, 0x0, 0xA6EF, 0x0, 0x0, 0xA8D0, 0x0,
  0x0, 0xA8D1, 0x1, 0x0, 0xA8D2, 0x2, 0x0, 0xA8D3,
  0x3, 0x0, 0xA8D4, 0x4, 0x0, 0xA8D5, 0x5, 0x0,
  0xA8D6, 0x6, 0x0, 0xA8D7, 0x7, 0x0, 0xA8D8, 0x8,
  0x0, 0xA8D9, 0x9, 0x0, 0xA900, 0x0, 0x0, 0xA901,
  0x1, 0x0, 0xA902, 0x2, 0x0, 0xA903, 0x3, 0x0,
  0xA904, 0x4, 0x0, 0xA905, 0x5, 0x0, 0xA906, 0x6,
  0x0, 0xA907, 0x7, 0x0, 0xA908, 0x8, 0x0, 0xA909,
  0x9, 0x0, 0xA9D0, 0x0, 0x0, 0xA9D1, 0x1, 0x0,
  0xA9D2, 0x2, 0x0, 0xA9D3, 0x3, 0x0, 0xA9D4, 0x4,
  0x0, 0xA9D5, 0x5, 0x0, 0xA9D6, 0x6, 0x0, 0xA9D7,
  0x7, 0x0, 0xA9D8, 0x8, 0x0, 0xA9D9, 0x9, 0x0,
  0xA9F0, 0x0, 0x0, 0xA9F1, 0x1, 0x0, 0xA9F2, 0x2,
  0x0, 0xA9F3, 0x3, 0x0, 0xA9F4, 0x4, 0x0, 0xA9F5,
  0x5, 0x0, 0xA9F6, 0x6, 0x0, 0xA9F7, 0x7, 0x0,
  0xA9F8, 0x8, 0x0, 0xA9F9, 0x9, 0x0, 0xAA50, 0x0,
  0x0, 0xAA51, 0x1, 0x0, 0xAA52, 0x2, 0x0, 0xAA53,
  0x3, 0x0, 0xAA54, 0x4, 0x0, 0xAA55, 0x5, 0x0,
  0xAA56, 0x6, 0x0, 0xAA57, 0x7, 0x0, 0xAA58, 0x8,
  0x0, 0xAA59, 0x9, 0x0, 0xABF0, 0x0, 0x0, 0xABF1,
  0x1, 0x0, 0xABF2, 0x2, 0x0, 0xABF3, 0x3, 0x0,
  0xABF4, 0x4, 0x0, 0xABF5, 0x5, 0x0, 0xABF6, 0x6,
  0x0, 0xABF7, 0x7, 0x0, 0xABF8, 0x8, 0x0, 0xABF9,
  0x9, 0x0, 0xF96B, 0x3, 0x0, 0xF973, 0xA, 0x0,
  0xF978, 0x2, 0x0, 0xF9B2, 0x0, 0x0, 0xF9D1, 0x6,
  0x0, 0xF9D3, 0x6, 0x0, 0xF9FD, 0xA, 0x0, 0xFF10,
  0x0, 0x0, 0xFF11, 0x1, 0x0, 0xFF12, 0x2, 0x0,
  0xFF13, 0x3, 0x0, 0xFF14, 0x4, 0x0, 0xFF15, 0x5,
  0x0, 0xFF16, 0x6, 0x0, 0xFF17, 0x7, 0x0, 0xFF18,
  0x8, 0x0, 0xFF19, 0x9, 0x0, 0x10107, 0x1, 0x0,
  0x10108, 0x2, 0x0, 0x10109, 0x3, 0x0, 0x1010A, 0x4,
  0x0, 0x1010B, 0x5, 0x0, 0x1010C, 0x6, 0x0, 0x1010D,
  0x7, 0x0, 0x1010E, 0x8, 0x0, 0x1010F, 0x9, 0x0,
  0x10110, 0xA, 0x0, 0x10111, 0x14, 0x0, 0x10112, 0x1E,
  0x0, 0x10113, 0x28, 0x0, 0x10114, 0x32, 0x0, 0x10115,
  0x3C, 0x0, 0x10116, 0x46, 0x0, 0x10117, 0x50, 0x0,
  0x10118, 0x5A, 0x0, 0x10119, 0x64, 0x0, 0x1011A, 0xC8,
  0x0, 0x1011B, 0x12C, 0x0, 0x1011C, 0x190, 0x0, 0x1011D,
  0x1F4, 0x0, 0x1011E, 0x258, 0x0, 0x1011F, 0x2BC, 0x0,
  0x10120, 0x320, 0x0, 0x10121, 0x384, 0x0, 0x10122, 0x3E8,
  0x0, 0x10123, 0x7D0, 0x0, 0x10124, 0xBB8, 0x0, 0x10125,
  0xFA0, 0x0, 0x10126, 0x1388, 0x0, 0x10127, 0x1770, 0x0,
  0x10128, 0x1B58, 0x0, 0x10129, 0x1F40, 0x0, 0x1012A, 0x2328,
  0x0, 0x1012B, 0x2710, 0x0, 0x1012C, 0x4E20, 0x0, 0x1012D,
  0x7530, 0x0, 0x1012E, 0x9C40, 0x0, 0x1012F, 0xC350, 0x0,
  0x10130, 0xEA60, 0x0, 0x10131, 0x11170, 0x0, 0x10132, 0x13880,
  0x0, 0x10133, 0x15F90, 0x0, 0x10142, 0x1, 0x0, 0x10143,
  0x5, 0x0, 0x10144, 0x32, 0x0, 0x10145, 0x1F4, 0x0,
  0x10146, 0x1388, 0x0, 0x10147, 0xC350, 0x0, 0x10148, 0x5,
  0x0, 0x10149, 0xA, 0x0, 0x1014A, 0x32, 0x0, 0x1014B,
  0x64, 0x0, 0x1014C, 0x1F4, 0x0, 0x1014D, 0x3E8, 0x0,
  0x1014E, 0x1388, 0x0, 0x1014F, 0x5, 0x0, 0x10150, 0xA,
  0x0, 0x10151, 0x32, 0x0, 0x10152, 0x64, 0x0, 0x10153,
  0x1F4, 0x0, 0x10154, 0x3E8, 0x0, 0x10155, 0x2710, 0x0,
  0x10156, 0xC350, 0x0, 0x10157, 0xA, 0x0, 0x10158, 0x1,
  0x0, 0x10159, 0x1, 0x0, 0x1015A, 0x1, 0x0, 0x1015B,
  0x2, 0x0, 0x1015C, 0x2, 0x0, 0x1015D, 0x2, 0x0,
  0x1015E, 0x2, 0x0, 0x1015F, 0x5, 0x0, 0x10160, 0xA,
  0x0, 0x10161, 0xA, 0x0, 0x10162, 0xA, 0x0, 0x10163,
  0xA, 0x0, 0x10164, 0xA, 0x0, 0x10165, 0x1E, 0x0,
  0x10166, 0x32, 0x0, 0x10167, 0x32, 0x0, 0x10168, 0x32,
  0x0, 0x10169, 0x32, 0x0, 0x1016A, 0x64, 0x0, 0x1016B,
  0x12C, 0x0, 0x1016C, 0x1F4, 0x0, 0x1016D, 0x1F4, 0x0,
  0x1016E, 0x1F4, 0x0, 0x1016F, 0x1F4, 0x0, 0x10170, 0x1F4,
  0x0, 0x10171, 0x3E8, 0x0, 0x10172, 0x1388, 0x0, 0x10173,
  0x5, 0x0, 0x10174, 0x32, 0x0, 0x1018A, 0x0, 0x0,
  0x102E1, 0x1, 0x0, 0x102E2, 0x2, 0x0, 0x102E3, 0x3,
  0x0, 0x102E4, 0x4, 0x0, 0x102E5, 0x5, 0x0, 0x102E6,
  0x6, 0x0, 0x102E7, 0x7, 0x0, 0x102E8, 0x8, 0x0,
  0x102E9, 0x9, 0x0, 0x102EA, 0xA, 0x0, 0x102EB, 0x14,
  0x0, 0x102EC, 0x1E, 0x0, 0x102ED, 0x28, 0x0, 0x102EE,
  0x32, 0x0, 0x102EF, 0x3C, 0x0, 0x102F0, 0x46, 0x0,
  0x102F1, 0x50, 0x0, 0x102F2, 0x5A, 0x0, 0x102F3, 0x64,
  0x0, 0x102F4, 0xC8, 0x0, 0x102F5, 0x12C, 0x0, 0x102F6,
  0x190, 0x0, 0x102F7, 0x1F4, 0x0, 0x102F8, 0x258, 0x0,
  0x102F9, 0x2BC, 0x0, 0x102FA, 0x320, 0x0, 0x102FB, 0x384,
  0x0, 0x10320, 0x1, 0x0, 0x10321, 0x5, 0x0, 0x10322,
  0xA, 0x0, 0x10323, 0x32, 0x0, 0x10341, 0x5A, 0x0,
  0x1034A, 0x384, 0x0, 0x103D1, 0x1, 0x0, 0x103D2, 0x2,
  0x0, 0x103D3, 0xA, 0x0, 0x103D4, 0x14, 0x0, 0x103D5,
  0x64, 0x0, 0x104A0, 0x0, 0x0, 0x104A1, 0x1, 0x0,
  0x104A2, 0x2, 0x0, 0x104A3, 0x3, 0x0, 0x104A4, 0x4,
  0x0, 0x104A5, 0x5, 0x0, 0x104A6, 0x6, 0x0, 0x104A7,
  0x7, 0x0, 0x104A8, 0x8, 0x0, 0x104A9, 0x9, 0x0,
  0x10858, 0x1, 0x0, 0x10859, 0x2, 0x0, 0x1085A, 0x3,
  0x0, 0x1085B, 0xA, 0x0, 0x1085C, 0x14, 0x0, 0x1085D,
  0x64, 0x0, 0x1085E, 0x3E8, 0x0, 0x1085F, 0x2710, 0x0,
  0x10879, 0x1, 0x0, 0x1087A, 0x2, 0x0, 0x1087B, 0x3,
  0x0, 0x1087C, 0x4, 0x0, 0x1087D, 0x5, 0x0, 0x1087E,
  0xA, 0x0, 0x1087F, 0x14, 0x0, 0x108A7, 0x1, 0x0,
  0x108A8, 0x2, 0x0, 0x108A9, 0x3, 0x0, 0x108AA, 0x4,
  0x0, 0x108AB, 0x4, 0x0, 0x108AC, 0x5, 0x0, 0x108AD,
  0xA, 0x0, 0x108AE, 0x14, 0x0, 0x108AF, 0x64, 0x0,
  0x108FB, 0x1, 0x0, 0x108FC, 0x5, 0x0, 0x108FD, 0xA,
  0x0, 0x108FE, 0x14, 0x0, 0x108FF, 0x64, 0x0, 0x10916,
  0x1, 0x0, 0x10917, 0xA, 0x0, 0x10918, 0x14, 0x0,
  0x10919, 0x64, 0x0, 0x1091A, 0x2, 0x0, 0x1091B, 0x3,
  0x0, 0x109C0, 0x1, 0x0, 0x109C1, 0x2, 0x0, 0x109C2,
  0x3, 0x0, 0x109C3, 0x4, 0x0, 0x109C4, 0x5, 0x0,
  0x109C5, 0x6, 0x0, 0x109C6, 0x7, 0x0, 0x109C7, 0x8,
  0x0, 0x109C8, 0x9, 0x0, 0x109C9, 0xA, 0x0, 0x109CA,
  0x14, 0x0, 0x109CB, 0x1E, 0x0, 0x109CC, 0x28, 0x0,
  0x109CD, 0x32, 0x0, 0x109CE, 0x3C, 0x0, 0x109CF, 0x46,
  0x0, 0x109D2, 0x64, 0x0, 0x109D3, 0xC8, 0x0, 0x109D4,
  0x12C, 0x0, 0x109D5, 0x190, 0x0, 0x109D6, 0x1F4, 0x0,
  0x109D7, 0x258, 0x0, 0x109D8, 0x2BC, 0x0, 0x109D9, 0x320,
  0x0, 0x109DA, 0x384, 0x0, 0x109DB, 0x3E8, 0x0, 0x109DC,
  0x7D0, 0x0, 0x109DD, 0xBB8, 0x0, 0x109DE, 0xFA0, 0x0,
  0x109DF, 0x1388, 0x0, 0x109E0, 0x1770, 0x0, 0x109E1, 0x1B58,
  0x0, 0x109E2, 0x1F40, 0x0, 0x109E3, 0x2328, 0x0, 0x109E4,
  0x2710, 0x0, 0x109E5, 0x4E20, 0x0, 0x109E6, 0x7530, 0x0,
  0x109E7, 0x9C40, 0x0, 0x109E8, 0xC350, 0x0, 0x109E9, 0xEA60,
  0x0, 0x109EA, 0x11170, 0x0, 0x109EB, 0x13880, 0x0, 0x109EC,
  0x15F90, 0x0, 0x109ED, 0x186A0, 0x0, 0x109EE, 0x30D40, 0x0,
  0x109EF, 0x493E0, 0x0, 0x109F0, 0x61A80, 0x0, 0x109F1, 0x7A120,
  0x0, 0x109F2, 0x927C0, 0x0, 0x109F3, 0xAAE60, 0x0, 0x109F4,
  0xC3500, 0x0, 0x109F5, 0xDBBA0, 0x0, 0x10A40, 0x1, 0x0,
  0x10A41, 0x2, 0x0, 0x10A42, 0x3, 0x0, 0x10A43, 0x4,
  0x0, 0x10A44, 0xA, 0x0, 0x10A45, 0x14, 0x0, 0x10A46,
  0x64, 0x0, 0x10A47, 0x3E8, 0x0, 0x10A7D, 0x1, 0x0,
  0x10A7E, 0x32, 0x0, 0x10A9D, 0x1, 0x0, 0x10A9E, 0xA,
  0x0, 0x10A9F, 0x14, 0x0, 0x10AEB, 0x1, 0x0, 0x10AEC,
  0x5, 0x0, 0x10AED, 0xA, 0x0, 0x10AEE, 0x14, 0x0,
  0x10AEF, 0x64, 0x0, 0x10B58, 0x1, 0x0, 0x10B59, 0x2,
  0x0, 0x10B5A, 0x3, 0x0, 0x10B5B, 0x4, 0x0, 0x10B5C,
  0xA, 0x0, 0x10B5D, 0x14, 0x0, 0x10B5E, 0x64, 0x0,
  0x10B5F, 0x3E8, 0x0, 0x10B78, 0x1, 0x0, 0x10B79, 0x2,
  0x0, 0x10B7A, 0x3, 0x0, 0x10B7B, 0x4, 0x0, 0x10B7C,
  0xA, 0x0, 0x10B7D, 0x14, 0x0, 0x10B7E, 0x64, 0x0,
  0x10B7F, 0x3E8, 0x0, 0x10BA9, 0x1, 0x0, 0x10BAA, 0x2,
  0x0, 0x10BAB, 0x3, 0x0, 0x10BAC, 0x4, 0x0, 0x10BAD,
  0xA, 0x0, 0x10BAE, 0x14, 0x0, 0x10BAF, 0x64, 0x0,
  0x10CFA, 0x1, 0x0, 0x10CFB, 0x5, 0x0, 0x10CFC, 0xA,
  0x0, 0x10CFD, 0x32, 0x0, 0x10CFE, 0x64, 0x0, 0x10CFF,
  0x3E8, 0x0, 0x10D30, 0x0, 0x0, 0x10D31, 0x1, 0x0,
  0x10D32, 0x2, 0x0, 0x10D33, 0x3, 0x0, 0x10D34, 0x4,
  0x0, 0x10D35, 0x5, 0x0, 0x10D36, 0x6, 0x0, 0x10D37,
  0x7, 0x0, 0x10D38, 0x8, 0x0, 0x10D39, 0x9, 0x0,
  0x10D40, 0x0, 0x0, 0x10D41, 0x1, 0x0, 0x10D42, 0x2,
  0x0, 0x10D43, 0x3, 0x0, 0x10D44, 0x4, 0x0, 0x10D45,
  0x5, 0x0, 0x10D46, 0x6, 0x0, 0x10D47, 0x7, 0x0,
  0x10D48, 0x8, 0x0, 0x10D49, 0x9, 0x0, 0x10E60, 0x1,
  0x0, 0x10E61, 0x2, 0x0, 0x10E62, 0x3, 0x0, 0x10E63,
  0x4, 0x0, 0x10E64, 0x5, 0x0, 0x10E65, 0x6, 0x0,
  0x10E66, 0x7, 0x0, 0x10E67, 0x8, 0x0, 0x10E68, 0x9,
  0x0, 0x10E69, 0xA, 0x0, 0x10E6A, 0x14, 0x0, 0x10E6B,
  0x1E, 0x0, 0x10E6C, 0x28, 0x0, 0x10E6D, 0x32, 0x0,
  0x10E6E, 0x3C, 0x0, 0x10E6F, 0x46, 0x0, 0x10E70, 0x50,
  0x0, 0x10E71, 0x5A, 0x0, 0x10E72, 0x64, 0x0, 0x10E73,
  0xC8, 0x0, 0x10E74, 0x12C, 0x0, 0x10E75, 0x190, 0x0,
  0x10E76, 0x1F4, 0x0, 0x10E77, 0x258, 0x0, 0x10E78, 0x2BC,
  0x0, 0x10E79, 0x320, 0x0, 0x10E7A, 0x384, 0x0, 0x10F1D,
  0x1, 0x0, 0x10F1E, 0x2, 0x0, 0x10F1F, 0x3, 0x0,
  0x10F20, 0x4, 0x0, 0x10F21, 0x5, 0x0, 0x10F22, 0xA,
  0x0, 0x10F23, 0x14, 0x0, 0x10F24, 0x1E, 0x0, 0x10F25,
  0x64, 0x0, 0x10F51, 0x1, 0x0, 0x10F52, 0xA, 0x0,
  0x10F53, 0x14, 0x0, 0x10F54, 0x64, 0x0, 0x10FC5, 0x1,
  0x0, 0x10FC6, 0x2, 0x0, 0x10FC7, 0x3, 0x0, 0x10FC8,
  0x4, 0x0, 0x10FC9, 0xA, 0x0, 0x10FCA, 0x14, 0x0,
  0x10FCB, 0x64, 0x0, 0x11052, 0x1, 0x0, 0x11053, 0x2,
  0x0, 0x11054, 0x3, 0x0, 0x11055, 0x4, 0x0, 0x11056,
  0x5, 0x0, 0x11057, 0x6, 0x0, 0x11058, 0x7, 0x0,
  0x11059, 0x8, 0x0, 0x1105A, 0x9, 0x0, 0x1105B, 0xA,
  0x0, 0x1105C, 0x14, 0x0, 0x1105D, 0x1E, 0x0, 0x1105E,
  0x28, 0x0, 0x1105F, 0x32, 0x0, 0x11060, 0x3C, 0x0,
  0x11061, 0x46, 0x0, 0x11062, 0x50, 0x0, 0x11063, 0x5A,
  0x0, 0x11064, 0x64, 0x0, 0x11065, 0x3E8, 0x0, 0x11066,
  0x0, 0x0, 0x11067, 0x1, 0x0, 0x11068, 0x2, 0x0,
  0x11069, 0x3, 0x0, 0x1106A, 0x4, 0x0, 0x1106B, 0x5,
  0x0, 0x1106C, 0x6, 0x0, 0x1106D, 0x7, 0x0, 0x1106E,
  0x8, 0x0, 0x1106F, 0x9, 0x0, 0x110F0, 0x0, 0x0,
  0x110F1, 0x1, 0x0, 0x110F2, 0x2, 0x0, 0x110F3, 0x3,
  0x0, 0x110F4, 0x4, 0x0, 0x110F5, 0x5, 0x0, 0x110F6,
  0x6, 0x0, 0x110F7, 0x7, 0x0, 0x110F8, 0x8, 0x0,
  0x110F9, 0x9, 0x0, 0x11136, 0x0, 0x0, 0x11137, 0x1,
  0x0, 0x11138, 0x2, 0x0, 0x11139, 0x3, 0x0, 0x1113A,
  0x4, 0x0, 0x1113B, 0x5, 0x0, 0x1113C, 0x6, 0x0,
  0x1113D, 0x7, 0x0, 0x1113E, 0x8, 0x0, 0x1113F, 0x9,
  0x0, 0x111D0, 0x0, 0x0, 0x111D1, 0x1, 0x0, 0x111D2,
  0x2, 0x0, 0x111D3, 0x3, 0x0, 0x111D4, 0x4, 0x0,
  0x111D5, 0x5, 0x0, 0x111D6, 0x6, 0x0, 0x111D7, 0x7,
  0x0, 0x111D8, 0x8, 0x0, 0x111D9, 0x9, 0x0, 0x111E1,
  0x1, 0x0, 0x111E2, 0x2, 0x0, 0x111E3, 0x3, 0x0,
  0x111E4, 0x4, 0x0, 0x111E5, 0x5, 0x0, 0x111E6, 0x6,
  0x0, 0x111E7, 0x7, 0x0, 0x111E8, 0x8, 0x0, 0x111E9,
  0x9, 0x0, 0x111EA, 0xA, 0x0, 0x111EB, 0x14, 0x0,
  0x111EC, 0x1E, 0x0, 0x111ED, 0x28, 0x0, 0x111EE, 0x32,
  0x0, 0x111EF, 0x3C, 0x0, 0x111F0, 0x46, 0x0, 0x111F1,
  0x50, 0x0, 0x111F2, 0x5A, 0x0, 0x111F3, 0x64, 0x0,
  0x111F4, 0x3E8, 0x0, 0x112F0, 0x0, 0x0, 0x112F1, 0x1,
  0x0, 0x112F2, 0x2, 0x0, 0x112F3, 0x3, 0x0, 0x112F4,
  0x4, 0x0, 0x112F5, 0x5, 0x0, 0x112F6, 0x6, 0x0,
  0x112F7, 0x7, 0x0, 0x112F8, 0x8, 0x0, 0x112F9, 0x9,
  0x0, 0x11450, 0x0, 0x0, 0x11451, 0x1, 0x0, 0x11452,
  0x2, 0x0, 0x11453, 0x3, 0x0, 0x11454, 0x4, 0x0,
  0x11455, 0x5, 0x0, 0x11456, 0x6, 0x0, 0x11457, 0x7,
  0x0, 0x11458, 0x8, 0x0, 0x11459, 0x9, 0x0, 0x114D0,
  0x0, 0x0, 0x114D1, 0x1, 0x0, 0x114D2, 0x2, 0x0,
  0x114D3, 0x3, 0x0, 0x114D4, 0x4, 0x0, 0x114D5, 0x5,
  0x0, 0x114D6, 0x6, 0x0, 0x114D7, 0x7, 0x0, 0x114D8,
  0x8, 0x0, 0x114D9, 0x9, 0x0, 0x11650, 0x0, 0x0,
  0x11651, 0x1, 0x0, 0x11652, 0x2, 0x0, 0x11653, 0x3,
  0x0, 0x11654, 0x4, 0x0, 0x11655, 0x5, 0x0, 0x11656,
  0x6, 0x0, 0x11657, 0x7, 0x0, 0x11658, 0x8, 0x0,
  0x11659, 0x9, 0x0, 0x116C0, 0x0, 0x0, 0x116C1, 0x1,
  0x0, 0x116C2, 0x2, 0x0, 0x116C3, 0x3, 0x0, 0x116C4,
  0x4, 0x0, 0x116C5, 0x5, 0x0, 0x116C6, 0x6, 0x0,
  0x116C7, 0x7, 0x0, 0x116C8, 0x8, 0x0, 0x116C9, 0x9,
  0x0, 0x116D0, 0x0, 0x0, 0x116D1, 0x1, 0x0, 0x116D2,
  0x2, 0x0, 0x116D3, 0x3, 0x0, 0x116D4, 0x4, 0x0,
  0x116D5, 0x5, 0x0, 0x116D6, 0x6, 0x0, 0x116D7, 0x7,
  0x0, 0x116D8, 0x8, 0x0, 0x116D9, 0x9, 0x0, 0x116DA,
  0x0, 0x0, 0x116DB, 0x1, 0x0, 0x116DC, 0x2, 0x0,
  0x116DD, 0x3, 0x0, 0x116DE, 0x4, 0x0, 0x116DF, 0x5,
  0x0, 0x116E0, 0x6, 0x0, 0x116E1, 0x7, 0x0, 0x116E2,
  0x8, 0x0, 0x116E3, 0x9, 0x0, 0x11730, 0x0, 0x0,
  0x11731, 0x1, 0x0, 0x11732, 0x2, 0x0, 0x11733, 0x3,
  0x0, 0x11734, 0x4, 0x0, 0x11735, 0x5, 0x0, 0x11736,
  0x6, 0x0, 0x11737, 0x7, 0x0, 0x11738, 0x8, 0x0,
  0x11739, 0x9, 0x0, 0x1173A, 0xA, 0x0, 0x1173B, 0x14,
  0x0, 0x118E0, 0x0, 0x0, 0x118E1, 0x1, 0x0, 0x118E2,
  0x2, 0x0, 0x118E3, 0x3, 0x0, 0x118E4, 0x4, 0x0,
  0x118E5, 0x5, 0x0, 0x118E6, 0x6, 0x0, 0x118E7, 0x7,
  0x0, 0x118E8, 0x8, 0x0, 0x118E9, 0x9, 0x0, 0x118EA,
  0xA, 0x0, 0x118EB, 0x14, 0x0, 0x118EC, 0x1E, 0x0,
  0x118ED, 0x28, 0x0, 0x118EE, 0x32, 0x0, 0x118EF, 0x3C,
  0x0, 0x118F0, 0x46, 0x0, 0x118F1, 0x50, 0x0, 0x118F2,
  0x5A, 0x0, 0x11950, 0x0, 0x0, 0x11951, 0x1, 0x0,
  0x11952, 0x2, 0x0, 0x11953, 0x3, 0x0, 0x11954, 0x4,
  0x0, 0x11955, 0x5, 0x0, 0x11956, 0x6, 0x0, 0x11957,
  0x7, 0x0, 0x11958, 0x8, 0x0, 0x11959, 0x9, 0x0,
  0x11BF0, 0x0, 0x0, 0x11BF1, 0x1, 0x0, 0x11BF2, 0x2,
  0x0, 0x11BF3, 0x3, 0x0, 0x11BF4, 0x4, 0x0, 0x11BF5,
  0x5, 0x0, 0x11BF6, 0x6, 0x0, 0x11BF7, 0x7, 0x0,
  0x11BF8, 0x8, 0x0, 0x11BF9, 0x9, 0x0, 0x11C50, 0x0,
  0x0, 0x11C51, 0x1, 0x0, 0x11C52, 0x2, 0x0, 0x11C53,
  0x3, 0x0, 0x11C54, 0x4, 0x0, 0x11C55, 0x5, 0x0,
  0x11C56, 0x6, 0x0, 0x11C57, 0x7, 0x0, 0x11C58, 0x8,
  0x0, 0x11C59, 0x9, 0x0, 0x11C5A, 0x1, 0x0, 0x11C5B,
  0x2, 0x0, 0x11C5C, 0x3, 0x0, 0x11C5D, 0x4, 0x0,
  0x11C5E, 0x5, 0x0, 0x11C5F, 0x6, 0x0, 0x11C60, 0x7,
  0x0, 0x11C61, 0x8, 0x0, 0x11C62, 0x9, 0x0, 0x11C63,
  0xA, 0x0, 0x11C64, 0x14, 0x0, 0x11C65, 0x1E, 0x0,
  0x11C66, 0x28, 0x0, 0x11C67, 0x32, 0x0, 0x11C68, 0x3C,
  0x0, 0x11C69, 0x46, 0x0, 0x11C6A, 0x50, 0x0, 0x11C6B,
  0x5A, 0x0, 0x11C6C, 0x64, 0x0, 0x11D50, 0x0, 0x0,
  0x11D51, 0x1, 0x0, 0x11D52, 0x2, 0x0, 0x11D53, 0x3,
  0x0, 0x11D54, 0x4, 0x0, 0x11D55, 0x5, 0x0, 0x11D56,
  0x6, 0x0, 0x11D57, 0x7, 0x0, 0x11D58, 0x8, 0x0,
  0x11D59, 0x9, 0x0, 0x11DA0, 0x0, 0x0, 0x11DA1, 0x1,
  0x0, 0x11DA2, 0x2, 0x0, 0x11DA3, 0x3, 0x0, 0x11DA4,
  0x4, 0x0, 0x11DA5, 0x5, 0x0, 0x11DA6, 0x6, 0x0,
  0x11DA7, 0x7, 0x0, 0x11DA8, 0x8, 0x0, 0x11DA9, 0x9,
  0x0, 0x11DE0, 0x0, 0x0, 0x11DE1, 0x1, 0x0, 0x11DE2,
  0x2, 0x0, 0x11DE3, 0x3, 0x0, 0x11DE4, 0x4, 0x0,
  0x11DE5, 0x5, 0x0, 0x11DE6, 0x6, 0x0, 0x11DE7, 0x7,
  0x0, 0x11DE8, 0x8, 0x0, 0x11DE9, 0x9, 0x0, 0x11F50,
  0x0, 0x0, 0x11F51, 0x1, 0x0, 0x11F52, 0x2, 0x0,
  0x11F53, 0x3, 0x0, 0x11F54, 0x4, 0x0, 0x11F55, 0x5,
  0x0, 0x11F56, 0x6, 0x0, 0x11F57, 0x7, 0x0, 0x11F58,
  0x8, 0x0, 0x11F59, 0x9, 0x0, 0x12038, 0x1, 0x0,
  0x12039, 0x1, 0x0, 0x12079, 0x1, 0x0, 0x1222B, 0x2,
  0x0, 0x1230B, 0x1, 0x0, 0x1230D, 0x3, 0x0, 0x12399,
  0x2, 0x0, 0x12400, 0x2, 0x0, 0x12401, 0x3, 0x0,
  0x12402, 0x4, 0x0, 0x12403, 0x5, 0x0, 0x12404, 0x6,
  0x0, 0x12405, 0x7, 0x0, 0x12406, 0x8, 0x0, 0x12407,
  0x9, 0x0, 0x12408, 0x3, 0x0, 0x12409, 0x4, 0x0,
  0x1240A, 0x5, 0x0, 0x1240B, 0x6, 0x0, 0x1240C, 0x7,
  0x0, 0x1240D, 0x8, 0x0, 0x1240E, 0x9, 0x0, 0x1240F,
  0x4, 0x0, 0x12410, 0x5, 0x0, 0x12411, 0x6, 0x0,
  0x12412, 0x7, 0x0, 0x12413, 0x8, 0x0, 0x12414, 0x9,
  0x0, 0x12415, 0x1, 0x0, 0x12416, 0x2, 0x0, 0x12417,
  0x3, 0x0, 0x12418, 0x4, 0x0, 0x12419, 0x5, 0x0,
  0x1241A, 0x6, 0x0, 0x1241B, 0x7, 0x0, 0x1241C, 0x8,
  0x0, 0x1241D, 0x9, 0x0, 0x1241E, 0x1, 0x0, 0x1241F,
  0x2, 0x0, 0x12420, 0x3, 0x0, 0x12421, 0x4, 0x0,
  0x12422, 0x5, 0x0, 0x12423, 0x2, 0x0, 0x12424, 0x3,
  0x0, 0x12425, 0x3, 0x0, 0x12426, 0x4, 0x0, 0x12427,
  0x5, 0x0, 0x12428, 0x6, 0x0, 0x12429, 0x7, 0x0,
  0x1242A, 0x8, 0x0, 0x1242B, 0x9, 0x0, 0x1242C, 0x1,
  0x0, 0x1242D, 0x2, 0x0, 0x1242E, 0x3, 0x0, 0x1242F,
  0x3, 0x0, 0x12430, 0x4, 0x0, 0x12431, 0x5, 0x0,
  0x12432, 0x34BC0, 0x0, 0x12433, 0x69780, 0x0, 0x12434, 0x1,
  0x0, 0x12435, 0x2, 0x0, 0x12436, 0x3, 0x0, 0x12437,
  0x3, 0x0, 0x12438, 0x4, 0x0, 0x12439, 0x5, 0x0,
  0x1243A, 0x3, 0x0, 0x1243B, 0x3, 0x0, 0x1243C, 0x4,
  0x0, 0x1243D, 0x4, 0x0, 0x1243E, 0x4, 0x0, 0x1243F,
  0x4, 0x0, 0x12440, 0x6, 0x0, 0x12441, 0x7, 0x0,
  0x12442, 0x7, 0x0, 0x12443, 0x7, 0x0, 0x12444, 0x8,
  0x0, 0x12445, 0x8, 0x0, 0x12446, 0x9, 0x0, 0x12447,
  0x9, 0x0, 0x12448, 0x9, 0x0, 0x12449, 0x9, 0x0,
  0x1244A, 0x2, 0x0, 0x1244B, 0x3, 0x0, 0x1244C, 0x4,
  0x0, 0x1244D, 0x5, 0x0, 0x1244E, 0x6, 0x0, 0x1244F,
  0x1, 0x0, 0x12450, 0x2, 0x0, 0x12451, 0x3, 0x0,
  0x12452, 0x4, 0x0, 0x12453, 0x4, 0x0, 0x12454, 0x5,
  0x0, 0x12455, 0x5, 0x0, 0x12456, 0x2, 0x0, 0x12457,
  0x3, 0x0, 0x12458, 0x1, 0x0, 0x12459, 0x2, 0x0,
  0x12467, 0x28, 0x0, 0x12468, 0x32, 0x0, 0x12469, 0x4,
  0x0, 0x1246A, 0x5, 0x0, 0x1246B, 0x6, 0x0, 0x1246C,
  0x7, 0x0, 0x1246D, 0x8, 0x0, 0x1246E, 0x9, 0x0,
  0x16130, 0x0, 0x0, 0x16131, 0x1, 0x0, 0x16132, 0x2,
  0x0, 0x16133, 0x3, 0x0, 0x16134, 0x4, 0x0, 0x16135,
  0x5, 0x0, 0x16136, 0x6, 0x0, 0x16137, 0x7, 0x0,
  0x16138, 0x8, 0x0, 0x16139, 0x9, 0x0, 0x16A60, 0x0,
  0x0, 0x16A61, 0x1, 0x0, 0x16A62, 0x2, 0x0, 0x16A63,
  0x3, 0x0, 0x16A64, 0x4, 0x0, 0x16A65, 0x5, 0x0,
  0x16A66, 0x6, 0x0, 0x16A67, 0x7, 0x0, 0x16A68, 0x8,
  0x0, 0x16A69, 0x9, 0x0, 0x16AC0, 0x0, 0x0, 0x16AC1,
  0x1, 0x0, 0x16AC2, 0x2, 0x0, 0x16AC3, 0x3, 0x0,
  0x16AC4, 0x4, 0x0, 0x16AC5, 0x5, 0x0, 0x16AC6, 0x6,
  0x0, 0x16AC7, 0x7, 0x0, 0x16AC8, 0x8, 0x0, 0x16AC9,
  0x9, 0x0, 0x16B50, 0x0, 0x0, 0x16B51, 0x1, 0x0,
  0x16B52, 0x2, 0x0, 0x16B53, 0x3, 0x0, 0x16B54, 0x4,
  0x0, 0x16B55, 0x5, 0x0, 0x16B56, 0x6, 0x0, 0x16B57,
  0x7, 0x0, 0x16B58, 0x8, 0x0, 0x16B59, 0x9, 0x0,
  0x16B5B, 0xA, 0x0, 0x16B5C, 0x64, 0x0, 0x16B5D, 0x2710,
  0x0, 0x16B5E, 0xF4240, 0x0, 0x16B5F, 0x5F5E100, 0x0, 0x16B60,
  0x540BE400, 0x2, 0x16B61, 0xD4A51000, 0xE8, 0x16D70, 0x0, 0x0,
  0x16D71, 0x1, 0x0, 0x16D72, 0x2, 0x0, 0x16D73, 0x3,
  0x0, 0x16D74, 0x4, 0x0, 0x16D75, 0x5, 0x0, 0x16D76,
  0x6, 0x0, 0x16D77, 0x7, 0x0, 0x16D78, 0x8, 0x0,
  0x16D79, 0x9, 0x0, 0x16E80, 0x0, 0x0, 0x16E81, 0x1,
  0x0, 0x16E82, 0x2, 0x0, 0x16E83, 0x3, 0x0, 0x16E84,
  0x4, 0x0, 0x16E85, 0x5, 0x0, 0x16E86, 0x6, 0x0,
  0x16E87, 0x7, 0x0, 0x16E88, 0x8, 0x0, 0x16E89, 0x9,
  0x0, 0x16E8A, 0xA, 0x0, 0x16E8B, 0xB, 0x0, 0x16E8C,
  0xC, 0x0, 0x16E8D, 0xD, 0x0, 0x16E8E, 0xE, 0x0,
  0x16E8F, 0xF, 0x0, 0x16E90, 0x10, 0x0, 0x16E91, 0x11,
  0x0, 0x16E92, 0x12, 0x0, 0x16E93, 0x13, 0x0, 0x16E94,
  0x1, 0x0, 0x16E95, 0x2, 0x0, 0x16E96, 0x3, 0x0,
  0x16FF4, 0x1, 0x0, 0x16FF6, 0x2, 0x0, 0x1CCF0, 0x0,
  0x0, 0x1CCF1, 0x1, 0x0, 0x1CCF2, 0x2, 0x0, 0x1CCF3,
  0x3, 0x0, 0x1CCF4, 0x4, 0x0, 0x1CCF5, 0x5, 0x0,
  0x1CCF6, 0x6, 0x0, 0x1CCF7, 0x7, 0x0, 0x1CCF8, 0x8,
  0x0, 0x1CCF9, 0x9, 0x0, 0x1D2C0, 0x0, 0x0, 0x1D2C1,
  0x1, 0x0, 0x1D2C2, 0x2, 0x0, 0x1D2C3, 0x3, 0x0,
  0x1D2C4, 0x4, 0x0, 0x1D2C5, 0x5, 0x0, 0x1D2C6, 0x6,
  0x0, 0x1D2C7, 0x7, 0x0, 0x1D2C8, 0x8, 0x0, 0x1D2C9,
  0x9, 0x0, 0x1D2CA, 0xA, 0x0, 0x1D2CB, 0xB, 0x0,
  0x1D2CC, 0xC, 0x0, 0x1D2CD, 0xD, 0x0, 0x1D2CE, 0xE,
  0x0, 0x1D2CF, 0xF, 0x0, 0x1D2D0, 0x10, 0x0, 0x1D2D1,
  0x11, 0x0, 0x1D2D2, 0x12, 0x0, 0x1D2D3, 0x13, 0x0,
  0x1D2E0, 0x0, 0x0, 0x1D2E1, 0x1, 0x0, 0x1D2E2, 0x2,
  0x0, 0x1D2E3, 0x3, 0x0, 0x1D2E4, 0x4, 0x0, 0x1D2E5,
  0x5, 0x0, 0x1D2E6, 0x6, 0x0, 0x1D2E7, 0x7, 0x0,
  0x1D2E8, 0x8, 0x0, 0x1D2E9, 0x9, 0x0, 0x1D2EA, 0xA,
  0x0, 0x1D2EB, 0xB, 0x0, 0x1D2EC, 0xC, 0x0, 0x1D2ED,
  0xD, 0x0, 0x1D2EE, 0xE, 0x0, 0x1D2EF, 0xF, 0x0,
  0x1D2F0, 0x10, 0x0, 0x1D2F1, 0x11, 0x0, 0x1D2F2, 0x12,
  0x0, 0x1D2F3, 0x13, 0x0, 0x1D360, 0x1, 0x0, 0x1D361,
  0x2, 0x0, 0x1D362, 0x3, 0x0, 0x1D363, 0x4, 0x0,
  0x1D364, 0x5, 0x0, 0x1D365, 0x6, 0x0, 0x1D366, 0x7,
  0x0, 0x1D367, 0x8, 0x0, 0x1D368, 0x9, 0x0, 0x1D369,
  0xA, 0x0, 0x1D36A, 0x14, 0x0, 0x1D36B, 0x1E, 0x0,
  0x1D36C, 0x28, 0x0, 0x1D36D, 0x32, 0x0, 0x1D36E, 0x3C,
  0x0, 0x1D36F, 0x46, 0x0, 0x1D370, 0x50, 0x0, 0x1D371,
  0x5A, 0x0, 0x1D372, 0x1, 0x0, 0x1D373, 0x2, 0x0,
  0x1D374, 0x3, 0x0, 0x1D375, 0x4, 0x0, 0x1D376, 0x5,
  0x0, 0x1D377, 0x1, 0x0, 0x1D378, 0x5, 0x0, 0x1D7CE,
  0x0, 0x0, 0x1D7CF, 0x1, 0x0, 0x1D7D0, 0x2, 0x0,
  0x1D7D1, 0x3, 0x0, 0x1D7D2, 0x4, 0x0, 0x1D7D3, 0x5,
  0x0, 0x1D7D4, 0x6, 0x0, 0x1D7D5, 0x7, 0x0, 0x1D7D6,
  0x8, 0x0, 0x1D7D7, 0x9, 0x0, 0x1D7D8, 0x0, 0x0,
  0x1D7D9, 0x1, 0x0, 0x1D7DA, 0x2, 0x0, 0x1D7DB, 0x3,
  0x0, 0x1D7DC, 0x4, 0x0, 0x1D7DD, 0x5, 0x0, 0x1D7DE,
  0x6, 0x0, 0x1D7DF, 0x7, 0x0, 0x1D7E0, 0x8, 0x0,
  0x1D7E1, 0x9, 0x0, 0x1D7E2, 0x0, 0x0, 0x1D7E3, 0x1,
  0x0, 0x1D7E4, 0x2, 0x0, 0x1D7E5, 0x3, 0x0, 0x1D7E6,
  0x4, 0x0, 0x1D7E7, 0x5, 0x0, 0x1D7E8, 0x6, 0x0,
  0x1D7E9, 0x7, 0x0, 0x1D7EA, 0x8, 0x0, 0x1D7EB, 0x9,
  0x0, 0x1D7EC, 0x0, 0x0, 0x1D7ED, 0x1, 0x0, 0x1D7EE,
  0x2, 0x0, 0x1D7EF, 0x3, 0x0, 0x1D7F0, 0x4, 0x0,
  0x1D7F1, 0x5, 0x0, 0x1D7F2, 0x6, 0x0, 0x1D7F3, 0x7,
  0x0, 0x1D7F4, 0x8, 0x0, 0x1D7F5, 0x9, 0x0, 0x1D7F6,
  0x0, 0x0, 0x1D7F7, 0x1, 0x0, 0x1D7F8, 0x2, 0x0,
  0x1D7F9, 0x3, 0x0, 0x1D7FA, 0x4, 0x0, 0x1D7FB, 0x5,
  0x0, 0x1D7FC, 0x6, 0x0, 0x1D7FD, 0x7, 0x0, 0x1D7FE,
  0x8, 0x0, 0x1D7FF, 0x9, 0x0, 0x1E140, 0x0, 0x0,
  0x1E141, 0x1, 0x0, 0x1E142, 0x2, 0x0, 0x1E143, 0x3,
  0x0, 0x1E144, 0x4, 0x0, 0x1E145, 0x5, 0x0, 0x1E146,
  0x6, 0x0, 0x1E147, 0x7, 0x0, 0x1E148, 0x8, 0x0,
  0x1E149, 0x9, 0x0, 0x1E2F0, 0x0, 0x0, 0x1E2F1, 0x1,
  0x0, 0x1E2F2, 0x2, 0x0, 0x1E2F3, 0x3, 0x0, 0x1E2F4,
  0x4, 0x0, 0x1E2F5, 0x5, 0x0, 0x1E2F6, 0x6, 0x0,
  0x1E2F7, 0x7, 0x0, 0x1E2F8, 0x8, 0x0, 0x1E2F9, 0x9,
  0x0, 0x1E4F0, 0x0, 0x0, 0x1E4F1, 0x1, 0x0, 0x1E4F2,
  0x2, 0x0, 0x1E4F3, 0x3, 0x0, 0x1E4F4, 0x4, 0x0,
  0x1E4F5, 0x5, 0x0, 0x1E4F6, 0x6, 0x0, 0x1E4F7, 0x7,
  0x0, 0x1E4F8, 0x8, 0x0, 0x1E4F9, 0x9, 0x0, 0x1E5F1,
  0x0, 0x0, 0x1E5F2, 0x1, 0x0, 0x1E5F3, 0x2, 0x0,
  0x1E5F4, 0x3, 0x0, 0x1E5F5, 0x4, 0x0, 0x1E5F6, 0x5,
  0x0, 0x1E5F7, 0x6, 0x0, 0x1E5F8, 0x7, 0x0, 0x1E5F9,
  0x8, 0x0, 0x1E5FA, 0x9, 0x0, 0x1E8C7, 0x1, 0x0,
  0x1E8C8, 0x2, 0x0, 0x1E8C9, 0x3, 0x0, 0x1E8CA, 0x4,
  0x0, 0x1E8CB, 0x5, 0x0, 0x1E8CC, 0x6, 0x0, 0x1E8CD,
  0x7, 0x0, 0x1E8CE, 0x8, 0x0, 0x1E8CF, 0x9, 0x0,
  0x1E950, 0x0, 0x0, 0x1E951, 0x1, 0x0, 0x1E952, 0x2,
  0x0, 0x1E953, 0x3, 0x0, 0x1E954, 0x4, 0x0, 0x1E955,
  0x5, 0x0, 0x1E956, 0x6, 0x0, 0x1E957, 0x7, 0x0,
  0x1E958, 0x8, 0x0, 0x1E959, 0x9, 0x0, 0x1EC71, 0x1,
  0x0, 0x1EC72, 0x2, 0x0, 0x1EC73, 0x3, 0x0, 0x1EC74,
  0x4, 0x0, 0x1EC75, 0x5, 0x0, 0x1EC76, 0x6, 0x0,
  0x1EC77, 0x7, 0x0, 0x1EC78, 0x8, 0x0, 0x1EC79, 0x9,
  0x0, 0x1EC7A, 0xA, 0x0, 0x1EC7B, 0x14, 0x0, 0x1EC7C,
  0x1E, 0x0, 0x1EC7D, 0x28, 0x0, 0x1EC7E, 0x32, 0x0,
  0x1EC7F, 0x3C, 0x0, 0x1EC80, 0x46, 0x0, 0x1EC81, 0x50,
  0x0, 0x1EC82, 0x5A, 0x0, 0x1EC83, 0x64, 0x0, 0x1EC84,
  0xC8, 0x0, 0x1EC85, 0x12C, 0x0, 0x1EC86, 0x190, 0x0,
  0x1EC87, 0x1F4, 0x0, 0x1EC88, 0x258, 0x0, 0x1EC89, 0x2BC,
  0x0, 0x1EC8A, 0x320, 0x0, 0x1EC8B, 0x384, 0x0, 0x1EC8C,
  0x3E8, 0x0, 0x1EC8D, 0x7D0, 0x0, 0x1EC8E, 0xBB8, 0x0,
  0x1EC8F, 0xFA0, 0x0, 0x1EC90, 0x1388, 0x0, 0x1EC91, 0x1770,
  0x0, 0x1EC92, 0x1B58, 0x0, 0x1EC93, 0x1F40, 0x0, 0x1EC94,
  0x2328, 0x0, 0x1EC95, 0x2710, 0x0, 0x1EC96, 0x4E20, 0x0,
  0x1EC97, 0x7530, 0x0, 0x1EC98, 0x9C40, 0x0, 0x1EC99, 0xC350,
  0x0, 0x1EC9A, 0xEA60, 0x0, 0x1EC9B, 0x11170, 0x0, 0x1EC9C,
  0x13880, 0x0, 0x1EC9D, 0x15F90, 0x0, 0x1EC9E, 0x186A0, 0x0,
  0x1EC9F, 0x30D40, 0x0, 0x1ECA0, 0x186A0, 0x0, 0x1ECA1, 0x989680,
  0x0, 0x1ECA2, 0x1312D00, 0x0, 0x1ECA3, 0x1, 0x0, 0x1ECA4,
  0x2, 0x0, 0x1ECA5, 0x3, 0x0, 0x1ECA6, 0x4, 0x0,
  0x1ECA7, 0x5, 0x0, 0x1ECA8, 0x6, 0x0, 0x1ECA9, 0x7,
  0x0, 0x1ECAA, 0x8, 0x0, 0x1ECAB, 0x9, 0x0, 0x1ECB1,
  0x1, 0x0, 0x1ECB2, 0x2, 0x0, 0x1ECB3, 0x2710, 0x0,
  0x1ECB4, 0x186A0, 0x0, 0x1ED01, 0x1, 0x0, 0x1ED02, 0x2,
  0x0, 0x1ED03, 0x3, 0x0, 0x1ED04, 0x4, 0x0, 0x1ED05,
  0x5, 0x0, 0x1ED06, 0x6, 0x0, 0x1ED07, 0x7, 0x0,
  0x1ED08, 0x8, 0x0, 0x1ED09, 0x9, 0x0, 0x1ED0A, 0xA,
  0x0, 0x1ED0B, 0x14, 0x0, 0x1ED0C, 0x1E, 0x0, 0x1ED0D,
  0x28, 0x0, 0x1ED0E, 0x32, 0x0, 0x1ED0F, 0x3C, 0x0,
  0x1ED10, 0x46, 0x0, 0x1ED11, 0x50, 0x0, 0x1ED12, 0x5A,
  0x0, 0x1ED13, 0x64, 0x0, 0x1ED14, 0xC8, 0x0, 0x1ED15,
  0x12C, 0x0, 0x1ED16, 0x190, 0x0, 0x1ED17, 0x1F4, 0x0,
  0x1ED18, 0x258, 0x0, 0x1ED19, 0x2BC, 0x0, 0x1ED1A, 0x320,
  0x0, 0x1ED1B, 0x384, 0x0, 0x1ED1C, 0x3E8, 0x0, 0x1ED1D,
  0x7D0, 0x0, 0x1ED1E, 0xBB8, 0x0, 0x1ED1F, 0xFA0, 0x0,
  0x1ED20, 0x1388, 0x0, 0x1ED21, 0x1770, 0x0, 0x1ED22, 0x1B58,
  0x0, 0x1ED23, 0x1F40, 0x0, 0x1ED24, 0x2328, 0x0, 0x1ED25,
  0x2710, 0x0, 0x1ED26, 0x4E20, 0x0, 0x1ED27, 0x7530, 0x0,
  0x1ED28, 0x9C40, 0x0, 0x1ED29, 0xC350, 0x0, 0x1ED2A, 0xEA60,
  0x0, 0x1ED2B, 0x11170, 0x0, 0x1ED2C, 0x13880, 0x0, 0x1ED2D,
  0x15F90, 0x0, 0x1ED2F, 0x2, 0x0, 0x1ED30, 0x3, 0x0,
  0x1ED31, 0x4, 0x0, 0x1ED32, 0x5, 0x0, 0x1ED33, 0x6,
  0x0, 0x1ED34, 0x7, 0x0, 0x1ED35, 0x8, 0x0, 0x1ED36,
  0x9, 0x0, 0x1ED37, 0xA, 0x0, 0x1ED38, 0x190, 0x0,
  0x1ED39, 0x258, 0x0, 0x1ED3A, 0x7D0, 0x0, 0x1ED3B, 0x2710,
  0x0, 0x1F100, 0x0, 0x0, 0x1F101, 0x0, 0x0, 0x1F102,
  0x1, 0x0, 0x1F103, 0x2, 0x0, 0x1F104, 0x3, 0x0,
  0x1F105, 0x4, 0x0, 0x1F106, 0x5, 0x0, 0x1F107, 0x6,
  0x0, 0x1F108, 0x7, 0x0, 0x1F109, 0x8, 0x0, 0x1F10A,
  0x9, 0x0, 0x1F10B, 0x0, 0x0, 0x1F10C, 0x0, 0x0,
  0x1FBF0, 0x0, 0x0, 0x1FBF1, 0x1, 0x0, 0x1FBF2, 0x2,
  0x0, 0x1FBF3, 0x3, 0x0, 0x1FBF4, 0x4, 0x0, 0x1FBF5,
  0x5, 0x0, 0x1FBF6, 0x6, 0x0, 0x1FBF7, 0x7, 0x0,
  0x1FBF8, 0x8, 0x0, 0x1FBF9, 0x9, 0x0, 0x20001, 0x7,
  0x0, 0x20064, 0x4, 0x0, 0x200E2, 0x4, 0x0, 0x20121,
  0x5, 0x0, 0x2092A, 0x1, 0x0, 0x20983, 0x1E, 0x0,
  0x2098C, 0x28, 0x0, 0x2099C, 0x28, 0x0, 0x20AEA, 0x6,
  0x0, 0x20AFD, 0x3, 0x0, 0x20B19, 0x3, 0x0, 0x22390,
  0x2, 0x0, 0x22998, 0x3, 0x0, 0x23B1B, 0x3, 0x0,
  0x2626D, 0x4, 0x0, 0x2F890, 0x9, 0x0,
};

} // namespace vertex::ucd
